zas023/JdBuyer,whoisbot,1,1,0,0,0,0,0,0,0,0,0,0,0,0,[2]
zas023/JdBuyer,Arakung,1,0,0,0,0,0,0,0,0,0,0,0,0,0,[1]
zas023/JdBuyer,yuganglidemao,1,0,0,0,0,0,0,0,0,0,0,0,0,0,[1]
zas023/JdBuyer,SeniorZhai,1,0,0,0,0,0,0,0,0,0,0,0,0,0,[1]
zas023/JdBuyer,EGsnn,0,0,1,0,0,0,0,0,0,0,0,0,0,0,[1]
zas023/JdBuyer,yyj912838423,1,0,0,0,0,0,0,0,0,0,0,0,0,0,[1]
zas023/JdBuyer,LiangYP666,1,0,0,0,0,0,0,0,0,0,0,0,0,0,[1]
zas023/JdBuyer,NullLimite,1,0,0,0,0,0,0,0,0,0,0,0,0,0,[1]
zas023/JdBuyer,postunit,1,0,0,0,0,0,0,0,0,0,0,0,0,0,[1]
zas023/JdBuyer,mdss426,0,1,0,0,0,0,0,0,0,0,0,0,0,0,[1]
zas023/JdBuyer,jadelin1,1,0,0,0,0,0,0,0,0,0,0,0,0,0,[1]
zas023/JdBuyer,shellmanme,1,0,0,0,0,0,0,0,0,0,0,0,0,0,[1]
zas023/JdBuyer,xinxundong,1,0,0,0,0,0,0,0,0,0,0,0,0,0,[1]
zas023/JdBuyer,daydayupdaydayup,1,0,0,0,0,0,0,0,0,0,0,0,0,0,[1]
zas023/JdBuyer,Coommy,1,0,0,0,0,0,0,0,0,0,0,0,0,0,[1]
zas023/JdBuyer,cat-kun,0,0,0,1,0,0,0,0,0,0,0,0,0,0,[1]
zas023/JdBuyer,fengshgx,1,1,0,0,0,0,0,0,0,0,0,0,0,0,[2]
zas023/JdBuyer,Joy-yuhuan,0,1,0,0,0,0,0,0,0,0,0,0,0,0,[1]
zas023/JdBuyer,Kaguya233qwq,1,0,0,0,0,0,0,0,0,0,0,0,0,0,[1]
zas023/JdBuyer,yaeljiao,1,0,0,0,0,0,0,0,0,0,0,0,0,0,[1]
zas023/JdBuyer,577092689,0,1,0,0,0,0,0,0,0,0,0,0,0,0,[1]
zas023/JdBuyer,victorlin668,1,0,0,0,0,0,0,0,0,0,0,0,0,0,[1]
zas023/JdBuyer,ydz777,1,0,0,0,0,0,0,0,0,0,0,0,0,0,[1]
zas023/JdBuyer,yudeng101,1,1,0,0,0,0,0,0,0,0,0,0,0,0,[2]
zas023/JdBuyer,aofalyb,1,1,0,0,0,0,0,0,0,0,0,0,0,0,[2]
zas023/JdBuyer,kyopaul,1,0,0,0,0,0,0,0,0,0,0,0,0,0,[1]
zas023/JdBuyer,Hualoong,1,0,0,0,0,0,0,0,0,0,0,0,0,0,[1]
zas023/JdBuyer,1iver,1,0,0,0,0,0,0,0,0,0,0,0,0,0,[1]
zas023/JdBuyer,ericliu202208,0,1,0,0,0,0,0,0,0,0,0,0,0,0,[1]
