NvChad/NvChad,Azkaas,0,1,0,0,0,0,0,0,0,0,0,0,0,0,[1]
NvChad/NvChad,pjvds,1,0,0,0,0,0,0,0,0,0,0,0,0,0,[1]
NvChad/NvChad,lynerlok,0,0,3,1,0,0,0,0,0,0,0,0,0,0,[4]
NvChad/NvChad,dmpichugin,1,0,0,0,0,0,0,0,0,0,0,0,0,0,[1]
NvChad/NvChad,siduck,0,0,13,6,1,1,0,0,0,0,0,0,0,0,[21]
NvChad/NvChad,Basile-LAMOTTE,1,0,0,0,0,0,0,0,0,0,0,0,0,0,[1]
NvChad/NvChad,AppleBoiy,0,1,0,0,0,0,0,0,0,0,0,0,0,0,[1]
NvChad/NvChad,juniorbotelho,1,0,0,0,0,0,0,0,0,0,0,0,0,0,[1]
NvChad/NvChad,JesusChristIAMGOD,1,0,0,0,0,0,0,0,0,0,0,0,0,0,[1]
NvChad/NvChad,maxdzyubak,1,0,0,0,0,0,0,0,0,0,0,0,0,0,[1]
NvChad/NvChad,n6v26r,1,0,0,0,0,0,0,0,0,0,0,0,0,0,[1]
NvChad/NvChad,AdamShi,1,0,0,0,0,0,0,0,0,0,0,0,0,0,[1]
NvChad/NvChad,nicognaW,1,0,0,0,0,0,0,0,0,0,0,0,0,0,[1]
NvChad/NvChad,Hecatoncheir,1,0,0,0,0,0,0,0,0,0,0,0,0,0,[1]
NvChad/NvChad,sqfzy,1,0,0,0,0,0,0,0,0,0,0,0,0,0,[1]
NvChad/NvChad,pwnwriter,0,0,1,0,0,0,0,0,0,0,0,0,0,0,[1]
NvChad/NvChad,Kadekuru,1,0,0,0,0,0,0,0,0,0,0,0,0,0,[1]
NvChad/NvChad,nezzynaz,1,0,0,0,0,0,0,0,0,0,0,0,0,0,[1]
NvChad/NvChad,veici,1,0,0,0,0,0,0,0,0,0,0,0,0,0,[1]
NvChad/NvChad,mpsaavedra,0,1,0,0,0,0,0,0,0,0,0,0,0,0,[1]
NvChad/NvChad,MigeruDev,1,0,0,0,0,0,0,0,0,0,0,0,0,0,[1]
NvChad/NvChad,IamHARSHDABAS,1,1,0,0,0,0,0,0,0,0,0,0,0,0,[2]
NvChad/NvChad,Andreius-14,0,1,0,0,0,0,0,0,0,0,0,0,0,0,[1]
NvChad/NvChad,tusharxoxoxo,1,0,0,0,0,0,0,0,0,0,0,0,0,0,[1]
NvChad/NvChad,anfimovdm,1,0,0,0,0,0,0,0,0,0,0,0,0,0,[1]
NvChad/NvChad,LectorNoticio,1,0,0,0,0,0,0,0,0,0,0,0,0,0,[1]
NvChad/NvChad,taylorgreig,1,0,0,0,0,0,0,0,0,0,0,0,0,0,[1]
NvChad/NvChad,KeaCluster,1,0,0,0,0,0,0,0,0,0,0,0,0,0,[1]
NvChad/NvChad,GuiltyInnocence,1,0,0,0,0,0,0,0,0,0,0,0,0,0,[1]
NvChad/NvChad,hunkyburrito,1,0,0,0,0,0,0,0,0,0,0,0,0,0,[1]
NvChad/NvChad,d1y,1,0,0,0,0,0,0,0,0,0,0,0,0,0,[1]
NvChad/NvChad,etopinyangjr,1,0,0,0,0,0,0,0,0,0,0,0,0,0,[1]
NvChad/NvChad,GreatestOfAllTimee,0,0,0,1,0,0,0,0,0,0,0,0,0,0,[1]
NvChad/NvChad,jiang-wenxian,1,0,0,0,0,0,0,0,0,0,0,0,0,0,[1]
NvChad/NvChad,mcctuxic,0,0,0,1,0,0,0,0,0,0,0,0,0,0,[1]
NvChad/NvChad,Pennywhistle-Dev,1,0,0,0,0,0,0,0,0,0,0,0,0,0,[1]
NvChad/NvChad,yangtao-jr,1,0,0,0,0,0,0,0,0,0,0,0,0,0,[1]
NvChad/NvChad,Vealcoo,0,0,1,0,0,0,0,0,0,0,0,0,0,0,[1]
NvChad/NvChad,ziventian,1,0,0,0,0,0,0,0,0,0,0,0,0,0,[1]
NvChad/NvChad,AdriFullHD,1,0,0,0,0,0,0,0,0,0,0,0,0,0,[1]
NvChad/NvChad,hungnguyen1503,0,0,0,1,0,0,0,0,0,0,0,0,0,0,[1]
NvChad/NvChad,IGerardoJR,1,0,0,0,0,0,0,0,0,0,0,0,0,0,[1]
NvChad/NvChad,holiq,1,0,0,0,0,0,0,0,0,0,0,0,0,0,[1]
NvChad/NvChad,ej-agas,1,0,0,0,0,0,0,0,0,0,0,0,0,0,[1]
NvChad/NvChad,EsdrasAmora,1,0,0,0,0,0,0,0,0,0,0,0,0,0,[1]
NvChad/NvChad,captain-neo,0,1,0,0,0,0,0,0,0,0,0,0,0,0,[1]
NvChad/NvChad,eccanto,1,1,0,0,0,0,0,0,0,0,0,0,0,0,[2]
NvChad/NvChad,YiGeon,1,0,0,0,0,0,0,0,0,0,0,0,0,0,[1]
NvChad/NvChad,neo-f,0,0,0,0,0,1,0,0,0,0,0,0,0,0,[1]
NvChad/NvChad,mkgxr,1,0,0,0,0,0,0,0,0,0,0,0,0,0,[1]
NvChad/NvChad,carlisia,0,1,1,0,0,0,0,0,0,0,0,0,0,0,[2]
NvChad/NvChad,ravihara,1,0,0,0,0,0,0,0,0,0,0,0,0,0,[1]
NvChad/NvChad,chenxin527,1,0,0,0,0,0,0,0,0,0,0,0,0,0,[1]
NvChad/NvChad,niorw,1,0,0,0,0,0,0,0,0,0,0,0,0,0,[1]
NvChad/NvChad,MathisP75,1,0,0,0,0,0,0,0,0,0,0,0,0,0,[1]
NvChad/NvChad,ShufflePerson,1,0,0,0,0,0,0,0,0,0,0,0,0,0,[1]
NvChad/NvChad,VityaGromyko,1,0,0,0,0,0,0,0,0,0,0,0,0,0,[1]
NvChad/NvChad,caldwell-63,0,0,2,1,0,0,0,0,0,0,0,0,0,0,[3]
NvChad/NvChad,sunshinfight,0,0,1,1,0,0,0,0,0,0,0,0,0,0,[2]
NvChad/NvChad,yuyi2439,1,0,0,0,0,0,0,0,0,0,0,0,0,0,[1]
NvChad/NvChad,ben-forster,1,0,0,0,0,0,0,0,0,0,0,0,0,0,[1]
NvChad/NvChad,jinreal,1,0,0,0,0,0,0,0,0,0,0,0,0,0,[1]
NvChad/NvChad,merlyncheung,1,0,0,0,0,0,0,0,0,0,0,0,0,0,[1]
NvChad/NvChad,Zebradil,1,0,0,0,0,0,0,0,0,0,0,0,0,0,[1]
NvChad/NvChad,maximus12793,1,0,0,0,0,0,0,0,0,0,0,0,0,0,[1]
NvChad/NvChad,Olejekglejek,1,0,0,0,0,0,0,0,0,0,0,0,0,0,[1]
NvChad/NvChad,jleguina,1,0,0,0,0,0,0,0,0,0,0,0,0,0,[1]
NvChad/NvChad,LUX14Zx,1,1,0,0,0,0,0,0,0,0,0,0,0,0,[2]
NvChad/NvChad,h4rvey99,1,0,0,0,0,0,0,0,0,0,0,0,0,0,[1]
