appsmithorg/appsmith,AhmadHoseiny,0,1,0,0,0,0,0,0,0,0,0,0,0,0,[1]
appsmithorg/appsmith,Trezcool,1,0,0,0,0,0,0,0,0,0,0,0,0,0,[1]
appsmithorg/appsmith,sharat87,0,0,10,2,2,1,0,0,0,0,0,0,5,0,[20]
appsmithorg/appsmith,ankitakinger,0,0,6,3,35,2,0,0,1,0,0,0,3,0,[50]
appsmithorg/appsmith,github-actions[bot],0,0,792,0,0,5,0,0,0,0,0,0,0,0,[797]
appsmithorg/appsmith,rahulbarwal,0,0,11,12,2,1,0,0,1,0,0,0,0,0,[27]
appsmithorg/appsmith,ikad95,0,0,4,0,0,0,0,0,0,0,0,0,0,0,[4]
appsmithorg/appsmith,for2cold,1,0,0,0,0,0,0,0,0,0,0,0,0,0,[1]
appsmithorg/appsmith,akash-codemonk,0,0,14,2,15,3,0,1,1,0,0,0,0,0,[36]
appsmithorg/appsmith,zztkm,1,0,0,0,0,0,0,0,0,0,0,0,0,0,[1]
appsmithorg/appsmith,sumitsum,0,0,15,1,7,1,0,2,0,0,0,0,3,0,[29]
appsmithorg/appsmith,Mavis2103,1,0,0,0,0,0,0,0,0,0,0,0,0,0,[1]
appsmithorg/appsmith,eco-monk,0,0,4,1,0,1,0,1,0,0,0,0,0,0,[7]
appsmithorg/appsmith,ramsaptami,0,0,1,2,5,1,0,0,0,0,0,0,0,0,[9]
appsmithorg/appsmith,welcome[bot],0,0,3,0,0,0,0,0,0,0,0,0,0,0,[3]
appsmithorg/appsmith,hetunandu,0,0,14,3,14,5,0,2,2,0,0,0,2,0,[42]
appsmithorg/appsmith,aswathkk,0,0,9,1,14,4,0,3,3,0,0,0,5,0,[39]
appsmithorg/appsmith,Aishwarya-U-R,0,0,21,10,47,18,0,4,17,0,0,0,14,0,[131]
appsmithorg/appsmith,vasanth-appsmith,0,0,2,0,0,0,0,0,0,0,0,0,0,0,[2]
appsmithorg/appsmith,yaldram,0,0,8,0,16,1,0,0,1,0,0,0,0,0,[26]
appsmithorg/appsmith,GabrielGil,1,0,0,0,0,0,0,0,0,0,0,0,0,0,[1]
appsmithorg/appsmith,NandanAnantharamu,0,0,14,1,14,5,0,2,1,0,0,0,0,0,[37]
appsmithorg/appsmith,sarojsarab,0,0,0,0,0,1,0,0,0,0,0,0,0,0,[1]
appsmithorg/appsmith,Vijetha-Kaja,0,0,6,1,4,0,0,0,0,0,0,0,0,0,[11]
appsmithorg/appsmith,nsarupr,0,0,6,7,0,1,0,2,0,0,0,0,0,0,[16]
appsmithorg/appsmith,julienherrero,1,0,0,0,0,0,0,0,0,0,0,0,0,0,[1]
appsmithorg/appsmith,subrata71,0,0,7,1,1,1,0,1,0,0,0,0,0,0,[11]
appsmithorg/appsmith,rohitagarwal88,0,0,5,1,26,7,0,4,3,0,0,0,5,0,[51]
appsmithorg/appsmith,trishaanand,0,0,8,10,6,5,0,0,4,0,0,0,0,0,[33]
appsmithorg/appsmith,shadabbuchh,0,0,2,1,0,0,0,0,0,0,0,0,0,0,[3]
appsmithorg/appsmith,sneha122,0,0,12,1,7,4,0,1,1,0,0,0,4,0,[30]
appsmithorg/appsmith,ankitsrivas14,0,0,2,0,1,1,0,0,0,0,0,0,0,0,[4]
appsmithorg/appsmith,prsidhu,0,0,26,5,27,3,0,4,2,0,0,0,4,0,[71]
appsmithorg/appsmith,dipyamanbiswas07,0,0,0,0,3,0,0,0,0,0,0,0,1,0,[4]
appsmithorg/appsmith,ashrafchowdury,1,0,0,0,0,0,0,0,0,0,0,0,0,0,[1]
appsmithorg/appsmith,marks0351,0,0,9,1,19,3,0,1,0,0,0,0,5,0,[38]
appsmithorg/appsmith,nidhi-nair,0,0,3,11,14,7,0,1,5,0,0,0,2,0,[43]
appsmithorg/appsmith,ravikp7,0,0,19,0,14,0,0,2,0,0,0,0,10,0,[45]
appsmithorg/appsmith,AirSayy,1,1,0,0,0,0,0,0,0,0,0,0,0,0,[2]
appsmithorg/appsmith,berzerkeer,0,0,15,7,14,6,0,4,1,0,0,0,1,0,[48]
appsmithorg/appsmith,harshmange44,0,0,5,0,0,1,0,0,0,0,0,0,0,0,[6]
appsmithorg/appsmith,kamakshibhat-appsmith,0,0,6,11,0,0,0,0,0,0,0,0,0,0,[17]
appsmithorg/appsmith,HajaAsmath,0,1,0,0,0,0,0,0,0,0,0,0,0,0,[1]
appsmithorg/appsmith,iamakulov,0,0,0,0,9,0,0,0,0,0,0,0,1,0,[10]
appsmithorg/appsmith,sanjus-robotic-studio,0,0,3,0,0,0,0,0,0,0,0,0,0,0,[3]
appsmithorg/appsmith,LeezQ,1,0,0,0,0,0,0,0,0,0,0,0,0,0,[1]
appsmithorg/appsmith,ohansFavour,0,0,9,6,10,5,0,1,2,0,0,0,0,0,[33]
appsmithorg/appsmith,NilanshBansal,0,0,3,1,8,1,0,1,0,0,0,0,0,0,[14]
appsmithorg/appsmith,abhvsn,0,0,11,7,4,2,0,0,1,0,0,0,2,0,[27]
appsmithorg/appsmith,jimmyli123,0,1,0,0,0,0,0,0,0,0,0,0,0,0,[1]
appsmithorg/appsmith,felix-appsmith,0,0,0,2,0,0,0,0,0,0,0,0,0,0,[2]
appsmithorg/appsmith,Irongade,0,0,9,0,11,4,0,3,1,0,0,0,8,0,[36]
appsmithorg/appsmith,rachelxiu,1,0,0,0,0,0,0,0,0,0,0,0,0,0,[1]
appsmithorg/appsmith,vishnu-gp,0,0,2,1,1,2,0,1,1,0,0,0,0,0,[8]
appsmithorg/appsmith,arunvjn,0,0,2,0,3,2,0,0,1,0,0,0,1,0,[9]
appsmithorg/appsmith,tanvibhakta,0,0,6,0,28,0,0,0,0,0,0,0,0,0,[34]
appsmithorg/appsmith,sbalaji1192,0,0,14,0,8,3,0,2,1,0,0,0,0,0,[28]
appsmithorg/appsmith,Druthi,0,0,0,0,1,1,0,3,0,0,0,0,1,0,[6]
appsmithorg/appsmith,mohanarpit,0,0,0,0,0,0,0,0,0,0,0,0,11,0,[11]
appsmithorg/appsmith,builde7b0b,0,1,0,0,0,0,0,0,0,0,0,0,0,0,[1]
appsmithorg/appsmith,albinAppsmith,0,0,12,0,21,2,0,0,3,0,0,0,23,0,[61]
appsmithorg/appsmith,AnaghHegde,0,0,4,6,2,1,0,0,0,0,0,0,4,0,[17]
appsmithorg/appsmith,dilippitchika,0,0,19,4,0,0,0,0,0,0,0,0,0,0,[23]
appsmithorg/appsmith,javase180,1,0,0,0,0,0,0,0,0,0,0,0,0,0,[1]
appsmithorg/appsmith,Rishabh-Rathod,0,0,1,12,1,1,0,0,1,0,0,0,3,0,[19]
appsmithorg/appsmith,Vishrut19,0,1,2,0,0,0,0,0,0,0,0,0,0,0,[3]
appsmithorg/appsmith,rohan-arthur,0,0,12,21,2,2,0,1,1,0,0,0,0,0,[39]
appsmithorg/appsmith,btsgh,0,0,12,3,0,0,0,0,0,0,0,0,0,0,[15]
appsmithorg/appsmith,rimildeyjsr,0,0,4,2,4,1,0,1,0,0,0,0,0,0,[12]
appsmithorg/appsmith,ayushpahwa,0,0,13,12,17,6,0,2,4,0,0,0,3,0,[57]
appsmithorg/appsmith,Tooluloope,0,0,19,2,10,1,0,0,0,0,0,0,1,0,[33]
appsmithorg/appsmith,PiyushPushkar02,0,0,3,2,0,0,0,0,0,0,0,0,0,0,[5]
appsmithorg/appsmith,praisethemoon,1,0,0,0,0,0,0,0,0,0,0,0,0,0,[1]
appsmithorg/appsmith,yangls06,1,0,0,0,0,0,0,0,0,0,0,0,0,0,[1]
appsmithorg/appsmith,chris-pondus,1,0,0,0,0,0,0,0,0,0,0,0,0,0,[1]
appsmithorg/appsmith,nextgpt,1,0,0,0,0,0,0,0,0,0,0,0,0,0,[1]
appsmithorg/appsmith,abhiappsmith,0,0,0,0,4,0,0,0,0,0,0,0,10,0,[14]
appsmithorg/appsmith,haithamkarim,0,0,2,0,0,0,0,0,0,0,0,0,0,0,[2]
appsmithorg/appsmith,ringhofd,0,0,1,0,0,0,0,0,0,0,0,0,0,0,[1]
appsmithorg/appsmith,yishengit,1,1,0,0,0,0,0,0,0,0,0,0,0,0,[2]
appsmithorg/appsmith,sondermanish,0,0,1,1,0,0,0,0,0,0,0,0,1,0,[3]
appsmithorg/appsmith,Link-Kou,1,0,0,0,0,0,0,0,0,0,0,0,0,0,[1]
appsmithorg/appsmith,Nikhil-Nandagopal,0,0,0,1,2,0,0,0,0,0,0,0,0,0,[3]
appsmithorg/appsmith,chandannkumar,0,0,16,1,0,0,0,0,0,0,0,0,0,0,[17]
appsmithorg/appsmith,ChandanBalajiBP,0,0,7,1,6,1,0,0,1,0,0,0,6,0,[22]
appsmithorg/appsmith,shusen73,1,0,0,0,0,0,0,0,0,0,0,0,0,0,[1]
appsmithorg/appsmith,appsmith-bot,0,0,0,0,5,0,0,0,0,0,0,0,0,0,[5]
appsmithorg/appsmith,puranjayjain,1,0,0,0,0,0,0,0,0,0,0,0,0,0,[1]
appsmithorg/appsmith,lcczpp,1,1,0,0,0,0,0,0,0,0,0,0,0,0,[2]
appsmithorg/appsmith,marmikreal,0,1,0,0,0,0,0,0,0,0,0,0,0,0,[1]
appsmithorg/appsmith,sanveer-osahan,0,0,5,1,4,1,0,1,0,0,0,0,1,0,[13]
appsmithorg/appsmith,ichik,0,0,1,3,2,1,0,1,0,0,0,0,0,0,[8]
appsmithorg/appsmith,Richarex,0,0,4,0,0,0,0,0,0,0,0,0,0,0,[4]
appsmithorg/appsmith,vsvamsi1,0,0,15,0,6,2,0,2,0,0,0,0,0,0,[25]
appsmithorg/appsmith,hangyakuzero,0,1,0,0,0,0,0,0,0,0,0,0,0,0,[1]
appsmithorg/appsmith,sentry-io[bot],0,0,0,4,0,0,0,0,0,0,0,0,0,0,[4]
appsmithorg/appsmith,jsartisan,0,0,4,2,3,1,0,3,0,0,0,0,1,0,[14]
appsmithorg/appsmith,somangshu,0,0,10,5,5,6,0,0,4,0,0,0,0,0,[30]
appsmithorg/appsmith,yatinappsmith,0,0,0,0,1,1,0,1,0,0,0,0,0,0,[3]
appsmithorg/appsmith,rahulramesha,0,0,20,0,10,1,0,1,0,0,0,0,0,0,[32]
appsmithorg/appsmith,ronymc,1,0,0,0,0,0,0,0,0,0,0,0,0,0,[1]
appsmithorg/appsmith,dhruvikn,0,0,11,0,11,0,0,0,0,0,0,0,0,0,[22]
appsmithorg/appsmith,jnikhila,0,0,0,1,0,0,0,0,0,0,0,0,0,0,[1]
appsmithorg/appsmith,infinitetrooper,0,0,2,4,0,0,0,0,0,0,0,0,0,0,[6]
appsmithorg/appsmith,gturyz,1,0,0,0,0,0,0,0,0,0,0,0,0,0,[1]
appsmithorg/appsmith,tunglt-sm,1,0,0,0,0,0,0,0,0,0,0,0,0,0,[1]
appsmithorg/appsmith,ArthSrivastava,0,1,0,0,0,0,0,0,0,0,0,0,0,0,[1]
appsmithorg/appsmith,KelvinOm,0,0,9,5,0,1,0,1,0,0,0,0,2,0,[18]
appsmithorg/appsmith,oguzozgen,0,1,0,0,0,0,0,0,0,0,0,0,0,0,[1]
appsmithorg/appsmith,ricklei2777,1,0,0,0,0,0,0,0,0,0,0,0,0,0,[1]
appsmithorg/appsmith,SatishGandham,0,0,0,0,12,2,0,0,0,0,0,0,1,0,[15]
appsmithorg/appsmith,sjcodebook,1,0,0,0,0,0,0,0,0,0,0,0,0,0,[1]
appsmithorg/appsmith,ArtruneTranspara,1,0,0,0,0,0,0,0,0,0,0,0,0,0,[1]
appsmithorg/appsmith,pengyyn,1,0,0,0,0,0,0,0,0,0,0,0,0,0,[1]
appsmithorg/appsmith,Kaisen2350,1,0,0,0,0,0,0,0,0,0,0,0,0,0,[1]
appsmithorg/appsmith,Stool233,1,0,0,0,0,0,0,0,0,0,0,0,0,0,[1]
appsmithorg/appsmith,FlexyMax,0,0,1,0,0,0,0,0,0,0,0,0,0,0,[1]
appsmithorg/appsmith,sunhaolin,1,0,0,0,0,0,0,0,0,0,0,0,0,0,[1]
appsmithorg/appsmith,mkjiau,1,0,0,0,0,0,0,0,0,0,0,0,0,0,[1]
appsmithorg/appsmith,dipjul,1,0,0,0,0,0,0,0,0,0,0,0,0,0,[1]
appsmithorg/appsmith,iamenrique,0,1,1,1,0,1,0,0,0,0,0,0,1,0,[5]
appsmithorg/appsmith,vidz1979,0,0,3,1,0,0,0,0,0,0,0,0,0,0,[4]
appsmithorg/appsmith,BobyMCbobs,1,0,0,0,0,0,0,0,0,0,0,0,0,0,[1]
appsmithorg/appsmith,maslow,1,0,0,0,0,0,0,0,0,0,0,0,0,0,[1]
appsmithorg/appsmith,nightwhite,1,0,0,0,0,0,0,0,0,0,0,0,0,0,[1]
appsmithorg/appsmith,FelipoAntonoff,1,0,0,0,0,0,0,0,0,0,0,0,0,0,[1]
appsmithorg/appsmith,curioussavage,1,0,0,0,0,0,0,0,0,0,0,0,0,0,[1]
appsmithorg/appsmith,johanloonesKP,0,0,0,1,0,0,0,0,0,0,0,0,0,0,[1]
appsmithorg/appsmith,useesee,1,0,0,0,0,0,0,0,0,0,0,0,0,0,[1]
appsmithorg/appsmith,rajatagrawal,0,0,18,3,9,3,1,3,0,0,0,0,1,0,[38]
appsmithorg/appsmith,ginilpg,0,0,1,5,0,0,0,0,0,0,0,0,0,0,[6]
appsmithorg/appsmith,keyurparalkar,0,0,6,1,3,1,0,2,1,0,0,0,0,0,[14]
appsmithorg/appsmith,sribalajig,0,0,2,5,0,0,0,0,0,0,0,0,0,0,[7]
appsmithorg/appsmith,spacestime,1,0,0,0,0,0,0,0,0,0,0,0,0,0,[1]
appsmithorg/appsmith,rhuanbarreto,0,0,3,0,0,0,0,0,0,0,0,0,0,0,[3]
appsmithorg/appsmith,lyc524,0,1,0,0,0,0,0,0,0,0,0,0,0,0,[1]
appsmithorg/appsmith,sheksushant,0,0,1,0,0,0,0,0,0,0,0,0,0,0,[1]
appsmithorg/appsmith,pratapaprasanna,0,0,1,0,1,0,0,0,0,0,0,0,0,0,[2]
appsmithorg/appsmith,Kesha005,0,1,0,0,0,0,0,0,0,0,0,0,0,0,[1]
appsmithorg/appsmith,hoanhvong,1,0,0,0,0,0,0,0,0,0,0,0,0,0,[1]
appsmithorg/appsmith,timdid,0,0,1,0,0,0,0,0,0,0,0,0,0,0,[1]
appsmithorg/appsmith,Sripriya93,0,0,1,2,0,0,0,0,0,0,0,0,0,0,[3]
appsmithorg/appsmith,teja7777777,0,0,1,0,0,0,0,0,0,0,0,0,0,0,[1]
appsmithorg/appsmith,js-song,0,1,0,0,0,0,0,0,0,0,0,0,0,0,[1]
appsmithorg/appsmith,mozhou-tech,1,0,0,0,0,0,0,0,0,0,0,0,0,0,[1]
appsmithorg/appsmith,javacques,1,0,0,0,0,0,0,0,0,0,0,0,0,0,[1]
appsmithorg/appsmith,shwetha-ramesh,0,0,2,0,0,0,0,0,0,0,0,0,0,0,[2]
appsmithorg/appsmith,chr1syy,1,0,0,0,0,0,0,0,0,0,0,0,0,0,[1]
appsmithorg/appsmith,l1991l,1,0,0,0,0,0,0,0,0,0,0,0,0,0,[1]
appsmithorg/appsmith,rolltidehero,0,1,0,0,0,0,0,0,0,0,0,0,0,0,[1]
appsmithorg/appsmith,jromero-onclick,1,0,0,0,0,0,0,0,0,0,0,0,0,0,[1]
appsmithorg/appsmith,smanwarulislam,1,0,0,0,0,0,0,0,0,0,0,0,0,0,[1]
appsmithorg/appsmith,valery1707,1,0,0,0,0,0,0,0,0,0,0,0,0,0,[1]
appsmithorg/appsmith,yuujay,1,0,0,0,0,0,0,0,0,0,0,0,0,0,[1]
appsmithorg/appsmith,countcain,1,0,0,0,0,0,0,0,0,0,0,0,0,0,[1]
appsmithorg/appsmith,AmanAgarwal041,0,0,3,1,3,2,0,1,1,0,0,0,1,0,[12]
appsmithorg/appsmith,thegitone23,0,1,0,0,0,0,0,0,0,0,0,0,0,0,[1]
appsmithorg/appsmith,wolf7689,1,0,0,0,0,0,0,0,0,0,0,0,0,0,[1]
appsmithorg/appsmith,vins13pattar,1,0,0,0,0,0,0,0,0,0,0,0,0,0,[1]
appsmithorg/appsmith,ntcuong,1,0,0,0,0,0,0,0,0,0,0,0,0,0,[1]
appsmithorg/appsmith,nayan-rafiq,0,0,2,1,1,1,0,0,0,0,0,0,1,0,[6]
appsmithorg/appsmith,AS-Laguna,0,0,0,1,0,0,0,0,0,0,0,0,0,0,[1]
appsmithorg/appsmith,zaqiikhwan,1,0,0,0,0,0,0,0,0,0,0,0,0,0,[1]
appsmithorg/appsmith,surenslab,1,0,0,0,0,0,0,0,0,0,0,0,0,0,[1]
appsmithorg/appsmith,Azitai,1,0,0,0,0,0,0,0,0,0,0,0,0,0,[1]
appsmithorg/appsmith,laveena-en,0,0,4,0,0,0,0,0,0,0,0,0,0,0,[4]
appsmithorg/appsmith,whypro,1,0,0,0,0,0,0,0,0,0,0,0,0,0,[1]
appsmithorg/appsmith,sid255,1,0,0,0,0,0,0,0,0,0,0,0,0,0,[1]
appsmithorg/appsmith,ashit-rath,0,0,0,0,0,0,0,0,0,0,0,0,0,0,[0]
appsmithorg/appsmith,Shyamjitripathi,0,0,1,0,0,0,0,0,0,0,0,0,0,0,[1]
appsmithorg/appsmith,riodeuno,0,0,0,1,0,0,0,0,0,0,0,0,1,0,[2]
appsmithorg/appsmith,rushilsrivastava,1,0,0,0,0,0,0,0,0,0,0,0,0,0,[1]
appsmithorg/appsmith,kunsun,1,0,0,0,0,0,0,0,0,0,0,0,0,0,[1]
appsmithorg/appsmith,Jack-An,1,0,0,0,0,0,0,0,0,0,0,0,0,0,[1]
appsmithorg/appsmith,RakshaKShetty,0,0,3,5,0,0,0,0,0,0,0,0,0,0,[8]
appsmithorg/appsmith,shagsouah,1,0,0,0,0,0,0,0,0,0,0,0,0,0,[1]
appsmithorg/appsmith,kaichen87,1,0,0,0,0,0,0,0,0,0,0,0,0,0,[1]
appsmithorg/appsmith,konaigu,1,1,0,0,0,0,0,0,0,0,0,0,0,0,[2]
appsmithorg/appsmith,samaksha,1,0,0,0,0,0,0,0,0,0,0,0,0,0,[1]
appsmithorg/appsmith,yxuelei,0,1,0,0,0,0,0,0,0,0,0,0,0,0,[1]
appsmithorg/appsmith,thinkersOne,0,1,0,0,0,0,0,0,0,0,0,0,0,0,[1]
appsmithorg/appsmith,dcncy,1,0,0,0,0,0,0,0,0,0,0,0,0,0,[1]
appsmithorg/appsmith,Parthvi12,0,0,1,0,0,0,0,0,0,0,0,0,0,0,[1]
appsmithorg/appsmith,GadgetCheck,0,0,0,1,0,0,0,0,0,0,0,0,0,0,[1]
appsmithorg/appsmith,3vis97,1,0,0,0,0,0,0,0,0,0,0,0,0,0,[1]
appsmithorg/appsmith,rsiddle,0,0,1,0,0,0,0,0,0,0,0,0,0,0,[1]
appsmithorg/appsmith,ItsiW,0,0,0,1,0,0,0,0,0,0,0,0,0,0,[1]
appsmithorg/appsmith,mitchellfox,1,0,0,0,0,0,0,0,0,0,0,0,0,0,[1]
appsmithorg/appsmith,abebeos,1,0,0,0,0,0,0,0,0,0,0,0,0,0,[1]
appsmithorg/appsmith,jasonehines,1,0,0,0,0,0,0,0,0,0,0,0,0,0,[1]
appsmithorg/appsmith,chetanku,1,0,0,0,0,0,0,0,0,0,0,0,0,0,[1]
appsmithorg/appsmith,luoweiqiang9527,1,0,0,0,0,0,0,0,0,0,0,0,0,0,[1]
appsmithorg/appsmith,riteshkew,0,0,1,35,0,0,0,0,0,0,0,0,0,0,[36]
appsmithorg/appsmith,Lovakush,0,0,2,0,0,0,0,0,0,0,0,0,0,0,[2]
appsmithorg/appsmith,prapullac,0,0,2,0,0,0,0,0,0,0,0,0,0,0,[2]
appsmithorg/appsmith,kocharrahul7,0,0,1,1,0,0,0,0,0,0,0,0,0,0,[2]
appsmithorg/appsmith,superNos,1,0,0,0,0,0,0,0,0,0,0,0,0,0,[1]
appsmithorg/appsmith,srikanta30,1,0,0,0,0,0,0,0,0,0,0,0,0,0,[1]
appsmithorg/appsmith,BRM-SMS,0,0,1,0,0,0,0,0,0,0,0,0,0,0,[1]
appsmithorg/appsmith,DrVios,1,0,0,0,0,0,0,0,0,0,0,0,0,0,[1]
appsmithorg/appsmith,DIWAKARKASHYAP,1,0,0,0,0,0,0,0,0,0,0,0,0,0,[1]
appsmithorg/appsmith,smandlavdiya,0,1,0,0,0,0,0,0,0,0,0,0,0,0,[1]
appsmithorg/appsmith,tugodxx,1,0,0,0,0,0,0,0,0,0,0,0,0,0,[1]
appsmithorg/appsmith,kymppi,1,0,0,0,0,0,0,0,0,0,0,0,0,0,[1]
appsmithorg/appsmith,Roberdvs,1,0,0,0,0,0,0,0,0,0,0,0,0,0,[1]
appsmithorg/appsmith,sthagen,1,1,0,0,0,0,0,0,0,0,0,0,0,0,[2]
appsmithorg/appsmith,satbir121,0,0,0,1,0,0,0,0,0,0,0,0,0,0,[1]
appsmithorg/appsmith,OliverFoh,1,0,0,0,0,0,0,0,0,0,0,0,0,0,[1]
appsmithorg/appsmith,2kjm,1,0,0,0,0,0,0,0,0,0,0,0,0,0,[1]
appsmithorg/appsmith,lukasbach,1,0,0,0,0,0,0,0,0,0,0,0,0,0,[1]
appsmithorg/appsmith,MichaelFG,1,0,0,0,0,0,0,0,0,0,0,0,0,0,[1]
appsmithorg/appsmith,JFvdm,1,0,0,0,0,0,0,0,0,0,0,0,0,0,[1]
appsmithorg/appsmith,danciaclara,0,0,0,1,0,0,0,0,0,0,0,0,0,0,[1]
appsmithorg/appsmith,EshSubP,1,0,0,0,0,0,0,0,0,0,0,0,0,0,[1]
appsmithorg/appsmith,ame-appsmith,0,0,0,1,0,0,0,0,0,0,0,0,0,0,[1]
appsmithorg/appsmith,tkAppsmith,0,0,1,0,0,1,0,1,0,0,0,0,0,0,[3]
appsmithorg/appsmith,robb-lin,1,0,0,0,0,0,0,0,0,0,0,0,0,0,[1]
appsmithorg/appsmith,TobseF,1,0,0,0,0,0,0,0,0,0,0,0,0,0,[1]
appsmithorg/appsmith,BAY406,1,0,0,0,0,0,0,0,0,0,0,0,0,0,[1]
appsmithorg/appsmith,c0bra,0,0,1,0,0,0,0,0,0,0,0,0,0,0,[1]
appsmithorg/appsmith,mohamadathaider,1,0,0,0,0,0,0,0,0,0,0,0,0,0,[1]
appsmithorg/appsmith,PrabeshPP,0,1,0,0,0,0,0,0,0,0,0,0,0,0,[1]
appsmithorg/appsmith,dreamshit,1,0,0,0,0,0,0,0,0,0,0,0,0,0,[1]
appsmithorg/appsmith,LBC000,1,0,0,0,0,0,0,0,0,0,0,0,0,0,[1]
appsmithorg/appsmith,roberanegussie,1,0,0,0,0,0,0,0,0,0,0,0,0,0,[1]
appsmithorg/appsmith,vanish1984,1,0,0,0,0,0,0,0,0,0,0,0,0,0,[1]
appsmithorg/appsmith,MadeshwaranAppsmith,1,0,0,0,0,0,0,0,0,0,0,0,0,0,[1]
appsmithorg/appsmith,alessandromorandi,0,0,1,0,0,0,0,0,0,0,0,0,0,0,[1]
appsmithorg/appsmith,bagaswastu,1,0,0,0,0,0,0,0,0,0,0,0,0,0,[1]
appsmithorg/appsmith,davidpfahler,1,0,0,0,0,0,0,0,0,0,0,0,0,0,[1]
appsmithorg/appsmith,scodes73,0,1,0,0,0,0,0,0,0,0,0,0,0,0,[1]
appsmithorg/appsmith,wangxin3233,1,1,0,0,0,0,0,0,0,0,0,0,0,0,[2]
appsmithorg/appsmith,lly-ke,1,0,0,0,0,0,0,0,0,0,0,0,0,0,[1]
appsmithorg/appsmith,emersonfelipesp,1,0,0,0,0,0,0,0,0,0,0,0,0,0,[1]
appsmithorg/appsmith,superdorkman,1,0,0,0,0,0,0,0,0,0,0,0,0,0,[1]
appsmithorg/appsmith,edilanesilva,1,0,0,0,0,0,0,0,0,0,0,0,0,0,[1]
appsmithorg/appsmith,pr9njamdar,1,0,0,0,0,0,0,0,0,0,0,0,0,0,[1]
appsmithorg/appsmith,malkrad,1,0,0,0,0,0,0,0,0,0,0,0,0,0,[1]
appsmithorg/appsmith,prateek400,0,1,0,0,0,0,0,0,0,0,0,0,0,0,[1]
appsmithorg/appsmith,arunstar,0,1,0,0,0,0,0,0,0,0,0,0,0,0,[1]
appsmithorg/appsmith,auriga-arun,1,0,0,0,0,0,0,0,0,0,0,0,0,0,[1]
appsmithorg/appsmith,git-GB,1,0,0,0,0,0,0,0,0,0,0,0,0,0,[1]
appsmithorg/appsmith,TheIsoJ,1,0,0,0,0,0,0,0,0,0,0,0,0,0,[1]
appsmithorg/appsmith,shankar700,0,1,0,0,0,0,0,0,0,0,0,0,0,0,[1]
appsmithorg/appsmith,nishp1,1,0,0,0,0,0,0,0,0,0,0,0,0,0,[1]
appsmithorg/appsmith,liruqi,1,0,0,0,0,0,0,0,0,0,0,0,0,0,[1]
appsmithorg/appsmith,Vilhelm-theone,1,0,0,0,0,0,0,0,0,0,0,0,0,0,[1]
appsmithorg/appsmith,sunhaijun,0,1,0,0,0,0,0,0,0,0,0,0,0,0,[1]
appsmithorg/appsmith,hanqiangfei,1,0,0,0,0,0,0,0,0,0,0,0,0,0,[1]
appsmithorg/appsmith,Idan-Garay,1,0,0,0,0,0,0,0,0,0,0,0,0,0,[1]
appsmithorg/appsmith,priyanka-mahour,0,0,1,0,0,0,0,0,0,0,0,0,0,0,[1]
appsmithorg/appsmith,jesuscaesar,1,0,0,0,0,0,0,0,0,0,0,0,0,0,[1]
appsmithorg/appsmith,Inregist,1,0,0,0,0,0,0,0,0,0,0,0,0,0,[1]
appsmithorg/appsmith,StormyTalents,1,0,0,0,0,0,0,0,0,0,0,0,0,0,[1]
appsmithorg/appsmith,Manish254252,0,0,1,0,0,0,0,0,0,0,0,0,0,0,[1]
appsmithorg/appsmith,emiachina,1,1,0,0,0,0,0,0,0,0,0,0,0,0,[2]
appsmithorg/appsmith,JayaKrishnaNamburu,1,0,0,0,0,0,0,0,0,0,0,0,0,0,[1]
appsmithorg/appsmith,oliverfeng,1,0,0,0,0,0,0,0,0,0,0,0,0,0,[1]
appsmithorg/appsmith,missionraj,0,1,0,0,0,0,0,0,0,0,0,0,0,0,[1]
