LSPosed/MagiskOnWSALocal,siwant123,0,1,0,0,0,0,0,0,0,0,0,0,0,0,[1]
LSPosed/MagiskOnWSALocal,Danik2343,1,0,0,0,0,0,0,0,0,0,0,0,0,0,[1]
LSPosed/MagiskOnWSALocal,qq626928331,1,1,0,0,0,0,0,0,0,0,0,0,0,0,[2]
LSPosed/MagiskOnWSALocal,Hiddenz115,0,2,0,0,0,0,0,0,0,0,0,0,0,0,[2]
LSPosed/MagiskOnWSALocal,Howard20181,0,0,17,5,30,9,0,1,0,0,0,0,0,0,[62]
LSPosed/MagiskOnWSALocal,Paul-Syu,0,1,0,0,0,0,0,0,0,0,0,0,0,0,[1]
LSPosed/MagiskOnWSALocal,Feuer-Kampfer,1,1,0,0,0,0,0,0,0,0,0,0,0,0,[2]
LSPosed/MagiskOnWSALocal,mesac1,0,1,0,0,0,0,0,0,0,0,0,0,0,0,[1]
LSPosed/MagiskOnWSALocal,ICE-GB,1,0,0,0,0,0,0,0,0,0,0,0,0,0,[1]
LSPosed/MagiskOnWSALocal,tahahussein143,0,1,0,0,0,0,0,0,0,0,0,0,0,0,[1]
LSPosed/MagiskOnWSALocal,mesachozx1,0,1,0,0,0,0,0,0,0,0,0,0,0,0,[1]
LSPosed/MagiskOnWSALocal,kamileaf,0,1,0,0,0,0,0,0,0,0,0,0,0,0,[1]
LSPosed/MagiskOnWSALocal,RoyTuo,1,1,0,0,0,0,0,0,0,0,0,0,0,0,[2]
LSPosed/MagiskOnWSALocal,ReturnAlt10,0,1,0,0,0,0,0,0,0,0,0,0,0,0,[1]
LSPosed/MagiskOnWSALocal,protosskai,1,0,0,0,0,0,0,0,0,0,0,0,0,0,[1]
LSPosed/MagiskOnWSALocal,yusufmerchant,0,1,0,0,0,0,0,0,0,0,0,0,0,0,[1]
LSPosed/MagiskOnWSALocal,ar32wb,0,1,0,0,0,0,0,0,0,0,0,0,0,0,[1]
LSPosed/MagiskOnWSALocal,Raishun701,1,2,0,0,0,0,0,0,0,0,0,0,0,0,[3]
LSPosed/MagiskOnWSALocal,jrvir07,0,1,0,0,0,0,0,0,0,0,0,0,0,0,[1]
LSPosed/MagiskOnWSALocal,Still34,1,0,0,0,0,0,0,0,0,0,0,0,0,0,[1]
LSPosed/MagiskOnWSALocal,jmko17,0,1,0,0,0,0,0,0,0,0,0,0,0,0,[1]
LSPosed/MagiskOnWSALocal,LostAttractor,1,0,0,0,0,0,0,0,0,0,0,0,0,0,[1]
LSPosed/MagiskOnWSALocal,batutor,0,1,0,0,0,0,0,0,0,0,0,0,0,0,[1]
LSPosed/MagiskOnWSALocal,Diviner503,0,1,0,0,0,0,0,0,0,0,0,0,0,0,[1]
LSPosed/MagiskOnWSALocal,BassJackerz9,0,1,0,0,0,0,0,0,0,0,0,0,0,0,[1]
LSPosed/MagiskOnWSALocal,greentraceifm,0,1,0,0,0,0,0,0,0,0,0,0,0,0,[1]
LSPosed/MagiskOnWSALocal,ToXer04,1,1,0,0,0,0,0,0,0,0,0,0,0,0,[2]
LSPosed/MagiskOnWSALocal,mydekdee,0,1,0,0,0,0,0,0,0,0,0,0,0,0,[1]
LSPosed/MagiskOnWSALocal,teddyhsiung,0,2,0,0,0,0,0,0,0,0,0,0,0,0,[2]
LSPosed/MagiskOnWSALocal,emad1110033,0,1,0,0,0,0,0,0,0,0,0,0,0,0,[1]
LSPosed/MagiskOnWSALocal,4lcatroz,0,1,0,0,0,0,0,0,0,0,0,0,0,0,[1]
LSPosed/MagiskOnWSALocal,leomate,1,0,0,0,0,0,0,0,0,0,0,0,0,0,[1]
LSPosed/MagiskOnWSALocal,General-Eddie,0,1,0,0,0,0,0,0,0,0,0,0,0,0,[1]
LSPosed/MagiskOnWSALocal,chunyukanhai,1,1,0,0,0,0,0,0,0,0,0,0,0,0,[2]
LSPosed/MagiskOnWSALocal,FuSan21,0,1,0,0,0,0,0,0,0,0,0,0,0,0,[1]
LSPosed/MagiskOnWSALocal,WaitingKy,0,0,0,1,0,0,0,0,0,0,0,0,0,0,[1]
LSPosed/MagiskOnWSALocal,nana323,0,1,0,0,0,0,0,0,0,0,0,0,0,0,[1]
LSPosed/MagiskOnWSALocal,vishalhoc,1,1,0,0,0,0,0,0,0,0,0,0,0,0,[2]
LSPosed/MagiskOnWSALocal,ywjno,1,0,0,0,0,0,0,0,0,0,0,0,0,0,[1]
LSPosed/MagiskOnWSALocal,cevher21,0,1,0,0,0,0,0,0,0,0,0,0,0,0,[1]
LSPosed/MagiskOnWSALocal,Carvajal2,0,1,0,0,0,0,0,0,0,0,0,0,0,0,[1]
LSPosed/MagiskOnWSALocal,MarvelousN11,5,1,0,0,0,0,0,0,0,0,0,0,0,0,[6]
LSPosed/MagiskOnWSALocal,Zehop,1,0,0,0,0,0,0,0,0,0,0,0,0,0,[1]
LSPosed/MagiskOnWSALocal,HZongLin,1,0,0,0,0,0,0,0,0,0,0,0,0,0,[1]
LSPosed/MagiskOnWSALocal,loren10b,0,1,0,0,0,0,0,0,0,0,0,0,0,0,[1]
LSPosed/MagiskOnWSALocal,randomn0thing,1,0,0,0,0,0,0,0,0,0,0,0,0,0,[1]
LSPosed/MagiskOnWSALocal,Angelsfire36,1,1,0,0,0,0,0,0,0,0,0,0,0,0,[2]
LSPosed/MagiskOnWSALocal,Velcrums,0,1,0,0,0,0,0,0,0,0,0,0,0,0,[1]
LSPosed/MagiskOnWSALocal,Ishank567,0,1,0,0,0,0,0,0,0,0,0,0,0,0,[1]
LSPosed/MagiskOnWSALocal,Quamr1,0,1,0,0,0,0,0,0,0,0,0,0,0,0,[1]
LSPosed/MagiskOnWSALocal,bayusasono,1,0,0,0,0,0,0,0,0,0,0,0,0,0,[1]
LSPosed/MagiskOnWSALocal,nk2261,0,1,0,0,0,0,0,0,0,0,0,0,0,0,[1]
LSPosed/MagiskOnWSALocal,MrKike059,0,1,0,0,0,0,0,0,0,0,0,0,0,0,[1]
LSPosed/MagiskOnWSALocal,tangush,0,1,0,0,0,0,0,0,0,0,0,0,0,0,[1]
LSPosed/MagiskOnWSALocal,cemalyzr,0,1,0,0,0,0,0,0,0,0,0,0,0,0,[1]
LSPosed/MagiskOnWSALocal,darkdragone,0,1,0,0,0,0,0,0,0,0,0,0,0,0,[1]
LSPosed/MagiskOnWSALocal,Salam2076,0,1,0,0,0,0,0,0,0,0,0,0,0,0,[1]
LSPosed/MagiskOnWSALocal,SoraNoctis,1,0,0,0,0,0,0,0,0,0,0,0,0,0,[1]
LSPosed/MagiskOnWSALocal,eddymg,0,1,0,0,0,0,0,0,0,0,0,0,0,0,[1]
LSPosed/MagiskOnWSALocal,jorgcastellano,0,1,0,0,0,0,0,0,0,0,0,0,0,0,[1]
LSPosed/MagiskOnWSALocal,Jay1416,0,2,0,0,0,0,0,0,0,0,0,0,0,0,[2]
LSPosed/MagiskOnWSALocal,erkevin78,0,1,0,0,0,0,0,0,0,0,0,0,0,0,[1]
LSPosed/MagiskOnWSALocal,pr01oo1oo,1,0,0,0,0,0,0,0,0,0,0,0,0,0,[1]
LSPosed/MagiskOnWSALocal,lolperzper,1,0,0,0,0,0,0,0,0,0,0,0,0,0,[1]
LSPosed/MagiskOnWSALocal,jayeshmepani,0,1,0,0,0,0,0,0,0,0,0,0,0,0,[1]
LSPosed/MagiskOnWSALocal,Shoukry77,0,1,0,0,0,0,0,0,0,0,0,0,0,0,[1]
LSPosed/MagiskOnWSALocal,errhead73,1,1,0,0,0,0,0,0,0,0,0,0,0,0,[2]
LSPosed/MagiskOnWSALocal,bitara,1,0,0,0,0,0,0,0,0,0,0,0,0,0,[1]
LSPosed/MagiskOnWSALocal,PeterNjeim,1,0,0,0,0,0,0,0,0,0,0,0,0,0,[1]
LSPosed/MagiskOnWSALocal,Breeesaurus,0,1,0,0,0,0,0,0,0,0,0,0,0,0,[1]
LSPosed/MagiskOnWSALocal,xyz1001,1,0,0,0,0,0,0,0,0,0,0,0,0,0,[1]
LSPosed/MagiskOnWSALocal,Hexality,0,1,0,0,0,0,0,0,0,0,0,0,0,0,[1]
LSPosed/MagiskOnWSALocal,CarlenGoss,0,1,0,0,0,0,0,0,0,0,0,0,0,0,[1]
LSPosed/MagiskOnWSALocal,crossbowman5,1,0,0,0,0,0,0,0,0,0,0,0,0,0,[1]
LSPosed/MagiskOnWSALocal,Piyush9292,4,0,0,0,0,0,0,0,0,0,0,0,0,0,[4]
LSPosed/MagiskOnWSALocal,hhui39845,0,1,0,0,0,0,0,0,0,0,0,0,0,0,[1]
LSPosed/MagiskOnWSALocal,huoyiming,1,0,0,0,0,0,0,0,0,0,0,0,0,0,[1]
LSPosed/MagiskOnWSALocal,luthfiakram,0,1,0,0,0,0,0,0,0,0,0,0,0,0,[1]
LSPosed/MagiskOnWSALocal,adamg1010,0,1,0,0,0,0,0,0,0,0,0,0,0,0,[1]
LSPosed/MagiskOnWSALocal,214zzl995,1,0,0,0,0,0,0,0,0,0,0,0,0,0,[1]
LSPosed/MagiskOnWSALocal,s4h4b4t,1,0,0,0,0,0,0,0,0,0,0,0,0,0,[1]
LSPosed/MagiskOnWSALocal,Yvan-W,1,2,1,1,0,0,0,0,0,0,0,0,0,0,[5]
LSPosed/MagiskOnWSALocal,mschwachter,1,1,0,0,0,0,0,0,0,0,0,0,0,0,[2]
LSPosed/MagiskOnWSALocal,WisualOfficial,0,1,0,0,0,0,0,0,0,0,0,0,0,0,[1]
LSPosed/MagiskOnWSALocal,sundakai,1,0,0,0,0,0,0,0,0,0,0,0,0,0,[1]
LSPosed/MagiskOnWSALocal,Whiteheart24,0,1,0,0,0,0,0,0,0,0,0,0,0,0,[1]
LSPosed/MagiskOnWSALocal,hyp-real,0,1,0,0,0,0,0,0,0,0,0,0,0,0,[1]
LSPosed/MagiskOnWSALocal,themodernstacktech,0,1,0,0,0,0,0,0,0,0,0,0,0,0,[1]
LSPosed/MagiskOnWSALocal,kslosh,0,1,0,0,0,0,0,0,0,0,0,0,0,0,[1]
LSPosed/MagiskOnWSALocal,VLACKTOR,0,1,0,0,0,0,0,0,0,0,0,0,0,0,[1]
LSPosed/MagiskOnWSALocal,wadechulle,1,1,0,0,0,0,0,0,0,0,0,0,0,0,[2]
LSPosed/MagiskOnWSALocal,ItsAaravBTW,0,1,0,0,0,0,0,0,0,0,0,0,0,0,[1]
LSPosed/MagiskOnWSALocal,jafarsalih,0,1,0,0,0,0,0,0,0,0,0,0,0,0,[1]
LSPosed/MagiskOnWSALocal,DinginMastaa69,1,1,0,0,0,0,0,0,0,0,0,0,0,0,[2]
LSPosed/MagiskOnWSALocal,zankee,0,2,0,1,0,0,0,0,0,0,0,0,0,0,[3]
LSPosed/MagiskOnWSALocal,goody68,0,1,0,0,0,0,0,0,0,0,0,0,0,0,[1]
LSPosed/MagiskOnWSALocal,Linus0080,1,0,0,0,0,0,0,0,0,0,0,0,0,0,[1]
LSPosed/MagiskOnWSALocal,ymuc827,0,1,0,0,0,0,0,0,0,0,0,0,0,0,[1]
LSPosed/MagiskOnWSALocal,sashith18,1,0,0,0,0,0,0,0,0,0,0,0,0,0,[1]
LSPosed/MagiskOnWSALocal,Toshix,0,1,0,0,0,0,0,0,0,0,0,0,0,0,[1]
LSPosed/MagiskOnWSALocal,aleohl,1,0,0,0,0,0,0,0,0,0,0,0,0,0,[1]
LSPosed/MagiskOnWSALocal,ywmoyue,0,1,0,0,0,0,0,0,0,0,0,0,0,0,[1]
LSPosed/MagiskOnWSALocal,jmjhjuj,1,0,0,0,0,0,0,0,0,0,0,0,0,0,[1]
LSPosed/MagiskOnWSALocal,capitol01,0,1,0,0,0,0,0,0,0,0,0,0,0,0,[1]
LSPosed/MagiskOnWSALocal,xingxichen,1,0,0,0,0,0,0,0,0,0,0,0,0,0,[1]
LSPosed/MagiskOnWSALocal,aweedman,0,1,0,0,0,0,0,0,0,0,0,0,0,0,[1]
LSPosed/MagiskOnWSALocal,omerbaho,0,1,0,0,0,0,0,0,0,0,0,0,0,0,[1]
LSPosed/MagiskOnWSALocal,EIDOSDATA,1,0,0,0,0,0,0,0,0,0,0,0,0,0,[1]
LSPosed/MagiskOnWSALocal,elizer20,0,1,0,0,0,0,0,0,0,0,0,0,0,0,[1]
LSPosed/MagiskOnWSALocal,neariot,0,1,0,0,0,0,0,0,0,0,0,0,0,0,[1]
LSPosed/MagiskOnWSALocal,oo37822,0,1,0,0,0,0,0,0,0,0,0,0,0,0,[1]
LSPosed/MagiskOnWSALocal,audikosmetik,0,1,0,0,0,0,0,0,0,0,0,0,0,0,[1]
LSPosed/MagiskOnWSALocal,lukas-577,0,1,0,0,0,0,0,0,0,0,0,0,0,0,[1]
LSPosed/MagiskOnWSALocal,MoB755,0,1,0,0,0,0,0,0,0,0,0,0,0,0,[1]
LSPosed/MagiskOnWSALocal,BJT207,0,1,0,0,0,0,0,0,0,0,0,0,0,0,[1]
LSPosed/MagiskOnWSALocal,connor9433,1,0,0,0,0,0,0,0,0,0,0,0,0,0,[1]
LSPosed/MagiskOnWSALocal,oneegg5555,0,1,0,0,0,0,0,0,0,0,0,0,0,0,[1]
LSPosed/MagiskOnWSALocal,allabif,0,1,0,0,0,1,0,0,0,0,0,0,0,0,[2]
LSPosed/MagiskOnWSALocal,MrJimmy42,0,1,0,0,0,0,0,0,0,0,0,0,0,0,[1]
LSPosed/MagiskOnWSALocal,mujuna,0,1,0,0,0,0,0,0,0,0,0,0,0,0,[1]
LSPosed/MagiskOnWSALocal,Noso4211,0,1,0,0,0,0,0,0,0,0,0,0,0,0,[1]
LSPosed/MagiskOnWSALocal,Raksmey55,2,1,0,0,0,0,0,0,0,0,0,0,0,0,[3]
LSPosed/MagiskOnWSALocal,Ashik235,0,1,0,0,0,0,0,0,0,0,0,0,0,0,[1]
LSPosed/MagiskOnWSALocal,gypgh,0,1,0,0,0,0,0,0,0,0,0,0,0,0,[1]
LSPosed/MagiskOnWSALocal,SonnyPrima,0,1,0,0,0,0,0,0,0,0,0,0,0,0,[1]
LSPosed/MagiskOnWSALocal,MasterBamboo,1,0,0,0,0,0,0,0,0,0,0,0,0,0,[1]
LSPosed/MagiskOnWSALocal,dragonsky76,2,0,0,0,0,0,0,0,0,0,0,0,0,0,[2]
LSPosed/MagiskOnWSALocal,JEMinMetaverse,0,1,0,0,0,0,0,0,0,0,0,0,0,0,[1]
LSPosed/MagiskOnWSALocal,Rahul6207228869,0,1,0,0,0,0,0,0,0,0,0,0,0,0,[1]
LSPosed/MagiskOnWSALocal,nwolf13,0,1,0,0,0,0,0,0,0,0,0,0,0,0,[1]
LSPosed/MagiskOnWSALocal,Cr4z33,0,0,5,1,0,0,0,0,0,0,0,0,0,0,[6]
LSPosed/MagiskOnWSALocal,VVollmilchsau,1,0,0,0,0,0,0,0,0,0,0,0,0,0,[1]
LSPosed/MagiskOnWSALocal,p4paw,0,1,0,0,0,0,0,0,0,0,0,0,0,0,[1]
LSPosed/MagiskOnWSALocal,asemsaeed111,0,1,0,0,0,0,0,0,0,0,0,0,0,0,[1]
LSPosed/MagiskOnWSALocal,adnanmajeed0348,0,1,0,0,0,0,0,0,0,0,0,0,0,0,[1]
LSPosed/MagiskOnWSALocal,shayansoheilian,0,1,0,0,0,0,0,0,0,0,0,0,0,0,[1]
LSPosed/MagiskOnWSALocal,c9y6h,0,1,0,0,0,0,0,0,0,0,0,0,0,0,[1]
LSPosed/MagiskOnWSALocal,skrivak,0,1,0,0,0,0,0,0,0,0,0,0,0,0,[1]
LSPosed/MagiskOnWSALocal,Amanrr234,1,0,0,0,0,0,0,0,0,0,0,0,0,0,[1]
LSPosed/MagiskOnWSALocal,JKawmi,1,0,0,0,0,0,0,0,0,0,0,0,0,0,[1]
LSPosed/MagiskOnWSALocal,ColbyB722,1,0,0,0,0,0,0,0,0,0,0,0,0,0,[1]
LSPosed/MagiskOnWSALocal,newbieEL,1,1,0,0,0,0,0,0,0,0,0,0,0,0,[2]
LSPosed/MagiskOnWSALocal,Franklin1889,0,1,0,0,0,0,0,0,0,0,0,0,0,0,[1]
LSPosed/MagiskOnWSALocal,Sharma97sagar,1,1,0,0,0,0,0,0,0,0,0,0,0,0,[2]
LSPosed/MagiskOnWSALocal,solomo79,1,0,0,0,0,0,0,0,0,0,0,0,0,0,[1]
LSPosed/MagiskOnWSALocal,seih3kichan,0,1,0,0,0,0,0,0,0,0,0,0,0,0,[1]
LSPosed/MagiskOnWSALocal,wxw20041861,0,1,0,0,0,0,0,0,0,0,0,0,0,0,[1]
LSPosed/MagiskOnWSALocal,luigi745,0,1,0,0,0,0,0,0,0,0,0,0,0,0,[1]
LSPosed/MagiskOnWSALocal,ahoboninja,0,1,0,0,0,0,0,0,0,0,0,0,0,0,[1]
LSPosed/MagiskOnWSALocal,lenin200,0,1,0,0,0,0,0,0,0,0,0,0,0,0,[1]
LSPosed/MagiskOnWSALocal,kevinr99089,0,1,0,0,0,0,0,0,0,0,0,0,0,0,[1]
LSPosed/MagiskOnWSALocal,yasiriqbal4912,0,1,0,0,0,0,0,0,0,0,0,0,0,0,[1]
LSPosed/MagiskOnWSALocal,bilgehnbilge,1,0,0,0,0,0,0,0,0,0,0,0,0,0,[1]
LSPosed/MagiskOnWSALocal,DrSilfo,0,2,0,0,0,0,0,0,0,0,0,0,0,0,[2]
LSPosed/MagiskOnWSALocal,NajmulIslam602,1,0,0,0,0,0,0,0,0,0,0,0,0,0,[1]
LSPosed/MagiskOnWSALocal,max2k13,1,1,0,0,0,0,0,0,0,0,0,0,0,0,[2]
LSPosed/MagiskOnWSALocal,mueksh-b,1,0,1,0,0,0,0,0,0,0,0,0,0,0,[2]
LSPosed/MagiskOnWSALocal,cbarnet4,1,1,0,0,0,0,0,0,0,0,0,0,0,0,[2]
LSPosed/MagiskOnWSALocal,Dexter03465,0,1,0,0,0,0,0,0,0,0,0,0,0,0,[1]
LSPosed/MagiskOnWSALocal,Grossley,0,1,0,0,0,0,0,0,0,0,0,0,0,0,[1]
LSPosed/MagiskOnWSALocal,mitchellaha,1,0,0,0,0,0,0,0,0,0,0,0,0,0,[1]
LSPosed/MagiskOnWSALocal,Bombarmil,1,0,0,0,0,0,0,0,0,0,0,0,0,0,[1]
LSPosed/MagiskOnWSALocal,abdulghani91,1,1,0,0,0,0,0,0,0,0,0,0,0,0,[2]
LSPosed/MagiskOnWSALocal,highonlinux420,0,1,0,0,0,0,0,0,0,0,0,0,0,0,[1]
LSPosed/MagiskOnWSALocal,pajoodbojkas,0,1,0,0,0,0,0,0,0,0,0,0,0,0,[1]
LSPosed/MagiskOnWSALocal,ShashinSomanayake,0,1,0,0,0,0,0,0,0,0,0,0,0,0,[1]
LSPosed/MagiskOnWSALocal,IHHII,1,0,0,0,0,0,0,0,0,0,0,0,0,0,[1]
LSPosed/MagiskOnWSALocal,kingpin-ldn,0,1,0,0,0,0,0,0,0,0,0,0,0,0,[1]
LSPosed/MagiskOnWSALocal,dekister34,0,1,0,0,0,0,0,0,0,0,0,0,0,0,[1]
LSPosed/MagiskOnWSALocal,c6xqu,0,1,0,0,0,0,0,0,0,0,0,0,0,0,[1]
LSPosed/MagiskOnWSALocal,TheRea1Sans,1,1,0,0,0,0,0,0,0,0,0,0,0,0,[2]
LSPosed/MagiskOnWSALocal,gasperzy,0,1,0,0,0,0,0,0,0,0,0,0,0,0,[1]
LSPosed/MagiskOnWSALocal,MOHAMMDED,0,1,0,0,0,0,0,0,0,0,0,0,0,0,[1]
LSPosed/MagiskOnWSALocal,ReoKodama,0,1,0,0,0,0,0,0,0,0,0,0,0,0,[1]
LSPosed/MagiskOnWSALocal,Serroda,1,0,0,0,0,0,0,0,0,0,0,0,0,0,[1]
LSPosed/MagiskOnWSALocal,habob01,0,1,0,0,0,0,0,0,0,0,0,0,0,0,[1]
LSPosed/MagiskOnWSALocal,deinvis,0,1,0,0,0,0,0,0,0,0,0,0,0,0,[1]
LSPosed/MagiskOnWSALocal,bnsilvaa,1,0,0,0,0,0,0,0,0,0,0,0,0,0,[1]
LSPosed/MagiskOnWSALocal,fonsus,1,1,0,0,0,0,0,0,0,0,0,0,0,0,[2]
LSPosed/MagiskOnWSALocal,idominikosgr,1,0,0,0,0,0,0,0,0,0,0,0,0,0,[1]
LSPosed/MagiskOnWSALocal,DotingDavid,0,1,0,0,0,0,0,0,0,0,0,0,0,0,[1]
LSPosed/MagiskOnWSALocal,vhxvdwtr,0,1,0,0,0,0,0,0,0,0,0,0,0,0,[1]
LSPosed/MagiskOnWSALocal,panicilllin,1,0,0,0,0,0,0,0,0,0,0,0,0,0,[1]
LSPosed/MagiskOnWSALocal,OWATY,0,1,0,0,0,0,0,0,0,0,0,0,0,0,[1]
LSPosed/MagiskOnWSALocal,kingmoon3,0,1,0,0,0,0,0,0,0,0,0,0,0,0,[1]
LSPosed/MagiskOnWSALocal,handjun,0,1,0,0,0,0,0,0,0,0,0,0,0,0,[1]
LSPosed/MagiskOnWSALocal,davecaliscalis,1,0,0,0,0,0,0,0,0,0,0,0,0,0,[1]
LSPosed/MagiskOnWSALocal,cn857,0,2,0,0,0,0,0,0,0,0,0,0,0,0,[2]
LSPosed/MagiskOnWSALocal,uplexS,0,1,0,0,0,0,0,0,0,0,0,0,0,0,[1]
LSPosed/MagiskOnWSALocal,ReyesTools,0,1,0,0,0,0,0,0,0,0,0,0,0,0,[1]
LSPosed/MagiskOnWSALocal,LevisColonel,0,1,0,0,0,0,0,0,0,0,0,0,0,0,[1]
LSPosed/MagiskOnWSALocal,yashbook,0,1,0,0,0,0,0,0,0,0,0,0,0,0,[1]
LSPosed/MagiskOnWSALocal,chen310,0,1,0,0,0,0,0,0,0,0,0,0,0,0,[1]
LSPosed/MagiskOnWSALocal,wuzongwen,0,1,0,0,0,0,0,0,0,0,0,0,0,0,[1]
LSPosed/MagiskOnWSALocal,Pro-Coder-Boy,0,1,0,0,0,0,0,0,0,0,0,0,0,0,[1]
LSPosed/MagiskOnWSALocal,TCxss,1,0,0,0,0,0,0,0,0,0,0,0,0,0,[1]
LSPosed/MagiskOnWSALocal,yangxiaoge,0,1,0,0,0,0,0,0,0,0,0,0,0,0,[1]
LSPosed/MagiskOnWSALocal,gspmcwtj,1,0,0,0,0,0,0,0,0,0,0,0,0,0,[1]
LSPosed/MagiskOnWSALocal,Santhanuxay10,0,1,0,0,0,0,0,0,0,0,0,0,0,0,[1]
LSPosed/MagiskOnWSALocal,Santhanuxay,0,1,0,0,0,0,0,0,0,0,0,0,0,0,[1]
LSPosed/MagiskOnWSALocal,wevsmy,1,0,0,0,0,0,0,0,0,0,0,0,0,0,[1]
LSPosed/MagiskOnWSALocal,v9983,0,1,0,0,0,0,0,0,0,0,0,0,0,0,[1]
LSPosed/MagiskOnWSALocal,YarkJason,0,1,0,0,0,0,0,0,0,0,0,0,0,0,[1]
LSPosed/MagiskOnWSALocal,anuragnegi10,0,1,0,0,0,0,0,0,0,0,0,0,0,0,[1]
LSPosed/MagiskOnWSALocal,Silica-based-creature,1,1,0,0,0,0,0,0,0,0,0,0,0,0,[2]
LSPosed/MagiskOnWSALocal,xushengtan,0,3,0,0,0,0,0,0,0,0,0,0,0,0,[3]
LSPosed/MagiskOnWSALocal,marloijes,0,1,0,0,0,0,0,0,0,0,0,0,0,0,[1]
LSPosed/MagiskOnWSALocal,SharpCode,1,0,0,0,0,0,0,0,0,0,0,0,0,0,[1]
LSPosed/MagiskOnWSALocal,EdwardC80,0,1,0,0,0,0,0,0,0,0,0,0,0,0,[1]
LSPosed/MagiskOnWSALocal,Nileshmalav,0,1,0,0,0,0,0,0,0,0,0,0,0,0,[1]
LSPosed/MagiskOnWSALocal,niki786,1,1,0,0,0,0,0,0,0,0,0,0,0,0,[2]
LSPosed/MagiskOnWSALocal,SeventhShagbag,0,1,0,0,0,0,0,0,0,0,0,0,0,0,[1]
LSPosed/MagiskOnWSALocal,gjblack71,0,1,0,0,0,0,0,0,0,0,0,0,0,0,[1]
LSPosed/MagiskOnWSALocal,shw152,0,1,0,0,0,0,0,0,0,0,0,0,0,0,[1]
LSPosed/MagiskOnWSALocal,ahmadfikrimasyhur,1,0,0,0,0,0,0,0,0,0,0,0,0,0,[1]
LSPosed/MagiskOnWSALocal,Brando212,1,0,0,0,0,0,0,0,0,0,0,0,0,0,[1]
LSPosed/MagiskOnWSALocal,chicken2006,0,1,0,0,0,0,0,0,0,0,0,0,0,0,[1]
LSPosed/MagiskOnWSALocal,junophoon,0,1,0,0,0,0,0,0,0,0,0,0,0,0,[1]
LSPosed/MagiskOnWSALocal,Alykod,1,0,0,0,0,0,0,0,0,0,0,0,0,0,[1]
LSPosed/MagiskOnWSALocal,justbone0801,0,1,0,0,0,0,0,0,0,0,0,0,0,0,[1]
LSPosed/MagiskOnWSALocal,dineshmike,1,0,0,0,0,0,0,0,0,0,0,0,0,0,[1]
LSPosed/MagiskOnWSALocal,laoufihakim,1,1,0,0,0,0,0,0,0,0,0,0,0,0,[2]
LSPosed/MagiskOnWSALocal,Yerex-03,0,1,0,0,0,0,0,0,0,0,0,0,0,0,[1]
LSPosed/MagiskOnWSALocal,edwyn-amador,1,1,0,0,0,0,0,0,0,0,0,0,0,0,[2]
LSPosed/MagiskOnWSALocal,yaroshko01,0,1,0,0,0,0,0,0,0,0,0,0,0,0,[1]
LSPosed/MagiskOnWSALocal,kylacortuna,0,1,0,0,0,0,0,0,0,0,0,0,0,0,[1]
LSPosed/MagiskOnWSALocal,mark-pineda12,0,1,0,0,0,0,0,0,0,0,0,0,0,0,[1]
LSPosed/MagiskOnWSALocal,aminouatiki766,0,1,0,0,0,0,0,0,0,0,0,0,0,0,[1]
LSPosed/MagiskOnWSALocal,enggipratama,0,1,0,0,0,0,0,0,0,0,0,0,0,0,[1]
LSPosed/MagiskOnWSALocal,edom71,1,0,0,0,0,0,0,0,0,0,0,0,0,0,[1]
LSPosed/MagiskOnWSALocal,horinotorino,0,1,0,0,0,0,0,0,0,0,0,0,0,0,[1]
LSPosed/MagiskOnWSALocal,abhiey658652,0,1,0,0,0,0,0,0,0,0,0,0,0,0,[1]
LSPosed/MagiskOnWSALocal,dugi0,0,0,0,1,0,0,0,0,0,0,0,0,0,0,[1]
LSPosed/MagiskOnWSALocal,Anujen,0,1,0,0,0,0,0,0,0,0,0,0,0,0,[1]
LSPosed/MagiskOnWSALocal,wrongnumber5282,0,1,0,0,0,0,0,0,0,0,0,0,0,0,[1]
LSPosed/MagiskOnWSALocal,ishankhatri90,1,0,0,0,0,0,0,0,0,0,0,0,0,0,[1]
LSPosed/MagiskOnWSALocal,nykolai69,0,1,0,0,0,0,0,0,0,0,0,0,0,0,[1]
LSPosed/MagiskOnWSALocal,tedy02,0,1,0,0,0,0,0,0,0,0,0,0,0,0,[1]
LSPosed/MagiskOnWSALocal,westeaster,1,1,0,0,0,0,0,0,0,0,0,0,0,0,[2]
LSPosed/MagiskOnWSALocal,Asama4278,1,1,0,0,0,0,0,0,0,0,0,0,0,0,[2]
LSPosed/MagiskOnWSALocal,torrent,0,1,0,0,0,0,0,0,0,0,0,0,0,0,[1]
LSPosed/MagiskOnWSALocal,moxiesounddesign,0,1,0,0,0,0,0,0,0,0,0,0,0,0,[1]
LSPosed/MagiskOnWSALocal,RajPratapSinghVIP,0,1,0,0,0,0,0,0,0,0,0,0,0,0,[1]
LSPosed/MagiskOnWSALocal,xidus90,0,1,0,0,0,0,0,0,0,0,0,0,0,0,[1]
LSPosed/MagiskOnWSALocal,bollo4278,0,1,0,0,0,0,0,0,0,0,0,0,0,0,[1]
LSPosed/MagiskOnWSALocal,RealmRain,0,1,0,0,0,0,0,0,0,0,0,0,0,0,[1]
LSPosed/MagiskOnWSALocal,Fisherxy,0,1,0,0,0,0,0,0,0,0,0,0,0,0,[1]
LSPosed/MagiskOnWSALocal,Eyuphan24,0,1,0,0,0,0,0,0,0,0,0,0,0,0,[1]
LSPosed/MagiskOnWSALocal,Nekomanmaxx,0,1,0,0,0,0,0,0,0,0,0,0,0,0,[1]
LSPosed/MagiskOnWSALocal,tiger580,0,1,0,0,0,0,0,0,0,0,0,0,0,0,[1]
LSPosed/MagiskOnWSALocal,mkchilo,0,1,0,0,0,0,0,0,0,0,0,0,0,0,[1]
LSPosed/MagiskOnWSALocal,MusRawstyle,0,1,0,0,0,0,0,0,0,0,0,0,0,0,[1]
LSPosed/MagiskOnWSALocal,hellomohdasif,0,2,0,0,0,0,0,0,0,0,0,0,0,0,[2]
LSPosed/MagiskOnWSALocal,Nareld,0,1,0,0,0,0,0,0,0,0,0,0,0,0,[1]
LSPosed/MagiskOnWSALocal,suphawat1997,0,1,0,0,0,0,0,0,0,0,0,0,0,0,[1]
LSPosed/MagiskOnWSALocal,mustaphachi,0,1,0,0,0,0,0,0,0,0,0,0,0,0,[1]
LSPosed/MagiskOnWSALocal,downloadfilea123,0,1,0,0,0,0,0,0,0,0,0,0,0,0,[1]
LSPosed/MagiskOnWSALocal,an-ku-sh,0,1,0,0,0,0,0,0,0,0,0,0,0,0,[1]
LSPosed/MagiskOnWSALocal,GKonstantinX,1,0,0,0,0,0,0,0,0,0,0,0,0,0,[1]
LSPosed/MagiskOnWSALocal,Max7250,0,1,0,0,0,0,0,0,0,0,0,0,0,0,[1]
LSPosed/MagiskOnWSALocal,Erickervandy,0,1,0,0,0,0,0,0,0,0,0,0,0,0,[1]
LSPosed/MagiskOnWSALocal,IMPULS2358,0,1,0,0,0,0,0,0,0,0,0,0,0,0,[1]
LSPosed/MagiskOnWSALocal,Ec37,1,0,0,0,0,0,0,0,0,0,0,0,0,0,[1]
LSPosed/MagiskOnWSALocal,ffreitasb,0,1,0,0,0,0,0,0,0,0,0,0,0,0,[1]
LSPosed/MagiskOnWSALocal,DarvinChan,0,1,0,0,0,0,0,0,0,0,0,0,0,0,[1]
LSPosed/MagiskOnWSALocal,arvitour,0,1,0,0,0,0,0,0,0,0,0,0,0,0,[1]
LSPosed/MagiskOnWSALocal,crpig,1,0,0,0,0,0,0,0,0,0,0,0,0,0,[1]
LSPosed/MagiskOnWSALocal,MinhNguyen4321,0,1,0,0,0,0,0,0,0,0,0,0,0,0,[1]
LSPosed/MagiskOnWSALocal,Yuidss,0,1,0,0,0,0,0,0,0,0,0,0,0,0,[1]
LSPosed/MagiskOnWSALocal,RadhRith,0,1,0,0,0,0,0,0,0,0,0,0,0,0,[1]
LSPosed/MagiskOnWSALocal,Splendid2339,1,1,0,0,0,0,0,0,0,0,0,0,0,0,[2]
LSPosed/MagiskOnWSALocal,Autobot032,0,1,0,0,0,0,0,0,0,0,0,0,0,0,[1]
LSPosed/MagiskOnWSALocal,chovopan,0,1,0,0,0,0,0,0,0,0,0,0,0,0,[1]
LSPosed/MagiskOnWSALocal,hvuitsme,3,1,0,0,0,0,0,0,0,0,0,0,0,0,[4]
LSPosed/MagiskOnWSALocal,aleJohnny,1,0,0,0,0,0,0,0,0,0,0,0,0,0,[1]
LSPosed/MagiskOnWSALocal,luthor112,1,0,0,0,0,0,0,0,0,0,0,0,0,0,[1]
LSPosed/MagiskOnWSALocal,AYUSHMAN1137,0,1,0,0,0,0,0,0,0,0,0,0,0,0,[1]
LSPosed/MagiskOnWSALocal,yashu123hrxfg,0,1,0,0,0,0,0,0,0,0,0,0,0,0,[1]
LSPosed/MagiskOnWSALocal,rickicode,0,1,0,0,0,0,0,0,0,0,0,0,0,0,[1]
LSPosed/MagiskOnWSALocal,Alloyd031,0,1,0,0,0,0,0,0,0,0,0,0,0,0,[1]
LSPosed/MagiskOnWSALocal,RELAKZ2020,1,1,0,0,0,0,0,0,0,0,0,0,0,0,[2]
LSPosed/MagiskOnWSALocal,wzcxbg,1,1,0,0,0,0,0,0,0,0,0,0,0,0,[2]
LSPosed/MagiskOnWSALocal,Rizky271099,0,1,0,0,0,0,0,0,0,0,0,0,0,0,[1]
LSPosed/MagiskOnWSALocal,willamettefour,0,1,0,0,0,0,0,0,0,0,0,0,0,0,[1]
LSPosed/MagiskOnWSALocal,Javierpaz1976,0,1,0,0,0,0,0,0,0,0,0,0,0,0,[1]
LSPosed/MagiskOnWSALocal,KhaiTSK,0,1,0,0,0,0,0,0,0,0,0,0,0,0,[1]
LSPosed/MagiskOnWSALocal,Kadinlar24,0,1,0,0,0,0,0,0,0,0,0,0,0,0,[1]
LSPosed/MagiskOnWSALocal,DCJIM,0,1,0,0,0,0,0,0,0,0,0,0,0,0,[1]
LSPosed/MagiskOnWSALocal,suhib9,1,1,0,0,0,0,0,0,0,0,0,0,0,0,[2]
LSPosed/MagiskOnWSALocal,Kenzaii,1,3,0,0,0,0,0,0,0,0,0,0,0,0,[4]
LSPosed/MagiskOnWSALocal,medamine4669,0,1,0,0,0,0,0,0,0,0,0,0,0,0,[1]
LSPosed/MagiskOnWSALocal,HyperNotZyper,0,1,0,0,0,0,0,0,0,0,0,0,0,0,[1]
LSPosed/MagiskOnWSALocal,Tasmay-Tibrewal,1,2,0,0,0,0,0,0,0,0,0,0,0,0,[3]
LSPosed/MagiskOnWSALocal,ARLETALVAREZ,0,1,0,0,0,0,0,0,0,0,0,0,0,0,[1]
LSPosed/MagiskOnWSALocal,hd4y2t,1,0,0,0,0,0,0,0,0,0,0,0,0,0,[1]
LSPosed/MagiskOnWSALocal,mazhu09,0,1,0,0,0,0,0,0,0,0,0,0,0,0,[1]
LSPosed/MagiskOnWSALocal,zwblove611,0,1,0,0,0,0,0,0,0,0,0,0,0,0,[1]
LSPosed/MagiskOnWSALocal,XeonMonde,0,1,0,0,0,0,0,0,0,0,0,0,0,0,[1]
LSPosed/MagiskOnWSALocal,chamaro,0,1,0,0,0,0,0,0,0,0,0,0,0,0,[1]
LSPosed/MagiskOnWSALocal,zwblove0611,0,1,0,0,0,0,0,0,0,0,0,0,0,0,[1]
LSPosed/MagiskOnWSALocal,VanheXen,1,0,0,0,0,0,0,0,0,0,0,0,0,0,[1]
LSPosed/MagiskOnWSALocal,elpeegf,0,1,0,0,0,0,0,0,0,0,0,0,0,0,[1]
LSPosed/MagiskOnWSALocal,Akash1x3,0,1,0,0,0,0,0,0,0,0,0,0,0,0,[1]
LSPosed/MagiskOnWSALocal,KeleMele,0,1,0,0,0,0,0,0,0,0,0,0,0,0,[1]
LSPosed/MagiskOnWSALocal,mrmakrider,0,1,0,0,0,0,0,0,0,0,0,0,0,0,[1]
LSPosed/MagiskOnWSALocal,djwillets,1,0,0,0,0,0,0,0,0,0,0,0,0,0,[1]
LSPosed/MagiskOnWSALocal,KaashiefW,0,1,0,0,0,0,0,0,0,0,0,0,0,0,[1]
LSPosed/MagiskOnWSALocal,HolyDemonz,0,1,0,0,0,0,0,0,0,0,0,0,0,0,[1]
LSPosed/MagiskOnWSALocal,nleszek,0,1,0,0,0,0,0,0,0,0,0,0,0,0,[1]
LSPosed/MagiskOnWSALocal,SMYLYASHAARONXD,0,1,0,0,0,0,0,0,0,0,0,0,0,0,[1]
LSPosed/MagiskOnWSALocal,franKinyuTrank,1,0,0,0,0,0,0,0,0,0,0,0,0,0,[1]
LSPosed/MagiskOnWSALocal,eliude96,0,1,0,0,0,0,0,0,0,0,0,0,0,0,[1]
LSPosed/MagiskOnWSALocal,JCrim097,0,1,0,0,0,0,0,0,0,0,0,0,0,0,[1]
LSPosed/MagiskOnWSALocal,xcazy,1,1,0,0,0,0,0,0,0,0,0,0,0,0,[2]
LSPosed/MagiskOnWSALocal,Zeronucks,0,1,0,0,0,0,0,0,0,0,0,0,0,0,[1]
LSPosed/MagiskOnWSALocal,jaramatv,0,1,0,0,0,0,0,0,0,0,0,0,0,0,[1]
LSPosed/MagiskOnWSALocal,MisterNumb,0,1,0,0,0,0,0,0,0,0,0,0,0,0,[1]
LSPosed/MagiskOnWSALocal,TexHanlon,1,0,0,0,0,0,0,0,0,0,0,0,0,0,[1]
LSPosed/MagiskOnWSALocal,vb-03,1,0,0,0,0,0,0,0,0,0,0,0,0,0,[1]
LSPosed/MagiskOnWSALocal,Arthias,0,1,0,0,0,0,0,0,0,0,0,0,0,0,[1]
LSPosed/MagiskOnWSALocal,rajalim1225,0,1,0,0,0,0,0,0,0,0,0,0,0,0,[1]
LSPosed/MagiskOnWSALocal,MAX208V,0,1,0,0,0,0,0,0,0,0,0,0,0,0,[1]
LSPosed/MagiskOnWSALocal,CatVII,1,1,0,0,0,0,0,0,0,0,0,0,0,0,[2]
LSPosed/MagiskOnWSALocal,smjwoaini,0,1,0,0,0,0,0,0,0,0,0,0,0,0,[1]
LSPosed/MagiskOnWSALocal,lordistronkis,0,1,0,0,0,0,0,0,0,0,0,0,0,0,[1]
LSPosed/MagiskOnWSALocal,Amirmahdisadegh,1,0,0,0,0,0,0,0,0,0,0,0,0,0,[1]
LSPosed/MagiskOnWSALocal,EricBoon1314,0,1,0,0,0,0,0,0,0,0,0,0,0,0,[1]
LSPosed/MagiskOnWSALocal,noob1c0de,1,1,0,0,0,0,0,0,0,0,0,0,0,0,[2]
LSPosed/MagiskOnWSALocal,Wosadless,1,1,0,0,0,0,0,0,0,0,0,0,0,0,[2]
LSPosed/MagiskOnWSALocal,ElementBridge,1,0,0,0,0,0,0,0,0,0,0,0,0,0,[1]
LSPosed/MagiskOnWSALocal,tariqkkm90,0,1,0,0,0,0,0,0,0,0,0,0,0,0,[1]
LSPosed/MagiskOnWSALocal,salmannazim0,0,2,0,0,0,0,0,0,0,0,0,0,0,0,[2]
LSPosed/MagiskOnWSALocal,meeeil,0,1,0,0,0,0,0,0,0,0,0,0,0,0,[1]
LSPosed/MagiskOnWSALocal,PatZer0,1,0,0,0,0,0,0,0,0,0,0,0,0,0,[1]
LSPosed/MagiskOnWSALocal,yurishouse,1,0,0,0,0,0,0,0,0,0,0,0,0,0,[1]
LSPosed/MagiskOnWSALocal,lvjiaying1984,0,1,0,0,0,0,0,0,0,0,0,0,0,0,[1]
LSPosed/MagiskOnWSALocal,wjz304,1,0,0,0,0,0,0,0,0,0,0,0,0,0,[1]
LSPosed/MagiskOnWSALocal,theeyeofspike,0,1,0,0,0,0,0,0,0,0,0,0,0,0,[1]
LSPosed/MagiskOnWSALocal,baron01,0,1,0,0,0,0,0,0,0,0,0,0,0,0,[1]
LSPosed/MagiskOnWSALocal,oddhw,0,2,0,0,0,0,0,0,0,0,0,0,0,0,[2]
LSPosed/MagiskOnWSALocal,type2diabetes,1,0,0,0,0,0,0,0,0,0,0,0,0,0,[1]
LSPosed/MagiskOnWSALocal,Warmsu,0,2,0,0,0,0,0,0,0,0,0,0,0,0,[2]
LSPosed/MagiskOnWSALocal,CarryWalter,0,1,0,0,0,0,0,0,0,0,0,0,0,0,[1]
LSPosed/MagiskOnWSALocal,dodyakako,1,1,0,0,0,0,0,0,0,0,0,0,0,0,[2]
LSPosed/MagiskOnWSALocal,IllyaTheHath,1,1,0,0,0,0,0,0,0,0,0,0,0,0,[2]
LSPosed/MagiskOnWSALocal,abdulrohkim,0,1,0,0,0,0,0,0,0,0,0,0,0,0,[1]
LSPosed/MagiskOnWSALocal,HideInMatrix,0,1,0,0,0,0,0,0,0,0,0,0,0,0,[1]
LSPosed/MagiskOnWSALocal,wallravit,0,1,0,0,0,0,0,0,0,0,0,0,0,0,[1]
LSPosed/MagiskOnWSALocal,rusly2016,0,1,0,0,0,0,0,0,0,0,0,0,0,0,[1]
LSPosed/MagiskOnWSALocal,MdChunnu,0,1,0,0,0,0,0,0,0,0,0,0,0,0,[1]
LSPosed/MagiskOnWSALocal,hanschan1024,1,1,0,0,0,0,0,0,0,0,0,0,0,0,[2]
LSPosed/MagiskOnWSALocal,Sky1ake,0,1,0,0,0,0,0,0,0,0,0,0,0,0,[1]
LSPosed/MagiskOnWSALocal,mailacct138,1,1,0,0,0,0,0,0,0,0,0,0,0,0,[2]
LSPosed/MagiskOnWSALocal,AR10Dev,1,0,0,0,0,0,0,0,0,0,0,0,0,0,[1]
LSPosed/MagiskOnWSALocal,mohitjathayar,0,1,0,0,0,0,0,0,0,0,0,0,0,0,[1]
LSPosed/MagiskOnWSALocal,jimmyleeking,1,0,0,0,0,0,0,0,0,0,0,0,0,0,[1]
LSPosed/MagiskOnWSALocal,hosseinhomayoun,0,1,0,0,0,0,0,0,0,0,0,0,0,0,[1]
LSPosed/MagiskOnWSALocal,KENZIO123W,0,1,0,0,0,0,0,0,0,0,0,0,0,0,[1]
LSPosed/MagiskOnWSALocal,m-faisal-syed,0,1,0,0,0,0,0,0,0,0,0,0,0,0,[1]
LSPosed/MagiskOnWSALocal,leache1,1,1,0,0,0,0,0,0,0,0,0,0,0,0,[2]
LSPosed/MagiskOnWSALocal,Demon13Alexandr,1,0,0,0,0,0,0,0,0,0,0,0,0,0,[1]
LSPosed/MagiskOnWSALocal,gsj881,1,0,0,0,0,0,0,0,0,0,0,0,0,0,[1]
LSPosed/MagiskOnWSALocal,dhrtht,1,1,0,0,0,0,0,0,0,0,0,0,0,0,[2]
LSPosed/MagiskOnWSALocal,dgpcboy,0,1,0,0,0,0,0,0,0,0,0,0,0,0,[1]
LSPosed/MagiskOnWSALocal,joseluisdfegvd,0,1,0,0,0,0,0,0,0,0,0,0,0,0,[1]
LSPosed/MagiskOnWSALocal,zahidx1,0,1,0,0,0,0,0,0,0,0,0,0,0,0,[1]
LSPosed/MagiskOnWSALocal,Kalam1tyk,0,1,0,0,0,0,0,0,0,0,0,0,0,0,[1]
LSPosed/MagiskOnWSALocal,jian097,0,1,0,0,0,0,0,0,0,0,0,0,0,0,[1]
LSPosed/MagiskOnWSALocal,Relay777,0,1,0,0,0,0,0,0,0,0,0,0,0,0,[1]
LSPosed/MagiskOnWSALocal,DarnisA,1,0,0,0,0,0,0,0,0,0,0,0,0,0,[1]
LSPosed/MagiskOnWSALocal,8milion,0,1,0,0,0,0,0,0,0,0,0,0,0,0,[1]
LSPosed/MagiskOnWSALocal,taw420,1,0,0,0,0,0,0,0,0,0,0,0,0,0,[1]
LSPosed/MagiskOnWSALocal,henikkataaaria,0,1,0,0,0,0,0,0,0,0,0,0,0,0,[1]
LSPosed/MagiskOnWSALocal,RUGBASE,0,1,0,0,0,0,0,0,0,0,0,0,0,0,[1]
LSPosed/MagiskOnWSALocal,amitchristianlee,0,1,0,0,0,0,0,0,0,0,0,0,0,0,[1]
LSPosed/MagiskOnWSALocal,CCmax1980,0,1,0,0,0,0,0,0,0,0,0,0,0,0,[1]
LSPosed/MagiskOnWSALocal,chaosvirus64,0,1,0,0,0,0,0,0,0,0,0,0,0,0,[1]
LSPosed/MagiskOnWSALocal,ashok516835,0,1,0,0,0,0,0,0,0,0,0,0,0,0,[1]
LSPosed/MagiskOnWSALocal,yohamoha1963,0,1,0,0,0,0,0,0,0,0,0,0,0,0,[1]
LSPosed/MagiskOnWSALocal,thepoidom,0,1,0,0,0,0,0,0,0,0,0,0,0,0,[1]
LSPosed/MagiskOnWSALocal,timarine61,0,1,0,0,0,0,0,0,0,0,0,0,0,0,[1]
LSPosed/MagiskOnWSALocal,sahlie1985,0,1,0,0,0,0,0,0,0,0,0,0,0,0,[1]
LSPosed/MagiskOnWSALocal,DeleteYourself,1,0,0,0,0,0,0,0,0,0,0,0,0,0,[1]
LSPosed/MagiskOnWSALocal,joey00072,0,1,0,0,0,0,0,0,0,0,0,0,0,0,[1]
LSPosed/MagiskOnWSALocal,atalayahmet,0,1,0,0,0,0,0,0,0,0,0,0,0,0,[1]
LSPosed/MagiskOnWSALocal,dhxdltx,1,0,0,0,0,0,0,0,0,0,0,0,0,0,[1]
LSPosed/MagiskOnWSALocal,Kentiii,0,1,0,0,0,0,0,0,0,0,0,0,0,0,[1]
LSPosed/MagiskOnWSALocal,ernestxxx,0,1,0,0,0,0,0,0,0,0,0,0,0,0,[1]
LSPosed/MagiskOnWSALocal,mohamadhasanghaemi,0,1,0,0,0,0,0,0,0,0,0,0,0,0,[1]
LSPosed/MagiskOnWSALocal,Siue68,0,1,0,0,0,0,0,0,0,0,0,0,0,0,[1]
LSPosed/MagiskOnWSALocal,kifli1234,0,1,0,0,0,0,0,0,0,0,0,0,0,0,[1]
LSPosed/MagiskOnWSALocal,Loose2013,0,1,0,0,0,0,0,0,0,0,0,0,0,0,[1]
LSPosed/MagiskOnWSALocal,Unex3,1,1,0,0,0,0,0,0,0,0,0,0,0,0,[2]
LSPosed/MagiskOnWSALocal,maulanamukarom,2,1,0,0,0,0,0,0,0,0,0,0,0,0,[3]
LSPosed/MagiskOnWSALocal,ZnDong,0,1,0,0,0,0,0,0,0,0,0,0,0,0,[1]
LSPosed/MagiskOnWSALocal,Yudito13,0,1,0,0,0,0,0,0,0,0,0,0,0,0,[1]
LSPosed/MagiskOnWSALocal,ounantho,1,1,0,0,0,0,0,0,0,0,0,0,0,0,[2]
LSPosed/MagiskOnWSALocal,muskimus,0,1,0,0,0,0,0,0,0,0,0,0,0,0,[1]
LSPosed/MagiskOnWSALocal,haxibami,1,0,0,0,0,0,0,0,0,0,0,0,0,0,[1]
LSPosed/MagiskOnWSALocal,Thanusara,0,1,0,0,0,0,0,0,0,0,0,0,0,0,[1]
LSPosed/MagiskOnWSALocal,fishzhangz,0,1,0,0,0,0,0,0,0,0,0,0,0,0,[1]
LSPosed/MagiskOnWSALocal,mohamedkmal,0,1,0,0,0,0,0,0,0,0,0,0,0,0,[1]
LSPosed/MagiskOnWSALocal,Aditya-m-Arya,0,1,0,0,0,0,0,0,0,0,0,0,0,0,[1]
LSPosed/MagiskOnWSALocal,s5211411r,0,1,0,0,0,0,0,0,0,0,0,0,0,0,[1]
LSPosed/MagiskOnWSALocal,JoanDanielle94,0,1,0,0,0,0,0,0,0,0,0,0,0,0,[1]
LSPosed/MagiskOnWSALocal,GrizlyCreyzi,0,1,0,0,0,0,0,0,0,0,0,0,0,0,[1]
LSPosed/MagiskOnWSALocal,Sulaimanhayat,0,2,0,0,0,0,0,0,0,0,0,0,0,0,[2]
LSPosed/MagiskOnWSALocal,garrett122,0,1,0,0,0,0,0,0,0,0,0,0,0,0,[1]
LSPosed/MagiskOnWSALocal,Mustand-007,0,2,0,0,0,0,0,0,0,0,0,0,0,0,[2]
LSPosed/MagiskOnWSALocal,WeiJun02,1,0,0,0,0,0,0,0,0,0,0,0,0,0,[1]
LSPosed/MagiskOnWSALocal,el4abdu,0,1,0,0,0,0,0,0,0,0,0,0,0,0,[1]
LSPosed/MagiskOnWSALocal,SONOFTHEWOLF90,0,2,0,0,0,0,0,0,0,0,0,0,0,0,[2]
LSPosed/MagiskOnWSALocal,Munginudin,0,1,0,0,0,0,0,0,0,0,0,0,0,0,[1]
LSPosed/MagiskOnWSALocal,xiao-mantou,1,0,0,0,0,0,0,0,0,0,0,0,0,0,[1]
LSPosed/MagiskOnWSALocal,Elsasari15,0,1,0,0,0,0,0,0,0,0,0,0,0,0,[1]
LSPosed/MagiskOnWSALocal,Takecarecare,0,1,0,0,0,0,0,0,0,0,0,0,0,0,[1]
LSPosed/MagiskOnWSALocal,Zengard15,0,3,0,0,0,0,0,0,0,0,0,0,0,0,[3]
LSPosed/MagiskOnWSALocal,kebefrp,1,0,0,0,0,0,0,0,0,0,0,0,0,0,[1]
LSPosed/MagiskOnWSALocal,GoonDoc,0,2,0,0,0,0,0,0,0,0,0,0,0,0,[2]
LSPosed/MagiskOnWSALocal,H1chun,0,2,0,0,0,0,0,0,0,0,0,0,0,0,[2]
LSPosed/MagiskOnWSALocal,mirza1979,0,1,0,0,0,0,0,0,0,0,0,0,0,0,[1]
LSPosed/MagiskOnWSALocal,haryyb,0,1,0,0,0,0,0,0,0,0,0,0,0,0,[1]
LSPosed/MagiskOnWSALocal,yny9111,0,1,0,0,0,0,0,0,0,0,0,0,0,0,[1]
LSPosed/MagiskOnWSALocal,brandsherpas,0,1,0,0,0,0,0,0,0,0,0,0,0,0,[1]
LSPosed/MagiskOnWSALocal,RikuhanX,0,1,0,0,0,0,0,0,0,0,0,0,0,0,[1]
LSPosed/MagiskOnWSALocal,teknetsistemi,0,1,0,0,0,0,0,0,0,0,0,0,0,0,[1]
LSPosed/MagiskOnWSALocal,M7BAZ,0,1,0,0,0,0,0,0,0,0,0,0,0,0,[1]
LSPosed/MagiskOnWSALocal,ayansingha1996,1,1,0,0,0,0,0,0,0,0,0,0,0,0,[2]
LSPosed/MagiskOnWSALocal,alkalaa,0,1,0,0,0,0,0,0,0,0,0,0,0,0,[1]
LSPosed/MagiskOnWSALocal,rafaelsc92,0,1,0,0,0,0,0,0,0,0,0,0,0,0,[1]
LSPosed/MagiskOnWSALocal,ysoyso7,0,1,0,0,0,0,0,0,0,0,0,0,0,0,[1]
LSPosed/MagiskOnWSALocal,ouyen,1,1,0,0,0,0,0,0,0,0,0,0,0,0,[2]
LSPosed/MagiskOnWSALocal,EngeFernando,1,1,0,0,0,0,0,0,0,0,0,0,0,0,[2]
LSPosed/MagiskOnWSALocal,dotnexus,1,0,0,0,0,0,0,0,0,0,0,0,0,0,[1]
LSPosed/MagiskOnWSALocal,IntiHub,0,1,0,0,0,0,0,0,0,0,0,0,0,0,[1]
LSPosed/MagiskOnWSALocal,Creeeeger,0,1,0,0,0,0,0,0,0,0,0,0,0,0,[1]
LSPosed/MagiskOnWSALocal,akinerdem,0,1,0,0,0,0,0,0,0,0,0,0,0,0,[1]
LSPosed/MagiskOnWSALocal,Alastor446b,0,1,0,0,0,0,0,0,0,0,0,0,0,0,[1]
LSPosed/MagiskOnWSALocal,Aleho84,0,1,0,0,0,0,0,0,0,0,0,0,0,0,[1]
LSPosed/MagiskOnWSALocal,chardor,1,0,0,0,0,0,0,0,0,0,0,0,0,0,[1]
LSPosed/MagiskOnWSALocal,Xaleksas,1,1,0,0,0,0,0,0,0,0,0,0,0,0,[2]
LSPosed/MagiskOnWSALocal,aabbmingr11212,0,1,0,0,0,0,0,0,0,0,0,0,0,0,[1]
LSPosed/MagiskOnWSALocal,Fahad5300,0,1,0,0,0,0,0,0,0,0,0,0,0,0,[1]
LSPosed/MagiskOnWSALocal,Melefo,1,0,0,0,0,0,0,0,0,0,0,0,0,0,[1]
LSPosed/MagiskOnWSALocal,ashergz,1,1,0,0,0,0,0,0,0,0,0,0,0,0,[2]
LSPosed/MagiskOnWSALocal,rafaysheraz,0,1,0,0,0,0,0,0,0,0,0,0,0,0,[1]
LSPosed/MagiskOnWSALocal,abelbsir,0,1,0,0,0,0,0,0,0,0,0,0,0,0,[1]
LSPosed/MagiskOnWSALocal,philliplanos,1,0,0,0,0,0,0,0,0,0,0,0,0,0,[1]
LSPosed/MagiskOnWSALocal,kind4hk,1,1,0,0,0,0,0,0,0,0,0,0,0,0,[2]
LSPosed/MagiskOnWSALocal,misononoa,1,0,0,0,0,0,0,0,0,0,0,0,0,0,[1]
LSPosed/MagiskOnWSALocal,redhatworkshop32,0,1,0,0,0,0,0,0,0,0,0,0,0,0,[1]
LSPosed/MagiskOnWSALocal,BenYung,0,1,0,0,0,0,0,0,0,0,0,0,0,0,[1]
LSPosed/MagiskOnWSALocal,ices-1,1,0,0,0,0,0,0,0,0,0,0,0,0,0,[1]
LSPosed/MagiskOnWSALocal,haydenng2009,1,0,0,0,0,0,0,0,0,0,0,0,0,0,[1]
LSPosed/MagiskOnWSALocal,jenkinslabs,0,1,0,0,0,0,0,0,0,0,0,0,0,0,[1]
LSPosed/MagiskOnWSALocal,HugeKC01,0,2,0,0,0,0,0,0,0,0,0,0,0,0,[2]
LSPosed/MagiskOnWSALocal,Fosskee,1,0,0,0,0,0,0,0,0,0,0,0,0,0,[1]
LSPosed/MagiskOnWSALocal,Enterprise3D,1,0,0,0,0,0,0,0,0,0,0,0,0,0,[1]
LSPosed/MagiskOnWSALocal,Salvo2000x,0,1,0,0,0,0,0,0,0,0,0,0,0,0,[1]
LSPosed/MagiskOnWSALocal,BP1606,0,1,0,0,0,0,0,0,0,0,0,0,0,0,[1]
LSPosed/MagiskOnWSALocal,chrislightsaber,0,1,0,0,0,0,0,0,0,0,0,0,0,0,[1]
LSPosed/MagiskOnWSALocal,zih22,0,1,0,0,0,0,0,0,0,0,0,0,0,0,[1]
LSPosed/MagiskOnWSALocal,s1ddhants1,1,0,0,0,0,0,0,0,0,0,0,0,0,0,[1]
LSPosed/MagiskOnWSALocal,dvdshadow,0,1,0,0,0,0,0,0,0,0,0,0,0,0,[1]
LSPosed/MagiskOnWSALocal,allard1997,1,0,0,0,0,0,0,0,0,0,0,0,0,0,[1]
LSPosed/MagiskOnWSALocal,nawirwii,1,1,0,0,0,0,0,0,0,0,0,0,0,0,[2]
LSPosed/MagiskOnWSALocal,WinXsp,0,1,0,0,0,0,0,0,0,0,0,0,0,0,[1]
LSPosed/MagiskOnWSALocal,xbx11,0,1,0,0,0,0,0,0,0,0,0,0,0,0,[1]
LSPosed/MagiskOnWSALocal,jeottesen,1,0,0,0,0,0,0,0,0,0,0,0,0,0,[1]
LSPosed/MagiskOnWSALocal,mayhem14,0,1,0,0,0,0,0,0,0,0,0,0,0,0,[1]
LSPosed/MagiskOnWSALocal,yoyza12358,0,1,0,0,0,0,0,0,0,0,0,0,0,0,[1]
LSPosed/MagiskOnWSALocal,juandi46XD,1,1,0,0,0,0,0,0,0,0,0,0,0,0,[2]
LSPosed/MagiskOnWSALocal,zhengxuLi,0,1,0,0,0,0,0,0,0,0,0,0,0,0,[1]
LSPosed/MagiskOnWSALocal,135462,0,1,0,0,0,0,0,0,0,0,0,0,0,0,[1]
LSPosed/MagiskOnWSALocal,algussss,0,1,0,0,0,0,0,0,0,0,0,0,0,0,[1]
LSPosed/MagiskOnWSALocal,gymmyg2005,1,0,0,0,0,0,0,0,0,0,0,0,0,0,[1]
LSPosed/MagiskOnWSALocal,desertduder,0,2,0,0,0,0,0,0,0,0,0,0,0,0,[2]
LSPosed/MagiskOnWSALocal,dosy001,0,1,0,0,0,0,0,0,0,0,0,0,0,0,[1]
LSPosed/MagiskOnWSALocal,modalhoki,0,1,0,0,0,0,0,0,0,0,0,0,0,0,[1]
LSPosed/MagiskOnWSALocal,Xanderllian,0,1,0,0,0,0,0,0,0,0,0,0,0,0,[1]
LSPosed/MagiskOnWSALocal,svgPhoenix,1,0,0,0,0,0,0,0,0,0,0,0,0,0,[1]
LSPosed/MagiskOnWSALocal,putriramadhani28,0,1,0,0,0,0,0,0,0,0,0,0,0,0,[1]
LSPosed/MagiskOnWSALocal,njdjdj,0,1,0,0,0,0,0,0,0,0,0,0,0,0,[1]
LSPosed/MagiskOnWSALocal,iavjkaede,1,0,0,0,0,0,0,0,0,0,0,0,0,0,[1]
LSPosed/MagiskOnWSALocal,Frozty4628,1,0,0,0,0,0,0,0,0,0,0,0,0,0,[1]
LSPosed/MagiskOnWSALocal,cnly39,1,0,0,0,0,0,0,0,0,0,0,0,0,0,[1]
LSPosed/MagiskOnWSALocal,KyoSakuyo,1,1,0,0,0,0,0,0,0,0,0,0,0,0,[2]
LSPosed/MagiskOnWSALocal,YeZhetai,0,1,0,0,0,0,0,0,0,0,0,0,0,0,[1]
LSPosed/MagiskOnWSALocal,Puneethkethanapalli,1,0,0,0,0,0,0,0,0,0,0,0,0,0,[1]
LSPosed/MagiskOnWSALocal,mauriciodelima2mol,1,1,0,0,0,0,0,0,0,0,0,0,0,0,[2]
LSPosed/MagiskOnWSALocal,willigtr,0,1,0,0,0,0,0,0,0,0,0,0,0,0,[1]
LSPosed/MagiskOnWSALocal,nasu-wasabi,0,1,0,0,0,0,0,0,0,0,0,0,0,0,[1]
LSPosed/MagiskOnWSALocal,strongman22255,0,1,0,0,0,0,0,0,0,0,0,0,0,0,[1]
LSPosed/MagiskOnWSALocal,shakihyun,0,1,0,0,0,0,0,0,0,0,0,0,0,0,[1]
LSPosed/MagiskOnWSALocal,Wangzhedeshu,1,1,0,0,0,0,0,0,0,0,0,0,0,0,[2]
LSPosed/MagiskOnWSALocal,RayHo666,0,1,0,0,0,0,0,0,0,0,0,0,0,0,[1]
LSPosed/MagiskOnWSALocal,PekhPekh1,0,1,0,0,0,0,0,0,0,0,0,0,0,0,[1]
LSPosed/MagiskOnWSALocal,NineKings,0,2,0,0,0,0,0,0,0,0,0,0,0,0,[2]
LSPosed/MagiskOnWSALocal,Anirudh121231,0,1,0,0,0,0,0,0,0,0,0,0,0,0,[1]
LSPosed/MagiskOnWSALocal,DruculaC,1,0,0,0,0,0,0,0,0,0,0,0,0,0,[1]
LSPosed/MagiskOnWSALocal,Kussie,1,1,0,0,0,0,0,0,0,0,0,0,0,0,[2]
LSPosed/MagiskOnWSALocal,Shahriyar-Asghari,1,1,0,0,0,0,0,0,0,0,0,0,0,0,[2]
LSPosed/MagiskOnWSALocal,kfukuta,0,1,0,0,0,0,0,0,0,0,0,0,0,0,[1]
LSPosed/MagiskOnWSALocal,Princeazhar45,0,1,0,0,0,0,0,0,0,0,0,0,0,0,[1]
LSPosed/MagiskOnWSALocal,bessky,0,1,0,0,0,0,0,0,0,0,0,0,0,0,[1]
LSPosed/MagiskOnWSALocal,noname95228,0,1,0,0,0,0,0,0,0,0,0,0,0,0,[1]
LSPosed/MagiskOnWSALocal,sahoonalinikanta,0,1,0,0,0,0,0,0,0,0,0,0,0,0,[1]
LSPosed/MagiskOnWSALocal,Teddytee,0,1,0,0,0,0,0,0,0,0,0,0,0,0,[1]
LSPosed/MagiskOnWSALocal,imfaxli,0,1,0,0,0,0,0,0,0,0,0,0,0,0,[1]
LSPosed/MagiskOnWSALocal,kouhei0831,0,1,0,0,0,0,0,0,0,0,0,0,0,0,[1]
LSPosed/MagiskOnWSALocal,Mysterious-Vanilla,0,1,0,0,0,0,0,0,0,0,0,0,0,0,[1]
LSPosed/MagiskOnWSALocal,elsamoun,1,0,0,0,0,0,0,0,0,0,0,0,0,0,[1]
LSPosed/MagiskOnWSALocal,zuma999,0,1,0,0,0,0,0,0,0,0,0,0,0,0,[1]
LSPosed/MagiskOnWSALocal,l3ladenine,1,0,0,0,0,0,0,0,0,0,0,0,0,0,[1]
LSPosed/MagiskOnWSALocal,MikuDroid,1,0,0,0,0,0,0,0,0,0,0,0,0,0,[1]
LSPosed/MagiskOnWSALocal,Stikey94,0,1,0,0,0,0,0,0,0,0,0,0,0,0,[1]
LSPosed/MagiskOnWSALocal,belgacem1,0,1,0,0,0,0,0,0,0,0,0,0,0,0,[1]
LSPosed/MagiskOnWSALocal,HUMENTH,1,1,0,0,0,0,0,0,0,0,0,0,0,0,[2]
LSPosed/MagiskOnWSALocal,ryulamp,0,1,0,0,0,0,0,0,0,0,0,0,0,0,[1]
LSPosed/MagiskOnWSALocal,raeedh,1,1,0,0,0,0,0,0,0,0,0,0,0,0,[2]
LSPosed/MagiskOnWSALocal,demoh77,1,0,0,0,0,0,0,0,0,0,0,0,0,0,[1]
LSPosed/MagiskOnWSALocal,yuchi0531,0,1,0,0,0,0,0,0,0,0,0,0,0,0,[1]
LSPosed/MagiskOnWSALocal,tranhoang75,0,1,0,0,0,0,0,0,0,0,0,0,0,0,[1]
LSPosed/MagiskOnWSALocal,vicchor,0,1,0,0,0,0,0,0,0,0,0,0,0,0,[1]
LSPosed/MagiskOnWSALocal,sakurai-nozomi,1,1,0,0,0,0,0,0,0,0,0,0,0,0,[2]
LSPosed/MagiskOnWSALocal,isaali93,0,1,0,0,0,0,0,0,0,0,0,0,0,0,[1]
LSPosed/MagiskOnWSALocal,Hot-Van,0,1,0,0,0,0,0,0,0,0,0,0,0,0,[1]
LSPosed/MagiskOnWSALocal,DanJack23o5,0,1,0,0,0,0,0,0,0,0,0,0,0,0,[1]
LSPosed/MagiskOnWSALocal,heisjaycee,0,1,0,0,0,0,0,0,0,0,0,0,0,0,[1]
LSPosed/MagiskOnWSALocal,BananaConInsomnio,0,1,0,0,0,0,0,0,0,0,0,0,0,0,[1]
LSPosed/MagiskOnWSALocal,ianchb,0,1,0,0,0,0,0,0,0,0,0,0,0,0,[1]
LSPosed/MagiskOnWSALocal,Duqinsen,0,1,0,0,0,0,0,0,0,0,0,0,0,0,[1]
LSPosed/MagiskOnWSALocal,yomitchta,0,1,0,0,0,0,0,0,0,0,0,0,0,0,[1]
LSPosed/MagiskOnWSALocal,OLIGZENDOOR,0,1,0,0,0,0,0,0,0,0,0,0,0,0,[1]
LSPosed/MagiskOnWSALocal,thelotusdroid,1,0,0,0,0,0,0,0,0,0,0,0,0,0,[1]
LSPosed/MagiskOnWSALocal,notrixum,0,1,0,0,0,0,0,0,0,0,0,0,0,0,[1]
LSPosed/MagiskOnWSALocal,exzilcalanza,0,2,0,0,0,0,0,0,0,0,0,0,0,0,[2]
LSPosed/MagiskOnWSALocal,thatrajput,0,1,0,0,0,0,0,0,0,0,0,0,0,0,[1]
LSPosed/MagiskOnWSALocal,Super12138,0,1,0,0,0,0,0,0,0,0,0,0,0,0,[1]
LSPosed/MagiskOnWSALocal,Zappingsbrew,0,1,0,0,0,0,0,0,0,0,0,0,0,0,[1]
LSPosed/MagiskOnWSALocal,CoolBrainz,0,2,0,0,0,0,0,0,0,0,0,0,0,0,[2]
LSPosed/MagiskOnWSALocal,patelgh,0,1,0,0,0,0,0,0,0,0,0,0,0,0,[1]
LSPosed/MagiskOnWSALocal,Marlon5775,0,1,0,0,0,0,0,0,0,0,0,0,0,0,[1]
LSPosed/MagiskOnWSALocal,438516,0,1,0,0,0,0,0,0,0,0,0,0,0,0,[1]
LSPosed/MagiskOnWSALocal,justanamefornow,0,1,0,0,0,0,0,0,0,0,0,0,0,0,[1]
LSPosed/MagiskOnWSALocal,lzhk0815,0,1,0,0,0,0,0,0,0,0,0,0,0,0,[1]
LSPosed/MagiskOnWSALocal,tarunkry2001,0,1,0,0,0,0,0,0,0,0,0,0,0,0,[1]
LSPosed/MagiskOnWSALocal,rajatjr07,0,1,0,0,0,0,0,0,0,0,0,0,0,0,[1]
LSPosed/MagiskOnWSALocal,godble55me,0,1,0,0,0,0,0,0,0,0,0,0,0,0,[1]
LSPosed/MagiskOnWSALocal,Bups28,0,1,0,0,0,0,0,0,0,0,0,0,0,0,[1]
LSPosed/MagiskOnWSALocal,SAIRAMEDITS,0,1,0,0,0,0,0,0,0,0,0,0,0,0,[1]
LSPosed/MagiskOnWSALocal,techvlsiclub,0,1,0,0,0,0,0,0,0,0,0,0,0,0,[1]
LSPosed/MagiskOnWSALocal,skvorecoo,1,1,0,0,0,0,0,0,0,0,0,0,0,0,[2]
LSPosed/MagiskOnWSALocal,ZycoJiun,1,1,0,0,0,0,0,0,0,0,0,0,0,0,[2]
LSPosed/MagiskOnWSALocal,sulamanrai,0,1,0,0,0,0,0,0,0,0,0,0,0,0,[1]
LSPosed/MagiskOnWSALocal,aswzd,0,1,0,0,0,0,0,0,0,0,0,0,0,0,[1]
LSPosed/MagiskOnWSALocal,Djo999,1,0,0,0,0,0,0,0,0,0,0,0,0,0,[1]
LSPosed/MagiskOnWSALocal,AryanSachan1,0,2,0,0,0,0,0,0,0,0,0,0,0,0,[2]
LSPosed/MagiskOnWSALocal,Asma-programmation,0,1,0,0,0,0,0,0,0,0,0,0,0,0,[1]
LSPosed/MagiskOnWSALocal,hacker17052005,0,1,0,0,0,0,0,0,0,0,0,0,0,0,[1]
LSPosed/MagiskOnWSALocal,jwr12135,1,0,0,0,0,0,0,0,0,0,0,0,0,0,[1]
LSPosed/MagiskOnWSALocal,Elzahed98,0,1,0,0,0,0,0,0,0,0,0,0,0,0,[1]
LSPosed/MagiskOnWSALocal,AaronKhoolb,0,1,0,0,0,0,0,0,0,0,0,0,0,0,[1]
LSPosed/MagiskOnWSALocal,kanking,1,0,0,0,0,0,0,0,0,0,0,0,0,0,[1]
LSPosed/MagiskOnWSALocal,Shivamsingh019,0,1,0,0,0,0,0,0,0,0,0,0,0,0,[1]
LSPosed/MagiskOnWSALocal,Kristijan1001,1,0,0,0,0,0,0,0,0,0,0,0,0,0,[1]
LSPosed/MagiskOnWSALocal,Sailesh035,0,1,0,0,0,0,0,0,0,0,0,0,0,0,[1]
LSPosed/MagiskOnWSALocal,haristhebest,0,1,0,0,0,0,0,0,0,0,0,0,0,0,[1]
LSPosed/MagiskOnWSALocal,amarzouggar,1,0,0,0,0,1,0,0,0,0,0,0,0,0,[2]
LSPosed/MagiskOnWSALocal,jasonpuff,0,1,0,0,0,0,0,0,0,0,0,0,0,0,[1]
LSPosed/MagiskOnWSALocal,dclark8821,0,1,0,0,0,0,0,0,0,0,0,0,0,0,[1]
LSPosed/MagiskOnWSALocal,kkaon51,1,1,0,0,0,0,0,0,0,0,0,0,0,0,[2]
LSPosed/MagiskOnWSALocal,machine-doll,1,0,0,0,0,0,0,0,0,0,0,0,0,0,[1]
LSPosed/MagiskOnWSALocal,chmp02,0,1,0,0,0,0,0,0,0,0,0,0,0,0,[1]
LSPosed/MagiskOnWSALocal,Noor-18101001-255,0,2,0,0,0,0,0,0,0,0,0,0,0,0,[2]
LSPosed/MagiskOnWSALocal,giova-fonseca,0,1,0,0,0,0,0,0,0,0,0,0,0,0,[1]
LSPosed/MagiskOnWSALocal,nipaporn24,0,1,0,0,0,0,0,0,0,0,0,0,0,0,[1]
LSPosed/MagiskOnWSALocal,Calonzo0,0,1,0,0,0,0,0,0,0,0,0,0,0,0,[1]
LSPosed/MagiskOnWSALocal,skycat2216,1,0,0,0,0,0,0,0,0,0,0,0,0,0,[1]
LSPosed/MagiskOnWSALocal,Sp4rky001,1,0,0,0,0,0,0,0,0,0,0,0,0,0,[1]
LSPosed/MagiskOnWSALocal,Falconsb80,0,1,0,0,0,0,0,0,0,0,0,0,0,0,[1]
LSPosed/MagiskOnWSALocal,xaumaxao69,0,1,0,0,0,0,0,0,0,0,0,0,0,0,[1]
LSPosed/MagiskOnWSALocal,pynbbz,1,0,0,0,0,0,0,0,0,0,0,0,0,0,[1]
LSPosed/MagiskOnWSALocal,ZeroX1ng,1,0,0,0,0,0,0,0,0,0,0,0,0,0,[1]
LSPosed/MagiskOnWSALocal,noobkun,0,1,0,0,0,0,0,0,0,0,0,0,0,0,[1]
LSPosed/MagiskOnWSALocal,christianlc00,2,1,0,0,0,0,0,0,0,0,0,0,0,0,[3]
LSPosed/MagiskOnWSALocal,mkelly72,0,1,0,0,0,2,0,0,0,0,0,0,0,0,[3]
LSPosed/MagiskOnWSALocal,HYFEST-ANDROID,0,1,0,0,0,0,0,0,0,0,0,0,0,0,[1]
LSPosed/MagiskOnWSALocal,Marti-Ferret,0,1,0,0,0,0,0,0,0,0,0,0,0,0,[1]
LSPosed/MagiskOnWSALocal,Halcon1961,0,1,0,0,0,0,0,0,0,0,0,0,0,0,[1]
LSPosed/MagiskOnWSALocal,ABODESAEED,0,1,0,0,0,0,0,0,0,0,0,0,0,0,[1]
LSPosed/MagiskOnWSALocal,Elrizck,0,1,0,0,0,0,0,0,0,0,0,0,0,0,[1]
LSPosed/MagiskOnWSALocal,Nova123gf,0,1,0,0,0,0,0,0,0,0,0,0,0,0,[1]
LSPosed/MagiskOnWSALocal,jorge17530,0,1,0,0,0,0,0,0,0,0,0,0,0,0,[1]
LSPosed/MagiskOnWSALocal,Bilalxl,0,1,0,0,0,0,0,0,0,0,0,0,0,0,[1]
LSPosed/MagiskOnWSALocal,a7medellithy,0,1,0,0,0,0,0,0,0,0,0,0,0,0,[1]
LSPosed/MagiskOnWSALocal,gebilaowang438,0,1,0,0,0,0,0,0,0,0,0,0,0,0,[1]
LSPosed/MagiskOnWSALocal,Allpasslol,0,1,0,0,0,0,0,0,0,0,0,0,0,0,[1]
LSPosed/MagiskOnWSALocal,khsms24,0,1,0,0,0,0,0,0,0,0,0,0,0,0,[1]
LSPosed/MagiskOnWSALocal,ashkorehennessy,1,0,0,0,0,0,0,0,0,0,0,0,0,0,[1]
LSPosed/MagiskOnWSALocal,Kozo1200,0,1,0,0,0,0,0,0,0,0,0,0,0,0,[1]
LSPosed/MagiskOnWSALocal,EvanSimonson,1,1,0,0,0,0,0,0,0,0,0,0,0,0,[2]
LSPosed/MagiskOnWSALocal,NACMORIDREEM15,0,1,0,0,0,0,0,0,0,0,0,0,0,0,[1]
LSPosed/MagiskOnWSALocal,Riocel,1,1,0,0,0,0,0,0,0,0,0,0,0,0,[2]
LSPosed/MagiskOnWSALocal,evan14759,0,1,0,0,0,0,0,0,0,0,0,0,0,0,[1]
LSPosed/MagiskOnWSALocal,eleigh7,0,1,0,0,0,0,0,0,0,0,0,0,0,0,[1]
LSPosed/MagiskOnWSALocal,Txchsprt,0,1,0,0,0,0,0,0,0,0,0,0,0,0,[1]
LSPosed/MagiskOnWSALocal,stark8787,0,1,0,0,0,0,0,0,0,0,0,0,0,0,[1]
LSPosed/MagiskOnWSALocal,bhalu12,0,1,0,0,0,0,0,0,0,0,0,0,0,0,[1]
LSPosed/MagiskOnWSALocal,ahmed99222222,0,1,0,0,0,0,0,0,0,0,0,0,0,0,[1]
LSPosed/MagiskOnWSALocal,OlyAndy,1,0,0,0,0,0,0,0,0,0,0,0,0,0,[1]
LSPosed/MagiskOnWSALocal,muhammadbahaa2001,0,1,0,0,0,0,0,0,0,0,0,0,0,0,[1]
LSPosed/MagiskOnWSALocal,yohansel2315,0,1,0,0,0,0,0,0,0,0,0,0,0,0,[1]
LSPosed/MagiskOnWSALocal,zimurinda12,0,1,0,0,0,0,0,0,0,0,0,0,0,0,[1]
LSPosed/MagiskOnWSALocal,giova-kaizen,0,1,0,0,0,0,0,0,0,0,0,0,0,0,[1]
LSPosed/MagiskOnWSALocal,fram446742,1,1,0,0,0,0,0,0,0,0,0,0,0,0,[2]
LSPosed/MagiskOnWSALocal,StovallFamily,0,1,0,0,0,0,0,0,0,0,0,0,0,0,[1]
LSPosed/MagiskOnWSALocal,jrolleto,0,1,0,0,0,0,0,0,0,0,0,0,0,0,[1]
LSPosed/MagiskOnWSALocal,orufk,0,1,0,0,0,0,0,0,0,0,0,0,0,0,[1]
LSPosed/MagiskOnWSALocal,Zerubel,1,1,0,1,0,0,0,0,0,0,0,0,0,0,[3]
LSPosed/MagiskOnWSALocal,VencesKratos,0,1,0,0,0,0,0,0,0,0,0,0,0,0,[1]
LSPosed/MagiskOnWSALocal,refki29,0,1,0,0,0,0,0,0,0,0,0,0,0,0,[1]
LSPosed/MagiskOnWSALocal,ManWithTheCane,0,1,0,0,0,0,0,0,0,0,0,0,0,0,[1]
LSPosed/MagiskOnWSALocal,tocri,0,1,0,0,0,0,0,0,0,0,0,0,0,0,[1]
LSPosed/MagiskOnWSALocal,wils0n168,0,1,0,0,0,0,0,0,0,0,0,0,0,0,[1]
LSPosed/MagiskOnWSALocal,aliso1234,0,1,0,0,0,0,0,0,0,0,0,0,0,0,[1]
LSPosed/MagiskOnWSALocal,zhouzhi555,0,1,0,0,0,0,0,0,0,0,0,0,0,0,[1]
LSPosed/MagiskOnWSALocal,JJLanJJ,0,1,0,0,0,0,0,0,0,0,0,0,0,0,[1]
LSPosed/MagiskOnWSALocal,Alex1976Go,1,1,0,0,0,0,0,0,0,0,0,0,0,0,[2]
LSPosed/MagiskOnWSALocal,hkscript,0,1,0,0,0,0,0,0,0,0,0,0,0,0,[1]
LSPosed/MagiskOnWSALocal,asdfasfz142,1,0,0,0,0,0,0,0,0,0,0,0,0,0,[1]
LSPosed/MagiskOnWSALocal,noahschulz,1,0,0,0,0,0,0,0,0,0,0,0,0,0,[1]
LSPosed/MagiskOnWSALocal,hey07,1,1,0,0,0,0,0,0,0,0,0,0,0,0,[2]
LSPosed/MagiskOnWSALocal,mienesto,0,1,0,0,0,0,0,0,0,0,0,0,0,0,[1]
LSPosed/MagiskOnWSALocal,vkk1903,0,1,0,0,0,0,0,0,0,0,0,0,0,0,[1]
LSPosed/MagiskOnWSALocal,JDhruv14,1,1,0,0,0,0,0,0,0,0,0,0,0,0,[2]
LSPosed/MagiskOnWSALocal,jetro777,0,1,0,0,0,0,0,0,0,0,0,0,0,0,[1]
LSPosed/MagiskOnWSALocal,Shampak1,2,1,0,0,0,0,0,0,0,0,0,0,0,0,[3]
LSPosed/MagiskOnWSALocal,genfunk96,0,1,0,0,0,0,0,0,0,0,0,0,0,0,[1]
LSPosed/MagiskOnWSALocal,stanel2500,0,1,0,0,0,2,0,0,0,0,0,0,0,0,[3]
LSPosed/MagiskOnWSALocal,emCoder20,0,1,0,0,0,0,0,0,0,0,0,0,0,0,[1]
LSPosed/MagiskOnWSALocal,insanbas,0,1,0,0,0,0,0,0,0,0,0,0,0,0,[1]
LSPosed/MagiskOnWSALocal,omegamalkior,0,1,0,0,0,0,0,0,0,0,0,0,0,0,[1]
LSPosed/MagiskOnWSALocal,syahrilramdhan,0,1,0,0,0,0,0,0,0,0,0,0,0,0,[1]
LSPosed/MagiskOnWSALocal,loony321,1,0,0,0,0,0,0,0,0,0,0,0,0,0,[1]
LSPosed/MagiskOnWSALocal,shekarravula888,0,1,0,0,0,0,0,0,0,0,0,0,0,0,[1]
LSPosed/MagiskOnWSALocal,JeySkin,0,1,0,0,0,0,0,0,0,0,0,0,0,0,[1]
LSPosed/MagiskOnWSALocal,hthhello,0,1,0,0,0,0,0,0,0,0,0,0,0,0,[1]
LSPosed/MagiskOnWSALocal,puerlove,1,1,0,0,0,0,0,0,0,0,0,0,0,0,[2]
LSPosed/MagiskOnWSALocal,karwasra420,0,1,0,0,0,0,0,0,0,0,0,0,0,0,[1]
LSPosed/MagiskOnWSALocal,neonmaus,1,0,0,0,0,0,0,0,0,0,0,0,0,0,[1]
LSPosed/MagiskOnWSALocal,tantails,0,1,0,0,0,0,0,0,0,0,0,0,0,0,[1]
LSPosed/MagiskOnWSALocal,NearlyDeadline,1,0,0,0,0,0,0,0,0,0,0,0,0,0,[1]
LSPosed/MagiskOnWSALocal,0711442959,0,1,0,0,0,1,0,0,0,0,0,0,0,0,[2]
LSPosed/MagiskOnWSALocal,Sidonius89,1,1,0,0,0,0,0,0,0,0,0,0,0,0,[2]
LSPosed/MagiskOnWSALocal,asrghub,0,1,0,0,0,0,0,0,0,0,0,0,0,0,[1]
LSPosed/MagiskOnWSALocal,abolahab2002,0,1,0,0,0,0,0,0,0,0,0,0,0,0,[1]
LSPosed/MagiskOnWSALocal,luckykumar55557,0,1,0,0,0,0,0,0,0,0,0,0,0,0,[1]
LSPosed/MagiskOnWSALocal,Reborn4400,0,1,0,0,0,0,0,0,0,0,0,0,0,0,[1]
LSPosed/MagiskOnWSALocal,Yooooooooooo,1,0,0,0,0,0,0,0,0,0,0,0,0,0,[1]
LSPosed/MagiskOnWSALocal,EN906,0,1,0,0,0,0,0,0,0,0,0,0,0,0,[1]
LSPosed/MagiskOnWSALocal,bongkage,1,1,0,0,0,0,0,0,0,0,0,0,0,0,[2]
LSPosed/MagiskOnWSALocal,Emiilychiquita,0,3,0,0,0,0,0,0,0,0,0,0,0,0,[3]
LSPosed/MagiskOnWSALocal,ToasterDEV,1,0,0,0,0,0,0,0,0,0,0,0,0,0,[1]
LSPosed/MagiskOnWSALocal,Tsukasa-Nefren,0,1,0,0,0,0,0,0,0,0,0,0,0,0,[1]
LSPosed/MagiskOnWSALocal,13309000900,0,1,0,0,0,0,0,0,0,0,0,0,0,0,[1]
LSPosed/MagiskOnWSALocal,achieve-dream1221,1,1,0,0,0,0,0,0,0,0,0,0,0,0,[2]
LSPosed/MagiskOnWSALocal,bizco8,0,1,0,0,0,0,0,0,0,0,0,0,0,0,[1]
LSPosed/MagiskOnWSALocal,fourmulaic,1,1,0,0,0,0,0,0,0,0,0,0,0,0,[2]
LSPosed/MagiskOnWSALocal,trollmaster052,0,1,0,0,0,0,0,0,0,0,0,0,0,0,[1]
LSPosed/MagiskOnWSALocal,Cortexian,0,0,2,0,0,0,0,0,0,0,0,0,0,0,[2]
LSPosed/MagiskOnWSALocal,adu731,0,1,0,0,0,0,0,0,0,0,0,0,0,0,[1]
LSPosed/MagiskOnWSALocal,adminsupportcabang,0,1,0,0,0,0,0,0,0,0,0,0,0,0,[1]
LSPosed/MagiskOnWSALocal,MerlinEvansas,0,1,0,0,0,0,0,0,0,0,0,0,0,0,[1]
LSPosed/MagiskOnWSALocal,Keebmyster72,0,1,0,0,0,0,0,0,0,0,0,0,0,0,[1]
LSPosed/MagiskOnWSALocal,ADNAN-N-MAJEED,0,1,0,0,0,0,0,0,0,0,0,0,0,0,[1]
LSPosed/MagiskOnWSALocal,tanjiunnyann,0,1,0,0,0,0,0,0,0,0,0,0,0,0,[1]
LSPosed/MagiskOnWSALocal,kokarare1212,0,1,0,0,0,1,0,0,0,0,0,0,0,0,[2]
LSPosed/MagiskOnWSALocal,DDuran44,1,1,0,0,0,0,0,0,0,0,0,0,0,0,[2]
LSPosed/MagiskOnWSALocal,skahmad936,0,1,0,0,0,0,0,0,0,0,0,0,0,0,[1]
LSPosed/MagiskOnWSALocal,villchrz,0,1,0,0,0,0,0,0,0,0,0,0,0,0,[1]
LSPosed/MagiskOnWSALocal,pastel33,0,1,0,0,0,0,0,0,0,0,0,0,0,0,[1]
LSPosed/MagiskOnWSALocal,anthonyphiringeee,0,1,0,0,0,0,0,0,0,0,0,0,0,0,[1]
LSPosed/MagiskOnWSALocal,lipokong,0,1,0,0,0,0,0,0,0,0,0,0,0,0,[1]
LSPosed/MagiskOnWSALocal,nelios,0,2,0,0,0,0,0,0,0,0,0,0,0,0,[2]
LSPosed/MagiskOnWSALocal,Rashel1307023,0,1,0,0,0,0,0,0,0,0,0,0,0,0,[1]
LSPosed/MagiskOnWSALocal,icbh,1,1,0,0,0,0,0,0,0,0,0,0,0,0,[2]
LSPosed/MagiskOnWSALocal,Dr0Nx64,1,0,0,0,0,0,0,0,0,0,0,0,0,0,[1]
LSPosed/MagiskOnWSALocal,swenadotbiz,0,1,0,0,0,0,0,0,0,0,0,0,0,0,[1]
LSPosed/MagiskOnWSALocal,SosimpleGr,0,1,0,0,0,0,0,0,0,0,0,0,0,0,[1]
LSPosed/MagiskOnWSALocal,andmpel,0,0,0,1,0,0,0,0,0,0,0,0,0,0,[1]
LSPosed/MagiskOnWSALocal,Valentin582971,0,1,0,0,0,0,0,0,0,0,0,0,0,0,[1]
LSPosed/MagiskOnWSALocal,s1204IT,0,0,4,0,0,1,0,0,0,0,0,0,0,0,[5]
LSPosed/MagiskOnWSALocal,SRico23,0,1,0,0,0,0,0,0,0,0,0,0,0,0,[1]
LSPosed/MagiskOnWSALocal,Ready2goNL,1,1,0,0,0,0,0,0,0,0,0,0,0,0,[2]
LSPosed/MagiskOnWSALocal,BeardedRaged,0,1,0,0,0,0,0,0,0,0,0,0,0,0,[1]
LSPosed/MagiskOnWSALocal,sourclab,0,1,0,0,0,0,0,0,0,0,0,0,0,0,[1]
LSPosed/MagiskOnWSALocal,Zeroo122,1,1,0,0,0,0,0,0,0,0,0,0,0,0,[2]
LSPosed/MagiskOnWSALocal,Wedition,1,1,0,0,0,0,0,0,0,0,0,0,0,0,[2]
LSPosed/MagiskOnWSALocal,AhmedAOsman,0,1,0,0,0,0,0,0,0,0,0,0,0,0,[1]
LSPosed/MagiskOnWSALocal,shodaski,0,1,0,0,0,0,0,0,0,0,0,0,0,0,[1]
LSPosed/MagiskOnWSALocal,ElPatas,1,0,0,0,0,0,0,0,0,0,0,0,0,0,[1]
LSPosed/MagiskOnWSALocal,DavidPisces,1,0,0,0,0,0,0,0,0,0,0,0,0,0,[1]
LSPosed/MagiskOnWSALocal,hamidkaviyani,0,1,0,0,0,0,0,0,0,0,0,0,0,0,[1]
LSPosed/MagiskOnWSALocal,simedcn,1,1,0,0,0,0,0,0,0,0,0,0,0,0,[2]
LSPosed/MagiskOnWSALocal,BrunoLCA95,0,1,0,0,0,0,0,0,0,0,0,0,0,0,[1]
LSPosed/MagiskOnWSALocal,someone5678,0,1,0,0,0,1,0,0,0,0,0,0,0,0,[2]
LSPosed/MagiskOnWSALocal,neoanalysis,0,1,0,0,0,0,0,0,0,0,0,0,0,0,[1]
LSPosed/MagiskOnWSALocal,PRASHANTH69KULAL,0,1,0,0,0,0,0,0,0,0,0,0,0,0,[1]
LSPosed/MagiskOnWSALocal,bjdealey,0,1,0,0,0,0,0,0,0,0,0,0,0,0,[1]
LSPosed/MagiskOnWSALocal,tobexeon,0,1,0,0,0,0,0,0,0,0,0,0,0,0,[1]
LSPosed/MagiskOnWSALocal,KimJisoo0304,0,1,0,0,0,0,0,0,0,0,0,0,0,0,[1]
LSPosed/MagiskOnWSALocal,QQ1246451913,0,2,0,0,0,0,0,0,0,0,0,0,0,0,[2]
LSPosed/MagiskOnWSALocal,tteow233,0,1,0,0,0,0,0,0,0,0,0,0,0,0,[1]
LSPosed/MagiskOnWSALocal,gzcrayon,1,1,0,0,0,0,0,0,0,0,0,0,0,0,[2]
LSPosed/MagiskOnWSALocal,iswantojr18,0,1,0,0,0,0,0,0,0,0,0,0,0,0,[1]
LSPosed/MagiskOnWSALocal,KiD015,0,1,0,0,0,0,0,0,0,0,0,0,0,0,[1]
LSPosed/MagiskOnWSALocal,hidearname,0,1,0,0,0,0,0,0,0,0,0,0,0,0,[1]
LSPosed/MagiskOnWSALocal,ThierryvanR,0,1,0,0,0,0,0,0,0,0,0,0,0,0,[1]
LSPosed/MagiskOnWSALocal,LordBlack006,0,1,0,0,0,0,0,0,0,0,0,0,0,0,[1]
LSPosed/MagiskOnWSALocal,DHRUV2345,0,1,0,0,0,0,0,0,0,0,0,0,0,0,[1]
LSPosed/MagiskOnWSALocal,YagamiMirai,1,0,0,0,0,0,0,0,0,0,0,0,0,0,[1]
LSPosed/MagiskOnWSALocal,wheeler1420840,0,1,0,0,0,0,0,0,0,0,0,0,0,0,[1]
LSPosed/MagiskOnWSALocal,Sergo1217,1,0,0,0,0,0,0,0,0,0,0,0,0,0,[1]
LSPosed/MagiskOnWSALocal,strongerr1234,0,1,0,0,0,0,0,0,0,0,0,0,0,0,[1]
LSPosed/MagiskOnWSALocal,MaskedGitCat2164,0,1,0,0,0,0,0,0,0,0,0,0,0,0,[1]
LSPosed/MagiskOnWSALocal,jianw0808,0,1,0,0,0,0,0,0,0,0,0,0,0,0,[1]
LSPosed/MagiskOnWSALocal,thejakarnati,1,0,0,0,0,0,0,0,0,0,0,0,0,0,[1]
LSPosed/MagiskOnWSALocal,miaulightouch,0,0,2,0,0,0,0,0,0,0,0,0,0,0,[2]
LSPosed/MagiskOnWSALocal,fahimfaisaladitto,0,1,0,0,0,0,0,0,0,0,0,0,0,0,[1]
LSPosed/MagiskOnWSALocal,WindowsPcLife,0,2,0,0,0,0,0,0,0,0,0,0,0,0,[2]
LSPosed/MagiskOnWSALocal,alghozi06,0,1,0,0,0,0,0,0,0,0,0,0,0,0,[1]
LSPosed/MagiskOnWSALocal,annonymoushacker48,0,1,0,0,0,0,0,0,0,0,0,0,0,0,[1]
LSPosed/MagiskOnWSALocal,dachinchilla91,0,1,0,0,0,0,0,0,0,0,0,0,0,0,[1]
LSPosed/MagiskOnWSALocal,rlewkowicz,1,0,0,0,0,0,0,0,0,0,0,0,0,0,[1]
LSPosed/MagiskOnWSALocal,Emoic,0,1,0,0,0,0,0,0,0,0,0,0,0,0,[1]
LSPosed/MagiskOnWSALocal,Druboo666,1,0,0,0,0,0,0,0,0,0,0,0,0,0,[1]
LSPosed/MagiskOnWSALocal,VedatArda,0,1,0,0,0,0,0,0,0,0,0,0,0,0,[1]
LSPosed/MagiskOnWSALocal,voxdub,0,1,0,0,0,0,0,0,0,0,0,0,0,0,[1]
LSPosed/MagiskOnWSALocal,4klmo2xyz,0,1,0,0,0,0,0,0,0,0,0,0,0,0,[1]
LSPosed/MagiskOnWSALocal,GustavoLocow,0,2,0,0,0,0,0,0,0,0,0,0,0,0,[2]
LSPosed/MagiskOnWSALocal,alixTal,0,1,0,0,0,0,0,0,0,0,0,0,0,0,[1]
LSPosed/MagiskOnWSALocal,YiDta,0,1,0,0,0,0,0,0,0,0,0,0,0,0,[1]
LSPosed/MagiskOnWSALocal,KAVIN-GANAPATHY,0,1,0,0,0,0,0,0,0,0,0,0,0,0,[1]
LSPosed/MagiskOnWSALocal,Athul2444,0,1,0,0,0,0,0,0,0,0,0,0,0,0,[1]
LSPosed/MagiskOnWSALocal,singhs80,0,1,0,0,0,0,0,0,0,0,0,0,0,0,[1]
LSPosed/MagiskOnWSALocal,Jabba26,1,1,0,0,0,0,0,0,0,0,0,0,0,0,[2]
LSPosed/MagiskOnWSALocal,peyrouzeta,0,1,0,0,0,0,0,0,0,0,0,0,0,0,[1]
LSPosed/MagiskOnWSALocal,pabloadani,1,1,0,0,0,0,0,0,0,0,0,0,0,0,[2]
LSPosed/MagiskOnWSALocal,Shankar791994,0,1,0,0,0,0,0,0,0,0,0,0,0,0,[1]
LSPosed/MagiskOnWSALocal,AIsaacMN,0,1,0,0,0,0,0,0,0,0,0,0,0,0,[1]
LSPosed/MagiskOnWSALocal,abdobyyfyy,0,1,0,0,0,0,0,0,0,0,0,0,0,0,[1]
LSPosed/MagiskOnWSALocal,wassimry,0,1,0,0,0,0,0,0,0,0,0,0,0,0,[1]
LSPosed/MagiskOnWSALocal,seamonkey420,1,0,0,0,0,0,0,0,0,0,0,0,0,0,[1]
LSPosed/MagiskOnWSALocal,azure0011,0,1,0,0,0,0,0,0,0,0,0,0,0,0,[1]
LSPosed/MagiskOnWSALocal,Donovan2645,0,1,0,0,0,0,0,0,0,0,0,0,0,0,[1]
LSPosed/MagiskOnWSALocal,DarrellDriver,0,1,0,0,0,0,0,0,0,0,0,0,0,0,[1]
LSPosed/MagiskOnWSALocal,mistakins,0,2,0,0,0,0,0,0,0,0,0,0,0,0,[2]
LSPosed/MagiskOnWSALocal,stairwayheaven11,1,1,0,0,0,0,0,0,0,0,0,0,0,0,[2]
LSPosed/MagiskOnWSALocal,Yoichi591,1,0,0,0,0,0,0,0,0,0,0,0,0,0,[1]
LSPosed/MagiskOnWSALocal,19jamel19,1,1,0,0,0,0,0,0,0,0,0,0,0,0,[2]
LSPosed/MagiskOnWSALocal,phoenixcluster,0,1,0,0,0,0,0,0,0,0,0,0,0,0,[1]
LSPosed/MagiskOnWSALocal,brugr,1,0,0,0,0,0,0,0,0,0,0,0,0,0,[1]
LSPosed/MagiskOnWSALocal,marley183rd,0,2,0,0,0,0,0,0,0,0,0,0,0,0,[2]
LSPosed/MagiskOnWSALocal,knmitov,1,0,0,0,0,0,0,0,0,0,0,0,0,0,[1]
LSPosed/MagiskOnWSALocal,zhongkai6897,0,1,0,0,0,0,0,0,0,0,0,0,0,0,[1]
LSPosed/MagiskOnWSALocal,andrew20110402,0,1,0,0,0,0,0,0,0,0,0,0,0,0,[1]
LSPosed/MagiskOnWSALocal,Trifax101,0,1,0,0,0,0,0,0,0,0,0,0,0,0,[1]
LSPosed/MagiskOnWSALocal,anurodhahmed,0,1,0,0,0,0,0,0,0,0,0,0,0,0,[1]
LSPosed/MagiskOnWSALocal,Ruchin-Audichya,0,1,0,0,0,0,0,0,0,0,0,0,0,0,[1]
LSPosed/MagiskOnWSALocal,dcfjsduihsduif,0,1,0,0,0,0,0,0,0,0,0,0,0,0,[1]
LSPosed/MagiskOnWSALocal,rsmsd,0,1,0,0,0,0,0,0,0,0,0,0,0,0,[1]
LSPosed/MagiskOnWSALocal,GhoulSSSSSS,1,0,0,0,0,0,0,0,0,0,0,0,0,0,[1]
LSPosed/MagiskOnWSALocal,xkse4,1,1,0,0,0,0,0,0,0,0,0,0,0,0,[2]
LSPosed/MagiskOnWSALocal,s-tarako,0,1,0,0,0,0,0,0,0,0,0,0,0,0,[1]
LSPosed/MagiskOnWSALocal,NanaKofi204,0,1,0,0,0,0,0,0,0,0,0,0,0,0,[1]
LSPosed/MagiskOnWSALocal,tljk,1,0,0,0,0,0,0,0,0,0,0,0,0,0,[1]
LSPosed/MagiskOnWSALocal,szqhan,0,1,0,0,0,0,0,0,0,0,0,0,0,0,[1]
LSPosed/MagiskOnWSALocal,alirezazahedikermani,0,1,0,0,0,0,0,0,0,0,0,0,0,0,[1]
LSPosed/MagiskOnWSALocal,bhgraham,0,1,0,0,0,0,0,0,0,0,0,0,0,0,[1]
LSPosed/MagiskOnWSALocal,SlimCosmos,0,1,0,0,0,0,0,0,0,0,0,0,0,0,[1]
LSPosed/MagiskOnWSALocal,oiixiio,0,1,0,0,0,0,0,0,0,0,0,0,0,0,[1]
LSPosed/MagiskOnWSALocal,mokah-Bholah,0,1,0,0,0,0,0,0,0,0,0,0,0,0,[1]
LSPosed/MagiskOnWSALocal,DREVO21454,0,1,0,0,0,0,0,0,0,0,0,0,0,0,[1]
LSPosed/MagiskOnWSALocal,ayunoctis,0,1,0,0,0,0,0,0,0,0,0,0,0,0,[1]
LSPosed/MagiskOnWSALocal,vedansh25111,1,1,0,0,0,0,0,0,0,0,0,0,0,0,[2]
LSPosed/MagiskOnWSALocal,karllasouzza,0,1,0,0,0,0,0,0,0,0,0,0,0,0,[1]
LSPosed/MagiskOnWSALocal,ChathilJayodya,0,1,0,0,0,0,0,0,0,0,0,0,0,0,[1]
LSPosed/MagiskOnWSALocal,smMehbub,0,1,0,0,0,0,0,0,0,0,0,0,0,0,[1]
LSPosed/MagiskOnWSALocal,voduythanh280395,0,1,0,0,0,0,0,0,0,0,0,0,0,0,[1]
LSPosed/MagiskOnWSALocal,lc125,1,1,0,0,0,0,0,0,0,0,0,0,0,0,[2]
LSPosed/MagiskOnWSALocal,pratik7678,0,1,0,0,0,0,0,0,0,0,0,0,0,0,[1]
LSPosed/MagiskOnWSALocal,ahmedgomaa97,0,1,0,0,0,0,0,0,0,0,0,0,0,0,[1]
LSPosed/MagiskOnWSALocal,av911,0,4,0,0,0,0,0,0,0,0,0,0,0,0,[4]
LSPosed/MagiskOnWSALocal,askman12,0,1,0,0,0,0,0,0,0,0,0,0,0,0,[1]
LSPosed/MagiskOnWSALocal,youqinrumeng,0,1,0,0,0,0,0,0,0,0,0,0,0,0,[1]
LSPosed/MagiskOnWSALocal,amirany681,0,1,0,0,0,0,0,0,0,0,0,0,0,0,[1]
LSPosed/MagiskOnWSALocal,dgqyushen,1,1,0,1,0,0,0,0,0,0,0,0,0,0,[3]
LSPosed/MagiskOnWSALocal,Adeathking,0,1,0,0,0,0,0,0,0,0,0,0,0,0,[1]
LSPosed/MagiskOnWSALocal,dinpari,1,1,0,0,0,0,0,0,0,0,0,0,0,0,[2]
LSPosed/MagiskOnWSALocal,Sickboy6756,0,1,0,0,0,0,0,0,0,0,0,0,0,0,[1]
LSPosed/MagiskOnWSALocal,Sirop2375,0,1,0,0,0,0,0,0,0,0,0,0,0,0,[1]
LSPosed/MagiskOnWSALocal,DH1KLM,0,1,0,0,0,0,0,0,0,0,0,0,0,0,[1]
LSPosed/MagiskOnWSALocal,Huten70,0,1,0,0,0,0,0,0,0,0,0,0,0,0,[1]
LSPosed/MagiskOnWSALocal,mohibnawaz,0,1,0,0,0,0,0,0,0,0,0,0,0,0,[1]
LSPosed/MagiskOnWSALocal,penglele88888888,2,1,0,0,0,0,0,0,0,0,0,0,0,0,[3]
LSPosed/MagiskOnWSALocal,Shaly8,0,1,0,0,0,0,0,0,0,0,0,0,0,0,[1]
LSPosed/MagiskOnWSALocal,Priyanshu007a,0,1,0,0,0,0,0,0,0,0,0,0,0,0,[1]
LSPosed/MagiskOnWSALocal,xiaohei1124,0,1,0,0,0,0,0,0,0,0,0,0,0,0,[1]
LSPosed/MagiskOnWSALocal,gethubwolf,0,1,0,0,0,0,0,0,0,0,0,0,0,0,[1]
LSPosed/MagiskOnWSALocal,xiaohei124,0,1,0,0,0,0,0,0,0,0,0,0,0,0,[1]
LSPosed/MagiskOnWSALocal,mmshaneh,0,1,0,0,0,0,0,0,0,0,0,0,0,0,[1]
LSPosed/MagiskOnWSALocal,lukeduif,1,1,0,0,0,0,0,0,0,0,0,0,0,0,[2]
LSPosed/MagiskOnWSALocal,PENGUIN980327,0,1,0,0,0,0,0,0,0,0,0,0,0,0,[1]
LSPosed/MagiskOnWSALocal,bebeicon,0,1,0,0,0,0,0,0,0,0,0,0,0,0,[1]
LSPosed/MagiskOnWSALocal,StanChiangTW,0,1,0,0,0,0,0,0,0,0,0,0,0,0,[1]
LSPosed/MagiskOnWSALocal,ShamSmart,0,1,0,0,0,1,0,0,0,0,0,0,0,0,[2]
LSPosed/MagiskOnWSALocal,mtmaxx,0,1,0,0,0,0,0,0,0,0,0,0,0,0,[1]
LSPosed/MagiskOnWSALocal,Draxterrr,0,1,0,0,0,0,0,0,0,0,0,0,0,0,[1]
LSPosed/MagiskOnWSALocal,Darkburna21,0,1,0,0,0,0,0,0,0,0,0,0,0,0,[1]
LSPosed/MagiskOnWSALocal,fanyucan,0,1,0,0,0,0,0,0,0,0,0,0,0,0,[1]
LSPosed/MagiskOnWSALocal,BA7JCM,0,1,0,0,0,0,0,0,0,0,0,0,0,0,[1]
LSPosed/MagiskOnWSALocal,aizige,0,1,0,0,0,0,0,0,0,0,0,0,0,0,[1]
LSPosed/MagiskOnWSALocal,robin1577,0,1,0,0,0,0,0,0,0,0,0,0,0,0,[1]
LSPosed/MagiskOnWSALocal,ShellWen,0,0,1,0,0,0,0,0,0,0,0,0,0,0,[1]
LSPosed/MagiskOnWSALocal,daledean,0,1,0,0,0,0,0,0,0,0,0,0,0,0,[1]
