invoke-ai/InvokeAI,psychedelicious,0,0,5,1,13,6,0,4,2,0,0,0,0,0,[31]
invoke-ai/InvokeAI,legut2,1,0,0,0,0,0,0,0,0,0,0,0,0,0,[1]
invoke-ai/InvokeAI,Raboro,1,0,0,0,0,0,0,0,0,0,0,0,0,0,[1]
invoke-ai/InvokeAI,MHM5000,1,0,0,0,0,0,0,0,0,0,0,0,0,0,[1]
invoke-ai/InvokeAI,Em-Dawg,1,0,0,0,0,0,0,0,0,0,0,0,0,0,[1]
invoke-ai/InvokeAI,tinwritescode,1,0,0,0,0,0,0,0,0,0,0,0,0,0,[1]
invoke-ai/InvokeAI,StAlKeR7779,0,0,0,0,9,5,0,4,0,0,0,0,0,0,[18]
invoke-ai/InvokeAI,bodrick,1,0,0,0,0,0,0,0,0,0,0,0,0,0,[1]
invoke-ai/InvokeAI,aneeshd27,1,0,0,0,0,0,0,0,0,0,0,0,0,0,[1]
invoke-ai/InvokeAI,alborzriazi,1,0,0,0,0,0,0,0,0,0,0,0,0,0,[1]
invoke-ai/InvokeAI,patrickvonplaten,0,0,0,0,0,1,0,0,0,0,0,0,0,0,[1]
invoke-ai/InvokeAI,JohnCrafton,1,0,0,0,0,0,0,0,0,0,0,0,0,0,[1]
invoke-ai/InvokeAI,lstein,0,0,0,0,6,1,0,1,1,0,0,0,0,0,[9]
invoke-ai/InvokeAI,GreggHelt2,0,0,1,0,3,1,0,1,0,0,0,0,0,0,[6]
invoke-ai/InvokeAI,brandonrising,1,0,0,0,0,0,0,0,0,0,0,0,5,0,[6]
invoke-ai/InvokeAI,blessedcoolant,0,0,5,0,3,5,0,0,0,0,0,0,3,0,[16]
invoke-ai/InvokeAI,SirDannyMunn,1,0,0,0,0,0,0,0,0,0,0,0,0,0,[1]
invoke-ai/InvokeAI,ram16g,1,0,0,0,0,0,0,0,0,0,0,0,0,0,[1]
invoke-ai/InvokeAI,adminsharmasecureservicescausa,1,0,0,0,0,0,0,0,0,0,0,0,0,0,[1]
invoke-ai/InvokeAI,nmount-av,1,0,0,0,0,0,0,0,0,0,0,0,0,0,[1]
invoke-ai/InvokeAI,cd-dr,1,0,0,0,0,0,0,0,0,0,0,0,0,0,[1]
invoke-ai/InvokeAI,TijuanaKez,0,0,2,0,0,0,0,0,0,0,0,0,0,0,[2]
invoke-ai/InvokeAI,leunico,1,0,0,0,0,0,0,0,0,0,0,0,0,0,[1]
invoke-ai/InvokeAI,geekac,1,0,0,0,0,0,0,0,0,0,0,0,0,0,[1]
invoke-ai/InvokeAI,KadeGo1,1,0,0,0,0,0,0,0,0,0,0,0,0,0,[1]
invoke-ai/InvokeAI,emersonyuan,1,0,0,0,0,0,0,0,0,0,0,0,0,0,[1]
invoke-ai/InvokeAI,QuintionTang,0,2,0,0,0,0,0,0,0,0,0,0,0,0,[2]
invoke-ai/InvokeAI,zebapy,1,0,0,0,0,0,0,0,0,0,0,0,0,0,[1]
invoke-ai/InvokeAI,Aphosis,1,0,0,0,0,0,0,0,0,0,0,0,0,0,[1]
invoke-ai/InvokeAI,NebularNerd,0,0,2,0,0,0,0,0,0,0,0,0,0,0,[2]
invoke-ai/InvokeAI,cfwelch,1,0,0,0,0,0,0,0,0,0,0,0,0,0,[1]
invoke-ai/InvokeAI,agatemosu,1,0,0,0,0,0,0,0,0,0,0,0,0,0,[1]
invoke-ai/InvokeAI,mit10000,1,0,0,0,0,0,0,0,0,0,0,0,0,0,[1]
invoke-ai/InvokeAI,maryhipp,0,0,0,0,15,1,0,2,0,0,0,0,0,0,[18]
invoke-ai/InvokeAI,aluhrs13,0,0,2,0,0,0,0,0,0,0,0,0,0,0,[2]
invoke-ai/InvokeAI,elliotghr,1,0,0,0,0,0,0,0,0,0,0,0,0,0,[1]
invoke-ai/InvokeAI,hipsterusername,0,0,1,0,2,0,0,1,0,0,0,0,0,0,[4]
invoke-ai/InvokeAI,ebr,0,0,2,2,1,0,0,0,0,0,0,0,1,0,[6]
invoke-ai/InvokeAI,ulf-frostypaw,1,0,0,0,0,0,0,0,0,0,0,0,0,0,[1]
invoke-ai/InvokeAI,yangrz7,1,0,0,0,0,0,0,0,0,0,0,0,0,0,[1]
invoke-ai/InvokeAI,0to1,1,0,0,0,0,0,0,0,0,0,0,0,0,0,[1]
invoke-ai/InvokeAI,shernshiou,1,0,0,0,0,0,0,0,0,0,0,0,0,0,[1]
invoke-ai/InvokeAI,ElRoberto538,0,0,1,0,0,0,0,0,0,0,0,0,0,0,[1]
invoke-ai/InvokeAI,junglefire,1,0,0,0,0,0,0,0,0,0,0,0,0,0,[1]
invoke-ai/InvokeAI,thygrrr,0,0,1,0,0,0,0,0,0,0,0,0,0,0,[1]
invoke-ai/InvokeAI,namastex888,1,0,0,0,0,0,0,0,0,0,0,0,0,0,[1]
invoke-ai/InvokeAI,hocchuc,1,0,0,0,0,0,0,0,0,0,0,0,0,0,[1]
invoke-ai/InvokeAI,liony-hyh,1,0,0,0,0,0,0,0,0,0,0,0,0,0,[1]
invoke-ai/InvokeAI,muhamadazmy,0,0,2,0,0,0,0,0,0,0,0,0,0,0,[2]
invoke-ai/InvokeAI,VectorologyArt,0,1,0,0,0,0,0,0,0,0,0,0,0,0,[1]
invoke-ai/InvokeAI,mancj,1,0,0,0,0,0,0,0,0,0,0,0,0,0,[1]
invoke-ai/InvokeAI,scmart,1,0,0,0,0,0,0,0,0,0,0,0,0,0,[1]
invoke-ai/InvokeAI,jtantley,1,0,0,0,0,0,0,0,0,0,0,0,0,0,[1]
invoke-ai/InvokeAI,qwbarch,1,0,0,0,0,0,0,0,0,0,0,0,0,0,[1]
invoke-ai/InvokeAI,fat-tire,0,0,3,0,0,0,0,0,0,0,0,0,0,0,[3]
invoke-ai/InvokeAI,7kms,1,0,0,0,0,0,0,0,0,0,0,0,0,0,[1]
invoke-ai/InvokeAI,smallersoup,1,0,0,0,0,0,0,0,0,0,0,0,0,0,[1]
invoke-ai/InvokeAI,stepkim,1,0,0,0,0,0,0,0,0,0,0,0,0,0,[1]
invoke-ai/InvokeAI,icowan,1,0,0,0,0,0,0,0,0,0,0,0,0,0,[1]
invoke-ai/InvokeAI,sebastiendesignolle,0,1,0,0,0,0,0,0,0,0,0,0,0,0,[1]
invoke-ai/InvokeAI,tcwxcn,1,0,0,0,0,0,0,0,0,0,0,0,0,0,[1]
invoke-ai/InvokeAI,andrejilderda,1,0,0,0,0,0,0,0,0,0,0,0,0,0,[1]
invoke-ai/InvokeAI,anarculture,1,0,0,0,0,0,0,0,0,0,0,0,0,0,[1]
invoke-ai/InvokeAI,eSlashie,1,0,0,0,0,0,0,0,0,0,0,0,0,0,[1]
invoke-ai/InvokeAI,AbdellahGOPLATFORM,0,1,0,0,0,0,0,0,0,0,0,0,0,0,[1]
invoke-ai/InvokeAI,albertstarfield,1,0,0,0,0,0,0,0,0,0,0,0,0,0,[1]
invoke-ai/InvokeAI,earlofurl,0,1,0,0,0,0,0,0,0,0,0,0,0,0,[1]
invoke-ai/InvokeAI,haoduotnt,1,0,0,0,0,0,0,0,0,0,0,0,0,0,[1]
invoke-ai/InvokeAI,aiUltimate,1,0,0,0,0,0,0,0,0,0,0,0,0,0,[1]
invoke-ai/InvokeAI,lukes20129,1,0,0,0,0,0,0,0,0,0,0,0,0,0,[1]
invoke-ai/InvokeAI,felixnorden,0,0,1,0,0,0,0,0,0,0,0,0,0,0,[1]
invoke-ai/InvokeAI,beepony,1,0,0,0,0,0,0,0,0,0,0,0,0,0,[1]
invoke-ai/InvokeAI,yawn1905,1,0,0,0,0,0,0,0,0,0,0,0,0,0,[1]
invoke-ai/InvokeAI,elibowlby,1,0,0,0,0,0,0,0,0,0,0,0,0,0,[1]
invoke-ai/InvokeAI,q2514,1,0,0,0,0,0,0,0,0,0,0,0,0,0,[1]
invoke-ai/InvokeAI,nikshilov,1,0,0,0,0,0,0,0,0,0,0,0,0,0,[1]
invoke-ai/InvokeAI,michalsznurowski,1,0,0,0,0,0,0,0,0,0,0,0,0,0,[1]
invoke-ai/InvokeAI,alotazombies,0,0,1,2,0,0,0,0,0,0,0,0,0,0,[3]
invoke-ai/InvokeAI,Naruto0829,0,1,0,0,0,0,0,0,0,0,0,0,0,0,[1]
invoke-ai/InvokeAI,UmutHasanoglu,1,0,0,0,0,0,0,0,0,0,0,0,0,0,[1]
invoke-ai/InvokeAI,pha-Z,1,0,0,0,0,0,0,0,0,0,0,0,0,0,[1]
invoke-ai/InvokeAI,giteed,0,1,0,0,0,0,0,0,0,0,0,0,0,0,[1]
invoke-ai/InvokeAI,theinfamousrj,0,1,0,0,0,0,0,0,0,0,0,0,0,0,[1]
invoke-ai/InvokeAI,frankShih,1,0,0,0,0,0,0,0,0,0,0,0,0,0,[1]
invoke-ai/InvokeAI,HYH21,1,0,0,0,0,0,0,0,0,0,0,0,0,0,[1]
invoke-ai/InvokeAI,UsersNGT,1,0,0,0,0,0,0,0,0,0,0,0,0,0,[1]
invoke-ai/InvokeAI,mickr777,0,1,0,0,0,0,0,0,0,0,0,0,0,0,[1]
invoke-ai/InvokeAI,rushi-the-neural-arch,1,0,0,0,0,0,0,0,0,0,0,0,0,0,[1]
invoke-ai/InvokeAI,eyeshot,0,1,0,0,0,0,0,0,0,0,0,0,0,0,[1]
invoke-ai/InvokeAI,sub314xxl,1,0,0,0,0,0,0,0,0,0,0,0,0,0,[1]
invoke-ai/InvokeAI,AggresivelyAverage,1,0,0,0,0,0,0,0,0,0,0,0,0,0,[1]
invoke-ai/InvokeAI,tuanductrandev,1,0,0,0,0,0,0,0,0,0,0,0,0,0,[1]
invoke-ai/InvokeAI,skf-funzt,1,1,0,0,0,1,0,0,0,0,0,0,0,0,[3]
invoke-ai/InvokeAI,jupdike,1,0,0,0,0,0,0,0,0,0,0,0,0,0,[1]
invoke-ai/InvokeAI,evdcush,1,0,0,0,0,0,0,0,0,0,0,0,0,0,[1]
invoke-ai/InvokeAI,apmiller108,1,0,0,0,0,0,0,0,0,0,0,0,0,0,[1]
invoke-ai/InvokeAI,Julientalbot,1,0,0,0,0,0,0,0,0,0,0,0,0,0,[1]
invoke-ai/InvokeAI,abdieg,1,0,0,0,0,0,0,0,0,0,0,0,0,0,[1]
invoke-ai/InvokeAI,cdgriffith,0,0,1,0,0,0,0,0,0,0,0,0,0,0,[1]
invoke-ai/InvokeAI,SableWalnut,1,0,0,0,0,0,0,0,0,0,0,0,0,0,[1]
invoke-ai/InvokeAI,cfx19941221,1,0,0,0,0,0,0,0,0,0,0,0,0,0,[1]
invoke-ai/InvokeAI,steviraab,1,0,0,0,0,0,0,0,0,0,0,0,0,0,[1]
invoke-ai/InvokeAI,TrickBit,0,0,0,2,0,0,0,0,0,0,0,0,0,0,[2]
invoke-ai/InvokeAI,amiglistimo,1,0,0,0,0,0,0,0,0,0,0,0,0,0,[1]
invoke-ai/InvokeAI,robertcodron,0,1,0,0,0,0,0,0,0,0,0,0,0,0,[1]
invoke-ai/InvokeAI,vlady5love,1,0,0,0,0,0,0,0,0,0,0,0,0,0,[1]
invoke-ai/InvokeAI,mingidev,1,0,0,0,0,0,0,0,0,0,0,0,0,0,[1]
invoke-ai/InvokeAI,wanglong167,1,0,0,0,0,0,0,0,0,0,0,0,0,0,[1]
invoke-ai/InvokeAI,Tymec,1,0,0,0,0,0,0,0,0,0,0,0,0,0,[1]
invoke-ai/InvokeAI,aigcfans,1,0,0,0,0,0,0,0,0,0,0,0,0,0,[1]
invoke-ai/InvokeAI,jakewarrenblack,1,0,0,0,0,0,0,0,0,0,0,0,0,0,[1]
invoke-ai/InvokeAI,xyideda,0,1,0,0,0,0,0,0,0,0,0,0,0,0,[1]
invoke-ai/InvokeAI,srt-jay,0,0,1,1,0,0,0,0,0,0,0,0,0,0,[2]
invoke-ai/InvokeAI,bullbearpanda,1,0,0,0,0,0,0,0,0,0,0,0,0,0,[1]
invoke-ai/InvokeAI,damadorPL,1,0,0,0,0,0,0,0,0,0,0,0,0,0,[1]
invoke-ai/InvokeAI,Wall-EEE,1,0,0,0,0,0,0,0,0,0,0,0,0,0,[1]
invoke-ai/InvokeAI,puresick,0,0,1,0,0,0,0,0,0,0,0,0,0,0,[1]
invoke-ai/InvokeAI,icamps,1,0,0,0,0,0,0,0,0,0,0,0,0,0,[1]
invoke-ai/InvokeAI,Alphinux,1,0,0,0,0,0,0,0,0,0,0,0,0,0,[1]
invoke-ai/InvokeAI,hallh,1,0,0,0,0,0,0,0,0,0,0,0,0,0,[1]
invoke-ai/InvokeAI,slapshin,1,0,0,0,0,0,0,0,0,0,0,0,0,0,[1]
invoke-ai/InvokeAI,ateb14,1,0,0,0,0,0,0,0,0,0,0,0,0,0,[1]
invoke-ai/InvokeAI,andrey-krukovskiy,1,0,0,0,0,0,0,0,0,0,0,0,0,0,[1]
