codecrafters-io/build-your-own-x,fakeYanss,1,0,0,0,0,0,0,0,0,0,0,0,0,0,[1]
codecrafters-io/build-your-own-x,FedorAronov,1,0,0,0,0,0,0,0,0,0,0,0,0,0,[1]
codecrafters-io/build-your-own-x,rnikmehr,1,0,0,0,0,0,0,0,0,0,0,0,0,0,[1]
codecrafters-io/build-your-own-x,2456719939,1,0,0,0,0,0,0,0,0,0,0,0,0,0,[1]
codecrafters-io/build-your-own-x,swordbe,0,0,0,1,0,0,0,0,0,0,0,0,0,0,[1]
codecrafters-io/build-your-own-x,ik226,1,0,0,0,0,0,0,0,0,0,0,0,0,0,[1]
codecrafters-io/build-your-own-x,Jebusx33,1,0,0,0,0,0,0,0,0,0,0,0,0,0,[1]
codecrafters-io/build-your-own-x,peanut-lover,1,0,0,0,0,0,0,0,0,0,0,0,0,0,[1]
codecrafters-io/build-your-own-x,ogrimuto,1,0,0,0,0,0,0,0,0,0,0,0,0,0,[1]
codecrafters-io/build-your-own-x,shreyamishra0,1,0,0,0,0,0,0,0,0,0,0,0,0,0,[1]
codecrafters-io/build-your-own-x,HelloWorld017,1,0,0,0,0,0,0,0,0,0,0,0,0,0,[1]
codecrafters-io/build-your-own-x,DanielChicoUGR,1,0,0,0,0,0,0,0,0,0,0,0,0,0,[1]
codecrafters-io/build-your-own-x,Audxius,1,0,0,0,0,0,0,0,0,0,0,0,0,0,[1]
codecrafters-io/build-your-own-x,esandez93,1,0,0,0,0,0,0,0,0,0,0,0,0,0,[1]
codecrafters-io/build-your-own-x,StarSein,1,0,0,0,0,0,0,0,0,0,0,0,0,0,[1]
codecrafters-io/build-your-own-x,svarunid,1,0,0,0,0,0,0,0,0,0,0,0,0,0,[1]
codecrafters-io/build-your-own-x,tanwangwang1,1,0,0,0,0,0,0,0,0,0,0,0,0,0,[1]
codecrafters-io/build-your-own-x,dkdkv,1,0,0,0,0,0,0,0,0,0,0,0,0,0,[1]
codecrafters-io/build-your-own-x,liaddrori1,1,0,0,0,0,0,0,0,0,0,0,0,0,0,[1]
codecrafters-io/build-your-own-x,AyoubJebali,1,0,0,0,0,0,0,0,0,0,0,0,0,0,[1]
codecrafters-io/build-your-own-x,tihsantos,1,0,0,0,0,0,0,0,0,0,0,0,0,0,[1]
codecrafters-io/build-your-own-x,ValentinWeiss,1,0,0,0,0,0,0,0,0,0,0,0,0,0,[1]
codecrafters-io/build-your-own-x,JellyBrick,1,0,0,0,0,0,0,0,0,0,0,0,0,0,[1]
codecrafters-io/build-your-own-x,CephalonCosmic,1,0,0,0,0,0,0,0,0,0,0,0,0,0,[1]
codecrafters-io/build-your-own-x,nunch-dev,1,0,0,0,0,0,0,0,0,0,0,0,0,0,[1]
codecrafters-io/build-your-own-x,santoshdahal2016,1,0,0,0,0,0,0,0,0,0,0,0,0,0,[1]
codecrafters-io/build-your-own-x,ghousadnan62,1,0,0,0,0,0,0,0,0,0,0,0,0,0,[1]
codecrafters-io/build-your-own-x,foresticeice,1,0,0,0,0,0,0,0,0,0,0,0,0,0,[1]
codecrafters-io/build-your-own-x,aren227,1,0,0,0,0,0,0,0,0,0,0,0,0,0,[1]
codecrafters-io/build-your-own-x,PatrickHolderness,1,0,0,0,0,0,0,0,0,0,0,0,0,0,[1]
codecrafters-io/build-your-own-x,sarupbanskota,0,0,0,0,1,0,0,0,0,0,0,0,0,0,[1]
codecrafters-io/build-your-own-x,joosangkim,1,0,0,0,0,0,0,0,0,0,0,0,0,0,[1]
codecrafters-io/build-your-own-x,salanking,1,0,0,0,0,0,0,0,0,0,0,0,0,0,[1]
codecrafters-io/build-your-own-x,predawnang,1,0,0,0,0,0,0,0,0,0,0,0,0,0,[1]
codecrafters-io/build-your-own-x,alex55132,1,0,0,0,0,0,0,0,0,0,0,0,0,0,[1]
codecrafters-io/build-your-own-x,E6X,1,0,0,0,0,0,0,0,0,0,0,0,0,0,[1]
codecrafters-io/build-your-own-x,HangreeTown,1,0,0,0,0,0,0,0,0,0,0,0,0,0,[1]
codecrafters-io/build-your-own-x,MakkambaevDastan,1,0,0,0,0,0,0,0,0,0,0,0,0,0,[1]
codecrafters-io/build-your-own-x,LuiyiBarrantes,1,0,0,0,0,0,0,0,0,0,0,0,0,0,[1]
codecrafters-io/build-your-own-x,why1996922,1,0,0,0,0,0,0,0,0,0,0,0,0,0,[1]
codecrafters-io/build-your-own-x,naumovthecoder,1,0,0,0,0,0,0,0,0,0,0,0,0,0,[1]
codecrafters-io/build-your-own-x,Isekai-Seikatsu,1,0,0,0,0,0,0,0,0,0,0,0,0,0,[1]
codecrafters-io/build-your-own-x,JiggerChuang,1,0,0,0,0,0,0,0,0,0,0,0,0,0,[1]
codecrafters-io/build-your-own-x,onxrob,1,0,0,0,0,0,0,0,0,0,0,0,0,0,[1]
codecrafters-io/build-your-own-x,onigiri070,1,0,0,0,0,0,0,0,0,0,0,0,0,0,[1]
codecrafters-io/build-your-own-x,rellasie,1,0,0,0,0,0,0,0,0,0,0,0,0,0,[1]
codecrafters-io/build-your-own-x,UncleTimFrost,1,0,0,0,0,0,0,0,0,0,0,0,0,0,[1]
codecrafters-io/build-your-own-x,Alejandro23665,1,0,0,0,0,0,0,0,0,0,0,0,0,0,[1]
codecrafters-io/build-your-own-x,Mateodans,1,0,0,0,0,0,0,0,0,0,0,0,0,0,[1]
codecrafters-io/build-your-own-x,ds604,1,1,0,0,0,0,0,0,0,0,0,0,0,0,[2]
codecrafters-io/build-your-own-x,HemanthKSS,1,0,0,0,0,0,0,0,0,0,0,0,0,0,[1]
codecrafters-io/build-your-own-x,MechaChen,1,0,0,0,0,0,0,0,0,0,0,0,0,0,[1]
codecrafters-io/build-your-own-x,cl4cnam,1,0,0,0,0,0,0,0,0,0,0,0,0,0,[1]
codecrafters-io/build-your-own-x,caballerof,1,0,0,0,0,0,0,0,0,0,0,0,0,0,[1]
codecrafters-io/build-your-own-x,blackatze93,1,0,0,0,0,0,0,0,0,0,0,0,0,0,[1]
codecrafters-io/build-your-own-x,CesarJZO,1,0,0,0,0,0,0,0,0,0,0,0,0,0,[1]
codecrafters-io/build-your-own-x,VictorTorres137,1,0,0,0,0,0,0,0,0,0,0,0,0,0,[1]
codecrafters-io/build-your-own-x,gabrielmj23,1,0,0,0,0,0,0,0,0,0,0,0,0,0,[1]
codecrafters-io/build-your-own-x,JorgeosorioDev,0,1,0,0,0,0,0,0,0,0,0,0,0,0,[1]
codecrafters-io/build-your-own-x,justdoxit,1,0,0,0,0,0,0,0,0,0,0,0,0,0,[1]
codecrafters-io/build-your-own-x,Estebanxz11,1,0,0,0,0,0,0,0,0,0,0,0,0,0,[1]
codecrafters-io/build-your-own-x,Sergiohisto,1,0,0,0,0,0,0,0,0,0,0,0,0,0,[1]
codecrafters-io/build-your-own-x,SantyOrtegaBanegas,1,0,0,0,0,0,0,0,0,0,0,0,0,0,[1]
codecrafters-io/build-your-own-x,koala-c,1,0,0,0,0,0,0,0,0,0,0,0,0,0,[1]
codecrafters-io/build-your-own-x,fhrancoo,1,0,0,0,0,0,0,0,0,0,0,0,0,0,[1]
codecrafters-io/build-your-own-x,BusquetsLA,1,0,0,0,0,0,0,0,0,0,0,0,0,0,[1]
codecrafters-io/build-your-own-x,eaglePB2,1,0,0,0,0,0,0,0,0,0,0,0,0,0,[1]
codecrafters-io/build-your-own-x,kuouu,1,0,0,0,0,0,0,0,0,0,0,0,0,0,[1]
codecrafters-io/build-your-own-x,LucaFonzo,1,0,0,0,0,0,0,0,0,0,0,0,0,0,[1]
codecrafters-io/build-your-own-x,gino-llano,1,0,0,0,0,0,0,0,0,0,0,0,0,0,[1]
codecrafters-io/build-your-own-x,willenilsonse576,1,1,0,0,0,0,0,0,0,0,0,0,0,0,[2]
codecrafters-io/build-your-own-x,LoreSeve,1,0,0,0,0,0,0,0,0,0,0,0,0,0,[1]
codecrafters-io/build-your-own-x,Joni084,1,0,0,0,0,0,0,0,0,0,0,0,0,0,[1]
codecrafters-io/build-your-own-x,EnmanuelUrena,1,0,0,0,0,0,0,0,0,0,0,0,0,0,[1]
codecrafters-io/build-your-own-x,bswkim,1,0,0,0,0,0,0,0,0,0,0,0,0,0,[1]
codecrafters-io/build-your-own-x,yesjinu,1,0,0,0,0,0,0,0,0,0,0,0,0,0,[1]
codecrafters-io/build-your-own-x,rmekdma,1,0,0,0,0,0,0,0,0,0,0,0,0,0,[1]
codecrafters-io/build-your-own-x,carnoxen,1,0,0,0,0,0,0,0,0,0,0,0,0,0,[1]
codecrafters-io/build-your-own-x,naveenslog,0,1,0,0,0,0,0,0,0,0,0,0,0,0,[1]
codecrafters-io/build-your-own-x,KevinDocanto,1,0,0,0,0,0,0,0,0,0,0,0,0,0,[1]
codecrafters-io/build-your-own-x,FrontDevsamir,1,0,0,0,0,0,0,0,0,0,0,0,0,0,[1]
codecrafters-io/build-your-own-x,soleritu,1,0,0,0,0,0,0,0,0,0,0,0,0,0,[1]
codecrafters-io/build-your-own-x,qoopdata,1,0,0,0,0,0,0,0,0,0,0,0,0,0,[1]
codecrafters-io/build-your-own-x,daniddm,1,0,0,0,0,0,0,0,0,0,0,0,0,0,[1]
codecrafters-io/build-your-own-x,Mahmouddd21,1,0,0,0,0,0,0,0,0,0,0,0,0,0,[1]
codecrafters-io/build-your-own-x,sstoj1,1,0,0,0,0,0,0,0,0,0,0,0,0,0,[1]
codecrafters-io/build-your-own-x,BeshoySaad00,0,1,0,0,0,0,0,0,0,0,0,0,0,0,[1]
codecrafters-io/build-your-own-x,MhdFarhanLubis,1,0,0,0,0,0,0,0,0,0,0,0,0,0,[1]
codecrafters-io/build-your-own-x,jrhernn,1,0,0,0,0,0,0,0,0,0,0,0,0,0,[1]
codecrafters-io/build-your-own-x,jedenny,1,0,0,0,0,0,0,0,0,0,0,0,0,0,[1]
codecrafters-io/build-your-own-x,marwaneRomani,1,0,0,0,0,0,0,0,0,0,0,0,0,0,[1]
codecrafters-io/build-your-own-x,HolaSoyGonZzA,1,0,0,0,0,0,0,0,0,0,0,0,0,0,[1]
codecrafters-io/build-your-own-x,N3by,1,0,0,0,0,0,0,0,0,0,0,0,0,0,[1]
codecrafters-io/build-your-own-x,palafoxernesto,1,0,0,0,0,0,0,0,0,0,0,0,0,0,[1]
codecrafters-io/build-your-own-x,Jmacek,1,0,0,0,0,0,0,0,0,0,0,0,0,0,[1]
codecrafters-io/build-your-own-x,apazient,1,0,0,0,0,0,0,0,0,0,0,0,0,0,[1]
codecrafters-io/build-your-own-x,campot05,1,0,0,0,0,0,0,0,0,0,0,0,0,0,[1]
codecrafters-io/build-your-own-x,benngarcia,1,0,0,0,0,0,0,0,0,0,0,0,0,0,[1]
codecrafters-io/build-your-own-x,gusttavocdn,1,0,0,0,0,0,0,0,0,0,0,0,0,0,[1]
codecrafters-io/build-your-own-x,TuristO7,1,0,0,0,0,0,0,0,0,0,0,0,0,0,[1]
codecrafters-io/build-your-own-x,byhankim,1,0,0,0,0,0,0,0,0,0,0,0,0,0,[1]
codecrafters-io/build-your-own-x,Lay4U,1,0,0,0,0,0,0,0,0,0,0,0,0,0,[1]
codecrafters-io/build-your-own-x,JD-Jeong,1,0,0,0,0,0,0,0,0,0,0,0,0,0,[1]
codecrafters-io/build-your-own-x,ctdf,1,0,0,0,0,0,0,0,0,0,0,0,0,0,[1]
codecrafters-io/build-your-own-x,JinhoChung,1,0,0,0,0,0,0,0,0,0,0,0,0,0,[1]
codecrafters-io/build-your-own-x,kir4che,1,0,0,0,0,0,0,0,0,0,0,0,0,0,[1]
codecrafters-io/build-your-own-x,padosum,1,0,0,0,0,0,0,0,0,0,0,0,0,0,[1]
codecrafters-io/build-your-own-x,Arc1el,1,0,0,0,0,0,0,0,0,0,0,0,0,0,[1]
codecrafters-io/build-your-own-x,palients,1,0,0,0,0,0,0,0,0,0,0,0,0,0,[1]
codecrafters-io/build-your-own-x,maxdgeller,1,0,0,0,0,0,0,0,0,0,0,0,0,0,[1]
codecrafters-io/build-your-own-x,psibir,2,0,0,0,0,0,0,0,0,0,0,0,0,0,[2]
codecrafters-io/build-your-own-x,Sohel888,2,0,0,0,0,0,0,0,0,0,0,0,0,0,[2]
codecrafters-io/build-your-own-x,skyfe79,1,0,0,0,0,0,0,0,0,0,0,0,0,0,[1]
codecrafters-io/build-your-own-x,hongzio,1,0,0,0,0,0,0,0,0,0,0,0,0,0,[1]
codecrafters-io/build-your-own-x,mariusz-kabala,1,0,0,0,0,0,0,0,0,0,0,0,0,0,[1]
codecrafters-io/build-your-own-x,youngdoomin,1,0,0,0,0,0,0,0,0,0,0,0,0,0,[1]
codecrafters-io/build-your-own-x,Apoorv3000,1,0,0,0,0,0,0,0,0,0,0,0,0,0,[1]
codecrafters-io/build-your-own-x,LenoraCollins,1,0,0,0,0,0,0,0,0,0,0,0,0,0,[1]
codecrafters-io/build-your-own-x,dvorotnev,1,0,0,0,0,0,0,0,0,0,0,0,0,0,[1]
codecrafters-io/build-your-own-x,lvuping,1,0,0,0,0,0,0,0,0,0,0,0,0,0,[1]
codecrafters-io/build-your-own-x,reivertt,1,0,0,0,0,0,0,0,0,0,0,0,0,0,[1]
codecrafters-io/build-your-own-x,bapt117,1,0,0,0,0,0,0,0,0,0,0,0,0,0,[1]
codecrafters-io/build-your-own-x,ashwinair,1,0,0,0,0,0,0,0,0,0,0,0,0,0,[1]
codecrafters-io/build-your-own-x,Turporfo,1,0,0,0,0,0,0,0,0,0,0,0,0,0,[1]
codecrafters-io/build-your-own-x,sachinkrverma,0,1,0,0,0,0,0,0,0,0,0,0,0,0,[1]
codecrafters-io/build-your-own-x,ycs77,1,0,0,0,0,0,0,0,0,0,0,0,0,0,[1]
codecrafters-io/build-your-own-x,danielefongo,1,0,0,0,0,0,0,0,0,0,0,0,0,0,[1]
codecrafters-io/build-your-own-x,praveendp526,0,1,0,0,0,0,0,0,0,0,0,0,0,0,[1]
codecrafters-io/build-your-own-x,marcgabe15,1,0,0,0,0,0,0,0,0,0,0,0,0,0,[1]
codecrafters-io/build-your-own-x,GabrielcMota,1,0,0,0,0,0,0,0,0,0,0,0,0,0,[1]
codecrafters-io/build-your-own-x,Akash-Raja235,1,0,0,0,0,0,0,0,0,0,0,0,0,0,[1]
codecrafters-io/build-your-own-x,raddock360,1,0,0,0,0,0,0,0,0,0,0,0,0,0,[1]
codecrafters-io/build-your-own-x,ouyangyuchen,1,0,0,0,0,0,0,0,0,0,0,0,0,0,[1]
codecrafters-io/build-your-own-x,cleoledev,1,0,0,0,0,0,0,0,0,0,0,0,0,0,[1]
codecrafters-io/build-your-own-x,mmartinalo,1,0,0,0,0,0,0,0,0,0,0,0,0,0,[1]
codecrafters-io/build-your-own-x,localhost94553,1,0,0,0,0,0,0,0,0,0,0,0,0,0,[1]
codecrafters-io/build-your-own-x,sasamoti,1,0,0,0,0,0,0,0,0,0,0,0,0,0,[1]
codecrafters-io/build-your-own-x,philipp-schuetz,1,0,0,0,0,0,0,0,0,0,0,0,0,0,[1]
codecrafters-io/build-your-own-x,umutondersu,0,1,0,0,0,0,0,0,0,0,0,0,0,0,[1]
codecrafters-io/build-your-own-x,hehpollon,1,0,0,0,0,0,0,0,0,0,0,0,0,0,[1]
codecrafters-io/build-your-own-x,gckken95,1,0,0,0,0,0,0,0,0,0,0,0,0,0,[1]
codecrafters-io/build-your-own-x,malorne,1,0,0,0,0,0,0,0,0,0,0,0,0,0,[1]
codecrafters-io/build-your-own-x,Fortune013,1,0,0,0,0,0,0,0,0,0,0,0,0,0,[1]
codecrafters-io/build-your-own-x,LksR-dev,1,0,0,0,0,0,0,0,0,0,0,0,0,0,[1]
codecrafters-io/build-your-own-x,Isis333,1,0,0,0,0,0,0,0,0,0,0,0,0,0,[1]
codecrafters-io/build-your-own-x,xixinhe,0,1,0,0,0,0,0,0,0,0,0,0,0,0,[1]
codecrafters-io/build-your-own-x,josegazano732,1,0,0,0,0,0,0,0,0,0,0,0,0,0,[1]
codecrafters-io/build-your-own-x,mike-villamor-git,1,0,0,0,0,0,0,0,0,0,0,0,0,0,[1]
codecrafters-io/build-your-own-x,hentt30,1,0,0,0,0,0,0,0,0,0,0,0,0,0,[1]
codecrafters-io/build-your-own-x,brielsilva,1,0,0,0,0,0,0,0,0,0,0,0,0,0,[1]
codecrafters-io/build-your-own-x,edergcalderon,1,0,0,0,0,0,0,0,0,0,0,0,0,0,[1]
codecrafters-io/build-your-own-x,perecarrillo,1,0,0,0,0,0,0,0,0,0,0,0,0,0,[1]
codecrafters-io/build-your-own-x,stratoshift,1,0,0,0,0,0,0,0,0,0,0,0,0,0,[1]
codecrafters-io/build-your-own-x,Rahul5430,1,0,0,0,0,0,0,0,0,0,0,0,0,0,[1]
codecrafters-io/build-your-own-x,jazzthief,1,0,0,0,0,0,0,0,0,0,0,0,0,0,[1]
codecrafters-io/build-your-own-x,kohwr,1,0,0,0,0,0,0,0,0,0,0,0,0,0,[1]
codecrafters-io/build-your-own-x,0xCUB3,1,0,0,0,0,0,0,0,0,0,0,0,0,0,[1]
codecrafters-io/build-your-own-x,ColstonBod-oy,1,0,0,0,0,0,0,0,0,0,0,0,0,0,[1]
codecrafters-io/build-your-own-x,tereytere,0,1,0,0,0,0,0,0,0,0,0,0,0,0,[1]
codecrafters-io/build-your-own-x,MiguelRuizHdz,1,0,0,0,0,0,0,0,0,0,0,0,0,0,[1]
codecrafters-io/build-your-own-x,andycamos,1,0,0,0,0,0,0,0,0,0,0,0,0,0,[1]
codecrafters-io/build-your-own-x,Carlo1891,1,0,0,0,0,0,0,0,0,0,0,0,0,0,[1]
codecrafters-io/build-your-own-x,cjdonato,1,0,0,0,0,0,0,0,0,0,0,0,0,0,[1]
codecrafters-io/build-your-own-x,BluMilkshake,1,0,0,0,0,0,0,0,0,0,0,0,0,0,[1]
codecrafters-io/build-your-own-x,CesarDelgadoM,1,0,0,0,0,0,0,0,0,0,0,0,0,0,[1]
codecrafters-io/build-your-own-x,guillego,1,0,0,0,0,0,0,0,0,0,0,0,0,0,[1]
codecrafters-io/build-your-own-x,denstuk,1,0,0,0,0,0,0,0,0,0,0,0,0,0,[1]
codecrafters-io/build-your-own-x,jianli1806,1,0,0,0,0,0,0,0,0,0,0,0,0,0,[1]
codecrafters-io/build-your-own-x,vincensiusadrieltoped,1,0,0,0,0,0,0,0,0,0,0,0,0,0,[1]
codecrafters-io/build-your-own-x,Mr1lluminate,1,0,0,0,0,0,0,0,0,0,0,0,0,0,[1]
codecrafters-io/build-your-own-x,Chirayu31,0,1,0,0,0,0,0,0,0,0,0,0,0,0,[1]
codecrafters-io/build-your-own-x,harshjohar,1,0,0,0,0,0,0,0,0,0,0,0,0,0,[1]
codecrafters-io/build-your-own-x,SlickZhang,1,0,0,0,0,0,0,0,0,0,0,0,0,0,[1]
codecrafters-io/build-your-own-x,michellechang2006,1,0,0,0,0,0,0,0,0,0,0,0,0,0,[1]
codecrafters-io/build-your-own-x,Hectorv72,1,0,0,0,0,0,0,0,0,0,0,0,0,0,[1]
codecrafters-io/build-your-own-x,NathAdreesh,1,0,0,0,0,0,0,0,0,0,0,0,0,0,[1]
codecrafters-io/build-your-own-x,erdogancayir,1,0,0,0,0,0,0,0,0,0,0,0,0,0,[1]
codecrafters-io/build-your-own-x,huatao76,1,0,0,0,0,0,0,0,0,0,0,0,0,0,[1]
codecrafters-io/build-your-own-x,VictorAzevedoM,1,0,0,0,0,0,0,0,0,0,0,0,0,0,[1]
codecrafters-io/build-your-own-x,vell-sh,1,0,0,0,0,0,0,0,0,0,0,0,0,0,[1]
codecrafters-io/build-your-own-x,GodsComma,1,0,0,0,0,0,0,0,0,0,0,0,0,0,[1]
codecrafters-io/build-your-own-x,drivera021,1,0,0,0,0,0,0,0,0,0,0,0,0,0,[1]
codecrafters-io/build-your-own-x,epiphany27,1,0,0,0,0,0,0,0,0,0,0,0,0,0,[1]
codecrafters-io/build-your-own-x,KuribohG,1,0,0,0,0,0,0,0,0,0,0,0,0,0,[1]
codecrafters-io/build-your-own-x,ZAWARTO,1,0,0,0,0,0,0,0,0,0,0,0,0,0,[1]
codecrafters-io/build-your-own-x,alexannmill,1,0,0,0,0,0,0,0,0,0,0,0,0,0,[1]
codecrafters-io/build-your-own-x,Marsh93,1,0,0,0,0,0,0,0,0,0,0,0,0,0,[1]
codecrafters-io/build-your-own-x,utsabbora,1,0,0,0,0,0,0,0,0,0,0,0,0,0,[1]
codecrafters-io/build-your-own-x,yellowHatpro,1,0,0,0,0,0,0,0,0,0,0,0,0,0,[1]
codecrafters-io/build-your-own-x,curtlen88,1,1,0,0,0,0,0,0,0,0,0,0,0,0,[2]
codecrafters-io/build-your-own-x,retro4910,1,0,0,0,0,0,0,0,0,0,0,0,0,0,[1]
codecrafters-io/build-your-own-x,07jasjeet,1,0,0,0,0,0,0,0,0,0,0,0,0,0,[1]
codecrafters-io/build-your-own-x,Buckmanm3,1,0,0,0,0,0,0,0,0,0,0,0,0,0,[1]
codecrafters-io/build-your-own-x,soldier14,1,1,0,0,0,0,0,0,0,0,0,0,0,0,[2]
codecrafters-io/build-your-own-x,zmh-program,1,0,0,0,0,0,0,0,0,0,0,0,0,0,[1]
codecrafters-io/build-your-own-x,javierarocena,1,0,0,0,0,0,0,0,0,0,0,0,0,0,[1]
codecrafters-io/build-your-own-x,david-kalachyan,1,0,0,0,0,0,0,0,0,0,0,0,0,0,[1]
codecrafters-io/build-your-own-x,David-Albano,1,0,0,0,0,0,0,0,0,0,0,0,0,0,[1]
codecrafters-io/build-your-own-x,KalachyanD,1,0,0,0,0,0,0,0,0,0,0,0,0,0,[1]
codecrafters-io/build-your-own-x,Purp1eLove,1,0,0,0,0,0,0,0,0,0,0,0,0,0,[1]
codecrafters-io/build-your-own-x,Backgammonian,1,0,0,0,0,0,0,0,0,0,0,0,0,0,[1]
codecrafters-io/build-your-own-x,oulanbator,1,0,0,0,0,0,0,0,0,0,0,0,0,0,[1]
codecrafters-io/build-your-own-x,ArtuursCibulis,1,0,0,0,0,0,0,0,0,0,0,0,0,0,[1]
codecrafters-io/build-your-own-x,CyrusVillaruz,0,1,0,0,0,0,0,0,0,0,0,0,0,0,[1]
codecrafters-io/build-your-own-x,shivanshsharma8834,1,0,0,0,0,0,0,0,0,0,0,0,0,0,[1]
codecrafters-io/build-your-own-x,cakradana,1,0,0,0,0,0,0,0,0,0,0,0,0,0,[1]
codecrafters-io/build-your-own-x,copyx,1,0,0,0,0,0,0,0,0,0,0,0,0,0,[1]
codecrafters-io/build-your-own-x,EFLql,1,0,0,0,0,0,0,0,0,0,0,0,0,0,[1]
codecrafters-io/build-your-own-x,tiftikhar775,0,1,0,0,0,0,0,0,0,0,0,0,0,0,[1]
codecrafters-io/build-your-own-x,jasminehn,1,0,0,0,0,0,0,0,0,0,0,0,0,0,[1]
codecrafters-io/build-your-own-x,Vernaron,1,0,0,0,0,0,0,0,0,0,0,0,0,0,[1]
codecrafters-io/build-your-own-x,ruben2k1,1,0,0,0,0,0,0,0,0,0,0,0,0,0,[1]
codecrafters-io/build-your-own-x,johinsDev,1,0,0,0,0,0,0,0,0,0,0,0,0,0,[1]
codecrafters-io/build-your-own-x,kyrex23,1,0,0,0,0,0,0,0,0,0,0,0,0,0,[1]
codecrafters-io/build-your-own-x,dylanroets,1,0,0,0,0,0,0,0,0,0,0,0,0,0,[1]
codecrafters-io/build-your-own-x,manuelror,1,0,0,0,0,0,0,0,0,0,0,0,0,0,[1]
codecrafters-io/build-your-own-x,SuperEuro2000,1,0,0,0,0,0,0,0,0,0,0,0,0,0,[1]
codecrafters-io/build-your-own-x,jherdzina,1,0,0,0,0,0,0,0,0,0,0,0,0,0,[1]
codecrafters-io/build-your-own-x,T0mFuchs,1,0,0,0,0,0,0,0,0,0,0,0,0,0,[1]
codecrafters-io/build-your-own-x,denhumen,1,0,0,0,0,0,0,0,0,0,0,0,0,0,[1]
codecrafters-io/build-your-own-x,jordislpm,0,1,0,0,0,0,0,0,0,0,0,0,0,0,[1]
codecrafters-io/build-your-own-x,TianLuan99,1,0,0,0,0,0,0,0,0,0,0,0,0,0,[1]
codecrafters-io/build-your-own-x,themifi,1,0,0,0,0,0,0,0,0,0,0,0,0,0,[1]
codecrafters-io/build-your-own-x,hisrubio,1,0,0,0,0,0,0,0,0,0,0,0,0,0,[1]
codecrafters-io/build-your-own-x,claudejin,1,0,0,0,0,0,0,0,0,0,0,0,0,0,[1]
codecrafters-io/build-your-own-x,CyrusYari,1,0,0,0,0,0,0,0,0,0,0,0,0,0,[1]
codecrafters-io/build-your-own-x,vincenteouswilliam,1,0,0,0,0,0,0,0,0,0,0,0,0,0,[1]
codecrafters-io/build-your-own-x,JoseDv1,1,0,0,0,0,0,0,0,0,0,0,0,0,0,[1]
codecrafters-io/build-your-own-x,k-henningson,1,0,0,0,0,0,0,0,0,0,0,0,0,0,[1]
codecrafters-io/build-your-own-x,lauruces,0,1,0,0,0,0,0,0,0,0,0,0,0,0,[1]
codecrafters-io/build-your-own-x,LifeofVic,1,0,0,0,0,0,0,0,0,0,0,0,0,0,[1]
codecrafters-io/build-your-own-x,c1nnabxnny,1,0,0,0,0,0,0,0,0,0,0,0,0,0,[1]
codecrafters-io/build-your-own-x,rossanag,1,0,0,0,0,0,0,0,0,0,0,0,0,0,[1]
codecrafters-io/build-your-own-x,EugeneFengfyc,1,0,0,0,0,0,0,0,0,0,0,0,0,0,[1]
codecrafters-io/build-your-own-x,benhoangquan,1,0,0,0,0,0,0,0,0,0,0,0,0,0,[1]
codecrafters-io/build-your-own-x,shahrukh0526,1,0,0,0,0,0,0,0,0,0,0,0,0,0,[1]
codecrafters-io/build-your-own-x,timbitzen,1,0,0,0,0,0,0,0,0,0,0,0,0,0,[1]
codecrafters-io/build-your-own-x,TripleGK,1,0,0,0,0,0,0,0,0,0,0,0,0,0,[1]
codecrafters-io/build-your-own-x,lenissius12,1,0,0,0,0,0,0,0,0,0,0,0,0,0,[1]
codecrafters-io/build-your-own-x,pxwxnvermx,1,0,0,0,0,0,0,0,0,0,0,0,0,0,[1]
codecrafters-io/build-your-own-x,con-9,1,0,0,0,0,0,0,0,0,0,0,0,0,0,[1]
codecrafters-io/build-your-own-x,lana123,1,0,0,0,0,0,0,0,0,0,0,0,0,0,[1]
codecrafters-io/build-your-own-x,franzmann2001,1,0,0,0,0,0,0,0,0,0,0,0,0,0,[1]
codecrafters-io/build-your-own-x,Brianmcnabb508,1,0,0,0,0,0,0,0,0,0,0,0,0,0,[1]
codecrafters-io/build-your-own-x,Krauser123,1,0,0,0,0,0,0,0,0,0,0,0,0,0,[1]
codecrafters-io/build-your-own-x,bllueace,1,0,0,0,0,0,0,0,0,0,0,0,0,0,[1]
codecrafters-io/build-your-own-x,GuyFawkes76,1,0,0,0,0,0,0,0,0,0,0,0,0,0,[1]
codecrafters-io/build-your-own-x,GonzaloTudela,1,0,0,0,0,0,0,0,0,0,0,0,0,0,[1]
codecrafters-io/build-your-own-x,EnjoyGamesDev,1,0,0,0,0,0,0,0,0,0,0,0,0,0,[1]
codecrafters-io/build-your-own-x,msdoger,0,1,0,0,0,0,0,0,0,0,0,0,0,0,[1]
codecrafters-io/build-your-own-x,jl-applied,1,0,0,0,0,0,0,0,0,0,0,0,0,0,[1]
codecrafters-io/build-your-own-x,Lak1k,1,0,0,0,0,0,0,0,0,0,0,0,0,0,[1]
codecrafters-io/build-your-own-x,StarJade-Park,1,0,0,0,0,0,0,0,0,0,0,0,0,0,[1]
codecrafters-io/build-your-own-x,Nucl3arSnake,1,0,0,0,0,0,0,0,0,0,0,0,0,0,[1]
codecrafters-io/build-your-own-x,JosipHarambasic,0,1,0,0,0,0,0,0,0,0,0,0,0,0,[1]
codecrafters-io/build-your-own-x,Uduru0522,1,0,0,0,0,0,0,0,0,0,0,0,0,0,[1]
codecrafters-io/build-your-own-x,cranemont,1,0,0,0,0,0,0,0,0,0,0,0,0,0,[1]
codecrafters-io/build-your-own-x,darktaiga01,1,0,0,0,0,0,0,0,0,0,0,0,0,0,[1]
codecrafters-io/build-your-own-x,tjeufoolen,1,0,0,0,0,0,0,0,0,0,0,0,0,0,[1]
codecrafters-io/build-your-own-x,ruizengalways,0,1,0,0,0,0,0,0,0,0,0,0,0,0,[1]
codecrafters-io/build-your-own-x,aanoaa,1,0,0,0,0,0,0,0,0,0,0,0,0,0,[1]
codecrafters-io/build-your-own-x,chenglongyan,0,1,0,0,0,0,0,0,0,0,0,0,0,0,[1]
codecrafters-io/build-your-own-x,gustn,1,0,0,0,0,0,0,0,0,0,0,0,0,0,[1]
codecrafters-io/build-your-own-x,felipeserna,1,0,0,0,0,0,0,0,0,0,0,0,0,0,[1]
codecrafters-io/build-your-own-x,kevinsmith115,1,0,0,0,0,0,0,0,0,0,0,0,0,0,[1]
codecrafters-io/build-your-own-x,sia1504,1,0,0,0,0,0,0,0,0,0,0,0,0,0,[1]
codecrafters-io/build-your-own-x,qiezihwy,1,0,0,0,0,0,0,0,0,0,0,0,0,0,[1]
codecrafters-io/build-your-own-x,stevenzhuyo,1,1,0,0,0,0,0,0,0,0,0,0,0,0,[2]
codecrafters-io/build-your-own-x,mwiemarc,1,0,0,0,0,0,0,0,0,0,0,0,0,0,[1]
codecrafters-io/build-your-own-x,pocca2048,1,0,0,0,0,0,0,0,0,0,0,0,0,0,[1]
codecrafters-io/build-your-own-x,Polynomeer,1,0,0,0,0,0,0,0,0,0,0,0,0,0,[1]
codecrafters-io/build-your-own-x,queuestack,1,0,0,0,0,0,0,0,0,0,0,0,0,0,[1]
codecrafters-io/build-your-own-x,EGyoung,1,0,0,0,0,0,0,0,0,0,0,0,0,0,[1]
codecrafters-io/build-your-own-x,quannda,1,0,0,0,0,0,0,0,0,0,0,0,0,0,[1]
codecrafters-io/build-your-own-x,kavyarishi19,1,1,0,0,0,0,0,0,0,0,0,0,0,0,[2]
codecrafters-io/build-your-own-x,the-amazing-atharva,1,0,0,0,0,0,0,0,0,0,0,0,0,0,[1]
codecrafters-io/build-your-own-x,Ahmadkhan02,0,1,0,0,0,0,0,0,0,0,0,0,0,0,[1]
codecrafters-io/build-your-own-x,graygoos,1,0,0,0,0,0,0,0,0,0,0,0,0,0,[1]
codecrafters-io/build-your-own-x,pvukovi,1,0,0,0,0,0,0,0,0,0,0,0,0,0,[1]
codecrafters-io/build-your-own-x,isenhaim,1,0,0,0,0,0,0,0,0,0,0,0,0,0,[1]
codecrafters-io/build-your-own-x,liufeigit,1,0,0,0,0,0,0,0,0,0,0,0,0,0,[1]
codecrafters-io/build-your-own-x,dparticle,1,0,0,0,0,0,0,0,0,0,0,0,0,0,[1]
codecrafters-io/build-your-own-x,yzbtdiy,1,0,0,0,0,0,0,0,0,0,0,0,0,0,[1]
codecrafters-io/build-your-own-x,Seiseigy,1,1,0,0,0,0,0,0,0,0,0,0,0,0,[2]
codecrafters-io/build-your-own-x,baragizze,1,0,0,0,0,0,0,0,0,0,0,0,0,0,[1]
codecrafters-io/build-your-own-x,legendary-cookie,1,0,0,0,0,0,0,0,0,0,0,0,0,0,[1]
codecrafters-io/build-your-own-x,Pranjal2059,1,0,0,0,0,0,0,0,0,0,0,0,0,0,[1]
codecrafters-io/build-your-own-x,damalga,1,0,0,0,0,0,0,0,0,0,0,0,0,0,[1]
codecrafters-io/build-your-own-x,jzajac,1,0,0,0,0,0,0,0,0,0,0,0,0,0,[1]
codecrafters-io/build-your-own-x,danielcollsol,1,0,0,0,0,0,0,0,0,0,0,0,0,0,[1]
codecrafters-io/build-your-own-x,xuxin1,1,0,0,0,0,0,0,0,0,0,0,0,0,0,[1]
codecrafters-io/build-your-own-x,ravishankarjs,1,0,0,0,0,0,0,0,0,0,0,0,0,0,[1]
codecrafters-io/build-your-own-x,GiovanniPerantoni,1,0,0,0,0,0,0,0,0,0,0,0,0,0,[1]
codecrafters-io/build-your-own-x,monadnadnad,1,0,0,0,0,0,0,0,0,0,0,0,0,0,[1]
codecrafters-io/build-your-own-x,PEFERRARO,1,0,0,0,0,0,0,0,0,0,0,0,0,0,[1]
codecrafters-io/build-your-own-x,KilianSillero,1,0,0,0,0,0,0,0,0,0,0,0,0,0,[1]
codecrafters-io/build-your-own-x,en9er,1,0,0,0,0,0,0,0,0,0,0,0,0,0,[1]
codecrafters-io/build-your-own-x,rasulkireev,1,0,0,0,0,0,0,0,0,0,0,0,0,0,[1]
codecrafters-io/build-your-own-x,gysworld007,1,0,0,0,0,0,0,0,0,0,0,0,0,0,[1]
codecrafters-io/build-your-own-x,joseasv,1,0,0,0,0,0,0,0,0,0,0,0,0,0,[1]
codecrafters-io/build-your-own-x,yaoyao-jpg,0,1,0,0,0,0,0,0,0,0,0,0,0,0,[1]
codecrafters-io/build-your-own-x,Irelynx,1,0,0,0,0,0,0,0,0,0,0,0,0,0,[1]
codecrafters-io/build-your-own-x,rogercerpa,1,0,0,0,0,0,0,0,0,0,0,0,0,0,[1]
codecrafters-io/build-your-own-x,moez-saidi,1,0,0,0,0,0,0,0,0,0,0,0,0,0,[1]
codecrafters-io/build-your-own-x,AbianS,1,0,0,0,0,0,0,0,0,0,0,0,0,0,[1]
codecrafters-io/build-your-own-x,CharlotteSSS,1,0,0,0,0,0,0,0,0,0,0,0,0,0,[1]
codecrafters-io/build-your-own-x,hehewo2004,1,0,0,0,0,0,0,0,0,0,0,0,0,0,[1]
codecrafters-io/build-your-own-x,Light-H,1,0,0,0,0,0,0,0,0,0,0,0,0,0,[1]
codecrafters-io/build-your-own-x,maicongouveia,1,0,0,0,0,0,0,0,0,0,0,0,0,0,[1]
codecrafters-io/build-your-own-x,jcandiap,1,0,0,0,0,0,0,0,0,0,0,0,0,0,[1]
codecrafters-io/build-your-own-x,jun911,1,0,0,0,0,0,0,0,0,0,0,0,0,0,[1]
codecrafters-io/build-your-own-x,gnaleep,1,0,0,0,0,0,0,0,0,0,0,0,0,0,[1]
codecrafters-io/build-your-own-x,Eduardo-Guerra-Alvarez,1,0,0,0,0,0,0,0,0,0,0,0,0,0,[1]
codecrafters-io/build-your-own-x,MarkWUT,1,0,0,0,0,0,0,0,0,0,0,0,0,0,[1]
codecrafters-io/build-your-own-x,neuj21,1,0,0,0,0,0,0,0,0,0,0,0,0,0,[1]
codecrafters-io/build-your-own-x,DannasCornell,0,1,0,0,0,0,0,0,0,0,0,0,0,0,[1]
codecrafters-io/build-your-own-x,JaviLoB,1,0,0,0,0,0,0,0,0,0,0,0,0,0,[1]
codecrafters-io/build-your-own-x,bloxyj,1,0,0,0,0,0,0,0,0,0,0,0,0,0,[1]
codecrafters-io/build-your-own-x,FayNguyen03,0,1,0,0,0,0,0,0,0,0,0,0,0,0,[1]
codecrafters-io/build-your-own-x,Vasile4ek,1,0,0,0,0,0,0,0,0,0,0,0,0,0,[1]
codecrafters-io/build-your-own-x,adriaanbaelus,1,0,0,0,0,0,0,0,0,0,0,0,0,0,[1]
codecrafters-io/build-your-own-x,sameerksingh1236,1,0,0,0,0,0,0,0,0,0,0,0,0,0,[1]
codecrafters-io/build-your-own-x,andyleemitchell,1,0,0,0,0,0,0,0,0,0,0,0,0,0,[1]
codecrafters-io/build-your-own-x,devansh-jain-2002,1,0,0,0,0,0,0,0,0,0,0,0,0,0,[1]
codecrafters-io/build-your-own-x,MrPicklePinosaur,1,0,0,0,0,0,0,0,0,0,0,0,0,0,[1]
codecrafters-io/build-your-own-x,rodrigosj7,1,0,0,0,0,0,0,0,0,0,0,0,0,0,[1]
codecrafters-io/build-your-own-x,load1n9,1,0,0,0,0,0,0,0,0,0,0,0,0,0,[1]
codecrafters-io/build-your-own-x,GustavoBrian08,1,0,0,0,0,0,0,0,0,0,0,0,0,0,[1]
codecrafters-io/build-your-own-x,SarahZhang25,1,0,0,0,0,0,0,0,0,0,0,0,0,0,[1]
codecrafters-io/build-your-own-x,mattliu777,1,0,0,0,0,0,0,0,0,0,0,0,0,0,[1]
codecrafters-io/build-your-own-x,justtoseewhatis,1,0,0,0,0,0,0,0,0,0,0,0,0,0,[1]
codecrafters-io/build-your-own-x,zhu0629,1,0,0,0,0,0,0,0,0,0,0,0,0,0,[1]
codecrafters-io/build-your-own-x,JamilleN,1,0,0,0,0,0,0,0,0,0,0,0,0,0,[1]
codecrafters-io/build-your-own-x,GlassGruber,1,0,0,0,0,0,0,0,0,0,0,0,0,0,[1]
codecrafters-io/build-your-own-x,ahlanlhw,1,1,0,0,0,0,0,0,0,0,0,0,0,0,[2]
codecrafters-io/build-your-own-x,endlightend116,1,1,0,0,0,0,0,0,0,0,0,0,0,0,[2]
codecrafters-io/build-your-own-x,benaronow,1,0,0,0,0,0,0,0,0,0,0,0,0,0,[1]
codecrafters-io/build-your-own-x,DeanRTaylor1,1,0,0,0,0,0,0,0,0,0,0,0,0,0,[1]
codecrafters-io/build-your-own-x,Coder-yuzx,1,0,0,0,0,0,0,0,0,0,0,0,0,0,[1]
codecrafters-io/build-your-own-x,maxxcruz,1,0,0,0,0,0,0,0,0,0,0,0,0,0,[1]
codecrafters-io/build-your-own-x,5vermind,1,0,0,0,0,0,0,0,0,0,0,0,0,0,[1]
codecrafters-io/build-your-own-x,shamiya829,1,0,0,0,0,0,0,0,0,0,0,0,0,0,[1]
codecrafters-io/build-your-own-x,szabolcsmaj,1,0,0,0,0,0,0,0,0,0,0,0,0,0,[1]
codecrafters-io/build-your-own-x,Centaurhman,1,1,0,0,0,0,0,0,0,0,0,0,0,0,[2]
codecrafters-io/build-your-own-x,prathmeshbankar03,1,1,0,0,0,0,0,0,0,0,0,0,0,0,[2]
codecrafters-io/build-your-own-x,Jiyu-Kim,1,0,0,0,0,0,0,0,0,0,0,0,0,0,[1]
codecrafters-io/build-your-own-x,Inridiculus,1,0,0,0,0,0,0,0,0,0,0,0,0,0,[1]
codecrafters-io/build-your-own-x,rohityellapu,1,0,0,0,0,0,0,0,0,0,0,0,0,0,[1]
codecrafters-io/build-your-own-x,kingaclark,1,0,0,0,0,0,0,0,0,0,0,0,0,0,[1]
codecrafters-io/build-your-own-x,hancsd,1,0,0,0,0,0,0,0,0,0,0,0,0,0,[1]
codecrafters-io/build-your-own-x,mengking6,1,0,0,0,0,0,0,0,0,0,0,0,0,0,[1]
codecrafters-io/build-your-own-x,z3no,1,0,0,0,0,0,0,0,0,0,0,0,0,0,[1]
codecrafters-io/build-your-own-x,Roykesydon,1,0,0,0,0,0,0,0,0,0,0,0,0,0,[1]
codecrafters-io/build-your-own-x,gh2580,1,0,0,0,0,0,0,0,0,0,0,0,0,0,[1]
codecrafters-io/build-your-own-x,TomaSanji,1,0,0,0,0,0,0,0,0,0,0,0,0,0,[1]
codecrafters-io/build-your-own-x,arielh1004,1,1,0,0,0,0,0,0,0,0,0,0,0,0,[2]
codecrafters-io/build-your-own-x,andukdahacker,1,0,0,0,0,0,0,0,0,0,0,0,0,0,[1]
codecrafters-io/build-your-own-x,gramps721,1,0,0,0,0,0,0,0,0,0,0,0,0,0,[1]
codecrafters-io/build-your-own-x,thinkerall,1,0,0,0,0,0,0,0,0,0,0,0,0,0,[1]
codecrafters-io/build-your-own-x,o-delv,1,0,0,0,0,0,0,0,0,0,0,0,0,0,[1]
codecrafters-io/build-your-own-x,oliverne,1,0,0,0,0,0,0,0,0,0,0,0,0,0,[1]
codecrafters-io/build-your-own-x,Wvega1697,1,0,0,0,0,0,0,0,0,0,0,0,0,0,[1]
codecrafters-io/build-your-own-x,dleowns1102,1,0,0,0,0,0,0,0,0,0,0,0,0,0,[1]
codecrafters-io/build-your-own-x,1066726487,1,0,0,0,0,0,0,0,0,0,0,0,0,0,[1]
codecrafters-io/build-your-own-x,derektwest,1,0,0,0,0,0,0,0,0,0,0,0,0,0,[1]
codecrafters-io/build-your-own-x,ygq6666,1,0,0,0,0,0,0,0,0,0,0,0,0,0,[1]
codecrafters-io/build-your-own-x,HuangBoo461,1,0,0,0,0,0,0,0,0,0,0,0,0,0,[1]
codecrafters-io/build-your-own-x,iamjiheehan,0,1,0,0,0,0,0,0,0,0,0,0,0,0,[1]
codecrafters-io/build-your-own-x,Vaishali9818,0,1,0,0,0,0,0,0,0,0,0,0,0,0,[1]
codecrafters-io/build-your-own-x,zEuS0390,1,0,0,0,0,0,0,0,0,0,0,0,0,0,[1]
codecrafters-io/build-your-own-x,CoderZhuuuu,1,0,0,0,0,0,0,0,0,0,0,0,0,0,[1]
codecrafters-io/build-your-own-x,cencuansen,1,0,0,0,0,0,0,0,0,0,0,0,0,0,[1]
codecrafters-io/build-your-own-x,m-isasmendi,1,0,0,0,0,0,0,0,0,0,0,0,0,0,[1]
codecrafters-io/build-your-own-x,Hronoz,1,0,0,0,0,0,0,0,0,0,0,0,0,0,[1]
codecrafters-io/build-your-own-x,Rowida46,1,1,0,0,0,0,0,0,0,0,0,0,0,0,[2]
codecrafters-io/build-your-own-x,akumaru69,1,0,0,0,0,0,0,0,0,0,0,0,0,0,[1]
codecrafters-io/build-your-own-x,melvin-v,2,0,0,0,0,0,0,0,0,0,0,0,0,0,[2]
codecrafters-io/build-your-own-x,hyunsolpark,1,0,0,0,0,0,0,0,0,0,0,0,0,0,[1]
codecrafters-io/build-your-own-x,joakweb,1,0,0,0,0,0,0,0,0,0,0,0,0,0,[1]
codecrafters-io/build-your-own-x,chaitanyakelkar,1,0,0,0,0,0,0,0,0,0,0,0,0,0,[1]
codecrafters-io/build-your-own-x,Oogap,1,0,0,0,0,0,0,0,0,0,0,0,0,0,[1]
codecrafters-io/build-your-own-x,kirankumar9204,0,1,0,0,0,0,0,0,0,0,0,0,0,0,[1]
codecrafters-io/build-your-own-x,lienweb,1,0,0,0,0,0,0,0,0,0,0,0,0,0,[1]
codecrafters-io/build-your-own-x,rohityadav-me,1,0,0,0,0,0,0,0,0,0,0,0,0,0,[1]
codecrafters-io/build-your-own-x,dfreilich,1,0,0,0,0,0,0,0,0,0,0,0,0,0,[1]
codecrafters-io/build-your-own-x,Bobs-code,1,0,0,0,0,0,0,0,0,0,0,0,0,0,[1]
codecrafters-io/build-your-own-x,jo5huajohn,1,0,0,0,0,0,0,0,0,0,0,0,0,0,[1]
codecrafters-io/build-your-own-x,MagicznaFlet,1,0,0,0,0,0,0,0,0,0,0,0,0,0,[1]
codecrafters-io/build-your-own-x,pedrovr89,1,1,0,0,0,0,0,0,0,0,0,0,0,0,[2]
codecrafters-io/build-your-own-x,JonesGP,0,1,0,0,0,0,0,0,0,0,0,0,0,0,[1]
codecrafters-io/build-your-own-x,Azeved00,1,0,0,0,0,0,0,0,0,0,0,0,0,0,[1]
codecrafters-io/build-your-own-x,ahmtsoydinc,1,0,0,0,0,0,0,0,0,0,0,0,0,0,[1]
codecrafters-io/build-your-own-x,yueyh-123,1,0,0,0,0,0,0,0,0,0,0,0,0,0,[1]
codecrafters-io/build-your-own-x,Sahajj,1,0,0,0,0,0,0,0,0,0,0,0,0,0,[1]
codecrafters-io/build-your-own-x,am3abdelaziz,1,0,0,0,0,0,0,0,0,0,0,0,0,0,[1]
codecrafters-io/build-your-own-x,shreyabhuwania,1,0,0,0,0,0,0,0,0,0,0,0,0,0,[1]
codecrafters-io/build-your-own-x,hanftins,1,0,0,0,0,0,0,0,0,0,0,0,0,0,[1]
codecrafters-io/build-your-own-x,cjreysayago,1,0,0,0,0,0,0,0,0,0,0,0,0,0,[1]
codecrafters-io/build-your-own-x,Bruniikendov,1,0,0,0,0,0,0,0,0,0,0,0,0,0,[1]
codecrafters-io/build-your-own-x,satyaG117,1,0,0,0,0,0,0,0,0,0,0,0,0,0,[1]
codecrafters-io/build-your-own-x,georgekwan,1,0,0,0,0,0,0,0,0,0,0,0,0,0,[1]
codecrafters-io/build-your-own-x,Kaminopapa,1,0,0,0,0,0,0,0,0,0,0,0,0,0,[1]
codecrafters-io/build-your-own-x,Wilibeast,1,0,0,0,0,0,0,0,0,0,0,0,0,0,[1]
codecrafters-io/build-your-own-x,VccAtMee,1,0,0,0,0,0,0,0,0,0,0,0,0,0,[1]
codecrafters-io/build-your-own-x,przemekd,1,0,0,0,0,0,0,0,0,0,0,0,0,0,[1]
codecrafters-io/build-your-own-x,theoDep,1,0,0,0,0,0,0,0,0,0,0,0,0,0,[1]
codecrafters-io/build-your-own-x,Kabachel,1,0,0,0,0,0,0,0,0,0,0,0,0,0,[1]
codecrafters-io/build-your-own-x,arcan9,1,0,0,0,0,0,0,0,0,0,0,0,0,0,[1]
codecrafters-io/build-your-own-x,tylercb,1,0,0,0,0,0,0,0,0,0,0,0,0,0,[1]
codecrafters-io/build-your-own-x,greensponge,1,0,0,0,0,0,0,0,0,0,0,0,0,0,[1]
codecrafters-io/build-your-own-x,StephenThagana,1,0,0,0,0,0,0,0,0,0,0,0,0,0,[1]
codecrafters-io/build-your-own-x,hyesukk,1,0,0,0,0,0,0,0,0,0,0,0,0,0,[1]
codecrafters-io/build-your-own-x,glslowhand,1,0,0,0,0,0,0,0,0,0,0,0,0,0,[1]
codecrafters-io/build-your-own-x,BjarniFreyr,1,0,0,0,0,0,0,0,0,0,0,0,0,0,[1]
codecrafters-io/build-your-own-x,joelbrs,1,0,0,0,0,0,0,0,0,0,0,0,0,0,[1]
codecrafters-io/build-your-own-x,tomml,1,0,0,0,0,0,0,0,0,0,0,0,0,0,[1]
codecrafters-io/build-your-own-x,PatMcN7,1,0,0,0,0,0,0,0,0,0,0,0,0,0,[1]
codecrafters-io/build-your-own-x,kremerben,1,0,0,0,0,0,0,0,0,0,0,0,0,0,[1]
codecrafters-io/build-your-own-x,Alex-Cybermed,1,0,0,0,0,0,0,0,0,0,0,0,0,0,[1]
codecrafters-io/build-your-own-x,arrawatia,1,0,0,0,0,0,0,0,0,0,0,0,0,0,[1]
codecrafters-io/build-your-own-x,avtar,1,0,0,0,0,0,0,0,0,0,0,0,0,0,[1]
codecrafters-io/build-your-own-x,blockspector,1,0,0,0,0,0,0,0,0,0,0,0,0,0,[1]
codecrafters-io/build-your-own-x,JoeTheorium,1,0,0,0,0,0,0,0,0,0,0,0,0,0,[1]
codecrafters-io/build-your-own-x,steven0x51,1,0,0,0,0,0,0,0,0,0,0,0,0,0,[1]
codecrafters-io/build-your-own-x,DeluchiOtsutsuki,1,0,0,0,0,0,0,0,0,0,0,0,0,0,[1]
codecrafters-io/build-your-own-x,onlookeryu,1,0,0,0,0,0,0,0,0,0,0,0,0,0,[1]
codecrafters-io/build-your-own-x,Evgeny1502,1,0,0,0,0,0,0,0,0,0,0,0,0,0,[1]
codecrafters-io/build-your-own-x,kevin008666,1,0,0,0,0,0,0,0,0,0,0,0,0,0,[1]
codecrafters-io/build-your-own-x,jeraldflowers,1,0,0,0,0,0,0,0,0,0,0,0,0,0,[1]
codecrafters-io/build-your-own-x,Leezeke,1,0,0,0,0,0,0,0,0,0,0,0,0,0,[1]
codecrafters-io/build-your-own-x,RichieDevR,1,0,0,0,0,0,0,0,0,0,0,0,0,0,[1]
codecrafters-io/build-your-own-x,jorneylopez,0,1,0,0,0,0,0,0,0,0,0,0,0,0,[1]
codecrafters-io/build-your-own-x,VyIq,1,0,0,0,0,0,0,0,0,0,0,0,0,0,[1]
codecrafters-io/build-your-own-x,mikeygithub,1,0,0,0,0,0,0,0,0,0,0,0,0,0,[1]
codecrafters-io/build-your-own-x,kahooted,1,0,0,0,0,0,0,0,0,0,0,0,0,0,[1]
codecrafters-io/build-your-own-x,dualseason,1,0,0,0,0,0,0,0,0,0,0,0,0,0,[1]
codecrafters-io/build-your-own-x,lingmengkeji,0,1,0,0,0,0,0,0,0,0,0,0,0,0,[1]
codecrafters-io/build-your-own-x,cloud-hacker,1,0,0,0,0,0,0,0,0,0,0,0,0,0,[1]
codecrafters-io/build-your-own-x,OsosCodes,1,0,0,0,0,0,0,0,0,0,0,0,0,0,[1]
codecrafters-io/build-your-own-x,TheFern2,1,0,0,0,0,0,0,0,0,0,0,0,0,0,[1]
codecrafters-io/build-your-own-x,franciscomelov,1,0,0,0,0,0,0,0,0,0,0,0,0,0,[1]
codecrafters-io/build-your-own-x,ListenV,1,0,0,0,0,0,0,0,0,0,0,0,0,0,[1]
codecrafters-io/build-your-own-x,behzod1996,1,0,0,0,0,0,0,0,0,0,0,0,0,0,[1]
codecrafters-io/build-your-own-x,bws520,1,0,0,0,0,0,0,0,0,0,0,0,0,0,[1]
codecrafters-io/build-your-own-x,plzeng,1,0,0,0,0,0,0,0,0,0,0,0,0,0,[1]
codecrafters-io/build-your-own-x,rjuer,1,0,0,0,0,0,0,0,0,0,0,0,0,0,[1]
codecrafters-io/build-your-own-x,pixlbreaker,1,0,0,0,0,0,0,0,0,0,0,0,0,0,[1]
codecrafters-io/build-your-own-x,kayden-yan,1,0,0,0,0,0,0,0,0,0,0,0,0,0,[1]
codecrafters-io/build-your-own-x,ckar28,0,1,0,0,0,0,0,0,0,0,0,0,0,0,[1]
codecrafters-io/build-your-own-x,ludwigQB,1,0,0,0,0,0,0,0,0,0,0,0,0,0,[1]
codecrafters-io/build-your-own-x,ZMJ-Java,1,0,0,0,0,0,0,0,0,0,0,0,0,0,[1]
codecrafters-io/build-your-own-x,ForBo7,1,0,0,0,0,0,0,0,0,0,0,0,0,0,[1]
codecrafters-io/build-your-own-x,abdulrehmansohail,1,1,0,0,0,0,0,0,0,0,0,0,0,0,[2]
codecrafters-io/build-your-own-x,gillwong,1,0,0,0,0,0,0,0,0,0,0,0,0,0,[1]
codecrafters-io/build-your-own-x,EmilyQian2001,1,0,0,0,0,0,0,0,0,0,0,0,0,0,[1]
codecrafters-io/build-your-own-x,manojcchoudhary,1,1,0,0,0,0,0,0,0,0,0,0,0,0,[2]
codecrafters-io/build-your-own-x,arthishaxom,1,0,0,0,0,0,0,0,0,0,0,0,0,0,[1]
codecrafters-io/build-your-own-x,SSshhHu,1,0,0,0,0,0,0,0,0,0,0,0,0,0,[1]
codecrafters-io/build-your-own-x,onuroduncu,1,0,0,0,0,0,0,0,0,0,0,0,0,0,[1]
codecrafters-io/build-your-own-x,DreamFirstSnow,1,1,0,0,0,0,0,0,0,0,0,0,0,0,[2]
codecrafters-io/build-your-own-x,Avices,1,0,0,0,0,0,0,0,0,0,0,0,0,0,[1]
codecrafters-io/build-your-own-x,ysy1024,2,0,0,0,0,0,0,0,0,0,0,0,0,0,[2]
codecrafters-io/build-your-own-x,JaswantTeja,1,0,0,0,0,0,0,0,0,0,0,0,0,0,[1]
codecrafters-io/build-your-own-x,9bow,1,0,0,0,0,0,0,0,0,0,0,0,0,0,[1]
codecrafters-io/build-your-own-x,SebastianFletcher,1,0,0,0,0,0,0,0,0,0,0,0,0,0,[1]
codecrafters-io/build-your-own-x,Adulzir,1,0,0,0,0,0,0,0,0,0,0,0,0,0,[1]
codecrafters-io/build-your-own-x,ssahgal,0,1,0,0,0,0,0,0,0,0,0,0,0,0,[1]
codecrafters-io/build-your-own-x,aaace1,1,0,0,0,0,0,0,0,0,0,0,0,0,0,[1]
codecrafters-io/build-your-own-x,IsrafilEMIN,1,0,0,0,0,0,0,0,0,0,0,0,0,0,[1]
codecrafters-io/build-your-own-x,xuman2019,1,0,0,0,0,0,0,0,0,0,0,0,0,0,[1]
codecrafters-io/build-your-own-x,rhutch117,1,0,0,0,0,0,0,0,0,0,0,0,0,0,[1]
codecrafters-io/build-your-own-x,LiveDuo,1,0,0,0,0,0,0,0,0,0,0,0,0,0,[1]
codecrafters-io/build-your-own-x,lilstarrrrrr,1,0,0,0,0,0,0,0,0,0,0,0,0,0,[1]
codecrafters-io/build-your-own-x,0xDaksh,1,0,0,0,0,0,0,0,0,0,0,0,0,0,[1]
codecrafters-io/build-your-own-x,HaroldB02,1,0,0,0,0,0,0,0,0,0,0,0,0,0,[1]
codecrafters-io/build-your-own-x,jelly0o0,1,0,0,0,0,0,0,0,0,0,0,0,0,0,[1]
codecrafters-io/build-your-own-x,ShamiDev,1,0,0,0,0,0,0,0,0,0,0,0,0,0,[1]
codecrafters-io/build-your-own-x,bumberboy,1,0,0,0,0,0,0,0,0,0,0,0,0,0,[1]
codecrafters-io/build-your-own-x,outsider69,0,1,0,0,0,0,0,0,0,0,0,0,0,0,[1]
codecrafters-io/build-your-own-x,nedumay,1,0,0,0,0,0,0,0,0,0,0,0,0,0,[1]
codecrafters-io/build-your-own-x,krishnapriyak1,1,0,0,0,0,0,0,0,0,0,0,0,0,0,[1]
codecrafters-io/build-your-own-x,DezPetty1228,1,0,0,0,0,0,0,0,0,0,0,0,0,0,[1]
codecrafters-io/build-your-own-x,aimar24,1,0,0,0,0,0,0,0,0,0,0,0,0,0,[1]
codecrafters-io/build-your-own-x,SMR76,1,0,0,0,0,0,0,0,0,0,0,0,0,0,[1]
codecrafters-io/build-your-own-x,SudoerUser,1,0,0,0,0,0,0,0,0,0,0,0,0,0,[1]
codecrafters-io/build-your-own-x,SHappyCoding,1,0,0,0,0,0,0,0,0,0,0,0,0,0,[1]
codecrafters-io/build-your-own-x,mraf,1,0,0,0,0,0,0,0,0,0,0,0,0,0,[1]
codecrafters-io/build-your-own-x,nicolas-deyros,1,0,0,0,0,0,0,0,0,0,0,0,0,0,[1]
codecrafters-io/build-your-own-x,careb36,1,0,0,0,0,0,0,0,0,0,0,0,0,0,[1]
codecrafters-io/build-your-own-x,xxxycl,1,1,0,0,0,0,0,0,0,0,0,0,0,0,[2]
codecrafters-io/build-your-own-x,koikiss-dev,1,0,0,0,0,0,0,0,0,0,0,0,0,0,[1]
codecrafters-io/build-your-own-x,J926L,1,0,0,0,0,0,0,0,0,0,0,0,0,0,[1]
codecrafters-io/build-your-own-x,armaanbadhan,1,0,0,0,0,0,0,0,0,0,0,0,0,0,[1]
codecrafters-io/build-your-own-x,narimiran,1,0,0,0,0,0,0,0,0,0,0,0,0,0,[1]
codecrafters-io/build-your-own-x,RaWseekQWERTY,1,0,0,0,0,0,0,0,0,0,0,0,0,0,[1]
codecrafters-io/build-your-own-x,Jackiethorn,1,0,0,0,0,0,0,0,0,0,0,0,0,0,[1]
codecrafters-io/build-your-own-x,sugijotaro,1,0,0,0,0,0,0,0,0,0,0,0,0,0,[1]
codecrafters-io/build-your-own-x,Gilsson,1,0,0,0,0,0,0,0,0,0,0,0,0,0,[1]
codecrafters-io/build-your-own-x,vinaypursnani,1,0,0,0,0,0,0,0,0,0,0,0,0,0,[1]
codecrafters-io/build-your-own-x,aoshfan,1,0,0,0,0,0,0,0,0,0,0,0,0,0,[1]
codecrafters-io/build-your-own-x,pietroppeter,1,0,0,0,0,0,0,0,0,0,0,0,0,0,[1]
codecrafters-io/build-your-own-x,chrisECH,1,0,0,0,0,0,0,0,0,0,0,0,0,0,[1]
codecrafters-io/build-your-own-x,dbudaghyan,1,0,0,0,0,0,0,0,0,0,0,0,0,0,[1]
codecrafters-io/build-your-own-x,B-Weyl,1,0,0,0,0,0,0,0,0,0,0,0,0,0,[1]
codecrafters-io/build-your-own-x,Wesley-yang,0,1,0,0,0,0,0,0,0,0,0,0,0,0,[1]
codecrafters-io/build-your-own-x,CristianDQL,1,0,0,0,0,0,0,0,0,0,0,0,0,0,[1]
codecrafters-io/build-your-own-x,Serenity1909,1,0,0,0,0,0,0,0,0,0,0,0,0,0,[1]
codecrafters-io/build-your-own-x,Depranum,1,0,0,0,0,0,0,0,0,0,0,0,0,0,[1]
codecrafters-io/build-your-own-x,piragash-29,1,0,0,0,0,0,0,0,0,0,0,0,0,0,[1]
codecrafters-io/build-your-own-x,ErickSC19,1,0,0,0,0,0,0,0,0,0,0,0,0,0,[1]
codecrafters-io/build-your-own-x,SherilyShieh,1,1,0,0,0,0,0,0,0,0,0,0,0,0,[2]
codecrafters-io/build-your-own-x,forwator221,1,0,0,0,0,0,0,0,0,0,0,0,0,0,[1]
codecrafters-io/build-your-own-x,cl3pto,1,0,0,0,0,0,0,0,0,0,0,0,0,0,[1]
codecrafters-io/build-your-own-x,wonbear,1,0,0,0,0,0,0,0,0,0,0,0,0,0,[1]
codecrafters-io/build-your-own-x,LeanBorquez,1,0,0,0,0,0,0,0,0,0,0,0,0,0,[1]
codecrafters-io/build-your-own-x,SC-One,1,0,0,0,0,0,0,0,0,0,0,0,0,0,[1]
codecrafters-io/build-your-own-x,shyfify,1,0,0,0,0,0,0,0,0,0,0,0,0,0,[1]
codecrafters-io/build-your-own-x,mariam6697,1,0,0,0,0,0,0,0,0,0,0,0,0,0,[1]
codecrafters-io/build-your-own-x,kaiz11,1,0,0,0,0,0,0,0,0,0,0,0,0,0,[1]
codecrafters-io/build-your-own-x,Juliibtw,1,0,0,0,0,0,0,0,0,0,0,0,0,0,[1]
codecrafters-io/build-your-own-x,codewithkate,1,0,0,0,0,0,0,0,0,0,0,0,0,0,[1]
codecrafters-io/build-your-own-x,JacquesVonHamsterviel,1,0,0,0,0,0,0,0,0,0,0,0,0,0,[1]
codecrafters-io/build-your-own-x,dbolivar25,1,0,0,0,0,0,0,0,0,0,0,0,0,0,[1]
codecrafters-io/build-your-own-x,Faiznurullah,1,0,0,0,0,0,0,0,0,0,0,0,0,0,[1]
codecrafters-io/build-your-own-x,JeffLiusGitHub,1,0,0,0,0,0,0,0,0,0,0,0,0,0,[1]
codecrafters-io/build-your-own-x,OtherNir,1,0,0,0,0,0,0,0,0,0,0,0,0,0,[1]
codecrafters-io/build-your-own-x,Dan4ik2504,1,0,0,0,0,0,0,0,0,0,0,0,0,0,[1]
codecrafters-io/build-your-own-x,ratsdiov,1,0,0,0,0,0,0,0,0,0,0,0,0,0,[1]
codecrafters-io/build-your-own-x,EduardoSastre,1,0,0,0,0,0,0,0,0,0,0,0,0,0,[1]
codecrafters-io/build-your-own-x,Ming119,1,0,0,0,0,0,0,0,0,0,0,0,0,0,[1]
codecrafters-io/build-your-own-x,jxne00,1,0,0,0,0,0,0,0,0,0,0,0,0,0,[1]
codecrafters-io/build-your-own-x,SHADOWMMARK,1,0,0,0,0,0,0,0,0,0,0,0,0,0,[1]
codecrafters-io/build-your-own-x,duckyounowwholaughin,1,0,0,0,0,0,0,0,0,0,0,0,0,0,[1]
codecrafters-io/build-your-own-x,Bakhram74,1,0,0,0,0,0,0,0,0,0,0,0,0,0,[1]
codecrafters-io/build-your-own-x,ggdream,1,0,0,0,0,0,0,0,0,0,0,0,0,0,[1]
codecrafters-io/build-your-own-x,xPushpeshx,1,0,0,0,0,0,0,0,0,0,0,0,0,0,[1]
codecrafters-io/build-your-own-x,chenshuai0311,1,0,0,0,0,0,0,0,0,0,0,0,0,0,[1]
codecrafters-io/build-your-own-x,leva5277,1,1,0,0,0,0,0,0,0,0,0,0,0,0,[2]
codecrafters-io/build-your-own-x,M3IJI3,1,0,0,0,0,0,0,0,0,0,0,0,0,0,[1]
codecrafters-io/build-your-own-x,dp9289,1,0,0,0,0,0,0,0,0,0,0,0,0,0,[1]
codecrafters-io/build-your-own-x,saidofficial,1,0,0,0,0,0,0,0,0,0,0,0,0,0,[1]
codecrafters-io/build-your-own-x,varou11,1,0,0,0,0,0,0,0,0,0,0,0,0,0,[1]
codecrafters-io/build-your-own-x,yyy210,1,0,0,0,0,0,0,0,0,0,0,0,0,0,[1]
codecrafters-io/build-your-own-x,Gulebi,1,0,0,0,0,0,0,0,0,0,0,0,0,0,[1]
codecrafters-io/build-your-own-x,sunshineblue1337,1,0,0,0,0,0,0,0,0,0,0,0,0,0,[1]
codecrafters-io/build-your-own-x,amarmahato-dev,1,0,0,0,0,0,0,0,0,0,0,0,0,0,[1]
codecrafters-io/build-your-own-x,Lacoste27,0,1,0,0,0,0,0,0,0,0,0,0,0,0,[1]
codecrafters-io/build-your-own-x,agustink,1,0,0,0,0,0,0,0,0,0,0,0,0,0,[1]
codecrafters-io/build-your-own-x,oneasai,1,0,0,0,0,0,0,0,0,0,0,0,0,0,[1]
codecrafters-io/build-your-own-x,nourhan031,0,1,0,0,0,0,0,0,0,0,0,0,0,0,[1]
codecrafters-io/build-your-own-x,JamesSprint,1,0,0,0,0,0,0,0,0,0,0,0,0,0,[1]
codecrafters-io/build-your-own-x,slail,1,0,0,0,0,0,0,0,0,0,0,0,0,0,[1]
codecrafters-io/build-your-own-x,CTingy,1,0,0,0,0,0,0,0,0,0,0,0,0,0,[1]
codecrafters-io/build-your-own-x,syuming,1,0,0,0,0,0,0,0,0,0,0,0,0,0,[1]
codecrafters-io/build-your-own-x,ShrihariMaheshwari,1,0,0,0,0,0,0,0,0,0,0,0,0,0,[1]
codecrafters-io/build-your-own-x,xiekun2019,1,0,0,0,0,0,0,0,0,0,0,0,0,0,[1]
codecrafters-io/build-your-own-x,HarishB99,1,0,0,0,0,0,0,0,0,0,0,0,0,0,[1]
codecrafters-io/build-your-own-x,faridprogrammer,1,0,0,0,0,0,0,0,0,0,0,0,0,0,[1]
codecrafters-io/build-your-own-x,jafferatgz,0,1,0,0,0,0,0,0,0,0,0,0,0,0,[1]
codecrafters-io/build-your-own-x,mr-xree,1,0,0,0,0,0,0,0,0,0,0,0,0,0,[1]
codecrafters-io/build-your-own-x,nicolas-git,1,0,0,0,0,0,0,0,0,0,0,0,0,0,[1]
codecrafters-io/build-your-own-x,PramodhTVK,1,0,0,0,0,0,0,0,0,0,0,0,0,0,[1]
codecrafters-io/build-your-own-x,mbishop38,1,0,0,0,0,0,0,0,0,0,0,0,0,0,[1]
codecrafters-io/build-your-own-x,namkyu1999,1,0,0,0,0,0,0,0,0,0,0,0,0,0,[1]
codecrafters-io/build-your-own-x,ShirWein,1,0,0,0,0,0,0,0,0,0,0,0,0,0,[1]
codecrafters-io/build-your-own-x,Saydou231,1,0,0,0,0,0,0,0,0,0,0,0,0,0,[1]
codecrafters-io/build-your-own-x,eguitler,1,0,0,0,0,0,0,0,0,0,0,0,0,0,[1]
codecrafters-io/build-your-own-x,Xiphity,1,0,0,0,0,0,0,0,0,0,0,0,0,0,[1]
codecrafters-io/build-your-own-x,m0hsin-khan,1,0,0,0,0,0,0,0,0,0,0,0,0,0,[1]
codecrafters-io/build-your-own-x,shawnngosocial,1,0,0,0,0,0,0,0,0,0,0,0,0,0,[1]
codecrafters-io/build-your-own-x,diegocdl,1,0,0,0,0,0,0,0,0,0,0,0,0,0,[1]
codecrafters-io/build-your-own-x,songsongsong97,1,0,0,0,0,0,0,0,0,0,0,0,0,0,[1]
codecrafters-io/build-your-own-x,alaaotay8,1,0,0,1,0,0,0,0,0,0,0,0,0,0,[2]
codecrafters-io/build-your-own-x,ttppss,1,0,0,0,0,0,0,0,0,0,0,0,0,0,[1]
codecrafters-io/build-your-own-x,bclin717,1,0,0,0,0,0,0,0,0,0,0,0,0,0,[1]
codecrafters-io/build-your-own-x,Zimzim1,1,0,0,0,0,0,0,0,0,0,0,0,0,0,[1]
codecrafters-io/build-your-own-x,mroshan74,1,0,0,0,0,0,0,0,0,0,0,0,0,0,[1]
codecrafters-io/build-your-own-x,Koios1143,1,0,0,0,0,0,0,0,0,0,0,0,0,0,[1]
codecrafters-io/build-your-own-x,juhair-cupcake,1,0,0,0,0,0,0,0,0,0,0,0,0,0,[1]
codecrafters-io/build-your-own-x,quarenw,1,0,0,0,0,0,0,0,0,0,0,0,0,0,[1]
codecrafters-io/build-your-own-x,usultonov-b18,1,0,0,0,0,0,0,0,0,0,0,0,0,0,[1]
codecrafters-io/build-your-own-x,ssreynoso,1,0,0,0,0,0,0,0,0,0,0,0,0,0,[1]
codecrafters-io/build-your-own-x,Budget-Dolphin,1,0,0,0,0,0,0,0,0,0,0,0,0,0,[1]
codecrafters-io/build-your-own-x,SaiKathiroli,1,0,0,0,0,0,0,0,0,0,0,0,0,0,[1]
codecrafters-io/build-your-own-x,AveAng02,1,0,0,0,0,0,0,0,0,0,0,0,0,0,[1]
codecrafters-io/build-your-own-x,royshouvik,0,1,0,0,0,0,0,0,0,0,0,0,0,0,[1]
codecrafters-io/build-your-own-x,EstebanCardenas,1,0,0,0,0,0,0,0,0,0,0,0,0,0,[1]
codecrafters-io/build-your-own-x,diya4covid,0,1,0,0,0,0,0,0,0,0,0,0,0,0,[1]
codecrafters-io/build-your-own-x,lingyiqin,1,0,0,0,0,0,0,0,0,0,0,0,0,0,[1]
codecrafters-io/build-your-own-x,leedehua,1,0,0,0,0,0,0,0,0,0,0,0,0,0,[1]
codecrafters-io/build-your-own-x,TheSQLGuru,1,0,0,0,0,0,0,0,0,0,0,0,0,0,[1]
codecrafters-io/build-your-own-x,ieei0214,1,0,0,0,0,0,0,0,0,0,0,0,0,0,[1]
codecrafters-io/build-your-own-x,tariq9mehmood9,1,0,0,0,0,0,0,0,0,0,0,0,0,0,[1]
codecrafters-io/build-your-own-x,BlastlessAnthony,1,0,0,0,0,0,0,0,0,0,0,0,0,0,[1]
codecrafters-io/build-your-own-x,Sussybabe67,1,0,0,0,0,0,0,0,0,0,0,0,0,0,[1]
codecrafters-io/build-your-own-x,elmergustavo,1,0,0,0,0,0,0,0,0,0,0,0,0,0,[1]
codecrafters-io/build-your-own-x,anujchourasia15,1,0,0,0,0,0,0,0,0,0,0,0,0,0,[1]
codecrafters-io/build-your-own-x,nalevi,1,0,0,0,0,0,0,0,0,0,0,0,0,0,[1]
codecrafters-io/build-your-own-x,bowenlan-amzn,1,0,0,0,0,0,0,0,0,0,0,0,0,0,[1]
codecrafters-io/build-your-own-x,FabianToledo,1,0,0,0,0,0,0,0,0,0,0,0,0,0,[1]
codecrafters-io/build-your-own-x,egoist000,1,0,0,0,0,0,0,0,0,0,0,0,0,0,[1]
codecrafters-io/build-your-own-x,Huell-Howitzer,1,0,0,0,0,0,0,0,0,0,0,0,0,0,[1]
codecrafters-io/build-your-own-x,LimitBreaker98,1,1,0,0,0,0,0,0,0,0,0,0,0,0,[2]
codecrafters-io/build-your-own-x,the-wright-jamie,1,0,0,0,0,0,0,0,0,0,0,0,0,0,[1]
codecrafters-io/build-your-own-x,HanyMedhat10,1,0,0,0,0,0,0,0,0,0,0,0,0,0,[1]
codecrafters-io/build-your-own-x,olehhasii,1,0,0,0,0,0,0,0,0,0,0,0,0,0,[1]
codecrafters-io/build-your-own-x,AngeloCore,1,0,0,0,0,0,0,0,0,0,0,0,0,0,[1]
codecrafters-io/build-your-own-x,PrateekParihar,0,1,0,0,0,0,0,0,0,0,0,0,0,0,[1]
codecrafters-io/build-your-own-x,ghendersonnc,1,0,0,0,0,0,0,0,0,0,0,0,0,0,[1]
codecrafters-io/build-your-own-x,dheerajreal,1,0,0,0,0,0,0,0,0,0,0,0,0,0,[1]
codecrafters-io/build-your-own-x,MAES-Pyramids,1,0,0,0,0,0,0,0,0,0,0,0,0,0,[1]
codecrafters-io/build-your-own-x,PaleBluDot,1,0,0,0,0,0,0,0,0,0,0,0,0,0,[1]
codecrafters-io/build-your-own-x,marti-gutierrez,1,0,0,0,0,0,0,0,0,0,0,0,0,0,[1]
codecrafters-io/build-your-own-x,maxmorozoff,1,0,0,0,0,0,0,0,0,0,0,0,0,0,[1]
codecrafters-io/build-your-own-x,Ambop,1,0,0,0,0,0,0,0,0,0,0,0,0,0,[1]
codecrafters-io/build-your-own-x,joycesabrina,1,0,0,0,0,0,0,0,0,0,0,0,0,0,[1]
codecrafters-io/build-your-own-x,xiaobaizheng,1,0,0,0,0,0,0,0,0,0,0,0,0,0,[1]
codecrafters-io/build-your-own-x,Eelyneee,1,0,0,0,0,0,0,0,0,0,0,0,0,0,[1]
codecrafters-io/build-your-own-x,adanov,1,0,0,0,0,0,0,0,0,0,0,0,0,0,[1]
codecrafters-io/build-your-own-x,wwglala,1,0,0,0,0,0,0,0,0,0,0,0,0,0,[1]
codecrafters-io/build-your-own-x,hahahahahehehe,0,1,0,0,0,0,0,0,0,0,0,0,0,0,[1]
codecrafters-io/build-your-own-x,juniorny,1,0,0,0,0,0,0,0,0,0,0,0,0,0,[1]
codecrafters-io/build-your-own-x,AjgorDogIS,1,0,0,0,0,0,0,0,0,0,0,0,0,0,[1]
codecrafters-io/build-your-own-x,HosseinDevelop,1,0,0,0,0,0,0,0,0,0,0,0,0,0,[1]
codecrafters-io/build-your-own-x,DEMONLU23,1,0,0,0,0,0,0,0,0,0,0,0,0,0,[1]
codecrafters-io/build-your-own-x,Hadon127,1,0,0,0,0,0,0,0,0,0,0,0,0,0,[1]
codecrafters-io/build-your-own-x,aabolfazl,1,0,0,0,0,0,0,0,0,0,0,0,0,0,[1]
codecrafters-io/build-your-own-x,nirihenintsoa,1,0,0,0,0,0,0,0,0,0,0,0,0,0,[1]
codecrafters-io/build-your-own-x,MaxwellJung,1,0,0,0,0,0,0,0,0,0,0,0,0,0,[1]
codecrafters-io/build-your-own-x,Enyinnay,1,0,0,0,0,0,0,0,0,0,0,0,0,0,[1]
codecrafters-io/build-your-own-x,1mazin,1,0,0,0,0,0,0,0,0,0,0,0,0,0,[1]
codecrafters-io/build-your-own-x,chirsxiu,1,0,0,0,0,0,0,0,0,0,0,0,0,0,[1]
codecrafters-io/build-your-own-x,ManGo-8bit,1,0,0,0,0,0,0,0,0,0,0,0,0,0,[1]
codecrafters-io/build-your-own-x,pysnow530,2,0,0,0,0,0,0,0,0,0,0,0,0,0,[2]
