Grt1228/chatgpt-java,comlc,1,0,0,0,0,0,0,0,0,0,0,0,0,0,[1]
Grt1228/chatgpt-java,aixinxiaoba,0,1,0,0,0,0,0,0,0,0,0,0,0,0,[1]
Grt1228/chatgpt-java,kaifamiao,0,1,0,0,0,0,0,0,0,0,0,0,0,0,[1]
Grt1228/chatgpt-java,gaochao1984,1,0,0,0,0,0,0,0,0,0,0,0,0,0,[1]
Grt1228/chatgpt-java,Tim1104,0,1,0,0,0,0,0,0,0,0,0,0,0,0,[1]
Grt1228/chatgpt-java,Time-Boat,1,0,0,0,0,0,0,0,0,0,0,0,0,0,[1]
Grt1228/chatgpt-java,alon-sys,0,0,5,3,0,0,0,0,0,0,0,0,0,0,[8]
Grt1228/chatgpt-java,alanchenyan,0,1,0,0,0,0,0,0,0,0,0,0,0,0,[1]
Grt1228/chatgpt-java,807592732,0,0,1,0,0,0,0,0,0,0,0,0,0,0,[1]
Grt1228/chatgpt-java,Grt1228,0,0,15,4,17,11,0,3,0,0,0,0,0,0,[50]
Grt1228/chatgpt-java,a980545075,1,0,0,0,0,0,0,0,0,0,0,0,0,0,[1]
Grt1228/chatgpt-java,erlangs,1,0,0,0,0,0,0,0,0,0,0,0,0,0,[1]
Grt1228/chatgpt-java,NeganSmith,0,0,0,1,0,0,0,0,0,0,0,0,0,0,[1]
Grt1228/chatgpt-java,cubelight-red,0,1,0,0,0,0,0,0,0,0,0,0,0,0,[1]
Grt1228/chatgpt-java,ZHOURI,0,0,1,1,0,0,0,0,0,0,0,0,0,0,[2]
Grt1228/chatgpt-java,ZhangWayne,1,0,0,0,0,0,0,0,0,0,0,0,0,0,[1]
Grt1228/chatgpt-java,gclhaha,1,0,0,0,0,0,0,0,0,0,0,0,0,0,[1]
Grt1228/chatgpt-java,iJonSo,0,1,0,0,0,0,0,0,0,0,0,0,0,0,[1]
Grt1228/chatgpt-java,LeiZijie0,1,0,0,0,0,0,0,0,0,0,0,0,0,0,[1]
Grt1228/chatgpt-java,a445870301,1,0,0,0,0,0,0,0,0,0,0,0,0,0,[1]
Grt1228/chatgpt-java,lishulong199253,1,0,0,0,0,0,0,0,0,0,0,0,0,0,[1]
Grt1228/chatgpt-java,jasonsoso,1,0,0,0,0,0,0,0,0,0,0,0,0,0,[1]
Grt1228/chatgpt-java,iacker,1,1,0,0,0,0,0,0,0,0,0,0,0,0,[2]
Grt1228/chatgpt-java,Jarvis-jzh,0,1,0,0,0,0,0,0,0,0,0,0,0,0,[1]
Grt1228/chatgpt-java,zhy-run,0,1,0,0,0,0,0,0,0,0,0,0,0,0,[1]
Grt1228/chatgpt-java,stoneLee81,1,0,0,0,0,0,0,0,0,0,0,0,0,0,[1]
Grt1228/chatgpt-java,abelzha,0,1,0,0,0,0,0,0,0,0,0,0,0,0,[1]
Grt1228/chatgpt-java,aliiy,1,0,0,0,0,0,0,0,0,0,0,0,0,0,[1]
Grt1228/chatgpt-java,iyunya,0,1,0,0,0,0,0,0,0,0,0,0,0,0,[1]
Grt1228/chatgpt-java,cnsczt,1,0,0,0,0,0,0,0,0,0,0,0,0,0,[1]
Grt1228/chatgpt-java,xflykkk,1,0,0,0,0,0,0,0,0,0,0,0,0,0,[1]
Grt1228/chatgpt-java,Cyxxxxx,1,0,0,0,0,0,0,0,0,0,0,0,0,0,[1]
Grt1228/chatgpt-java,gulihuazoe,0,0,1,0,0,0,0,0,0,0,0,0,0,0,[1]
Grt1228/chatgpt-java,Toifyx,1,0,1,0,0,0,0,0,0,0,0,0,0,0,[2]
Grt1228/chatgpt-java,a1667834841,0,0,1,0,0,0,0,0,0,0,0,0,0,0,[1]
Grt1228/chatgpt-java,imldy,0,0,0,1,0,0,0,0,0,0,0,0,0,0,[1]
Grt1228/chatgpt-java,guanming333,1,0,0,0,0,0,0,0,0,0,0,0,0,0,[1]
Grt1228/chatgpt-java,fl1906,1,0,1,0,0,0,0,0,0,0,0,0,0,0,[2]
Grt1228/chatgpt-java,xz8090,1,0,0,0,0,0,0,0,0,0,0,0,0,0,[1]
Grt1228/chatgpt-java,chengyi3192,0,1,0,0,0,0,0,0,0,0,0,0,0,0,[1]
Grt1228/chatgpt-java,vicemiami,1,0,0,0,0,0,0,0,0,0,0,0,0,0,[1]
Grt1228/chatgpt-java,insolitum,1,0,0,0,0,0,0,0,0,0,0,0,0,0,[1]
Grt1228/chatgpt-java,newbiefly,0,0,1,1,0,0,0,0,0,0,0,0,0,0,[2]
Grt1228/chatgpt-java,yangqinhua2008,1,0,0,0,0,0,0,0,0,0,0,0,0,0,[1]
Grt1228/chatgpt-java,wangxinat,0,1,0,0,0,0,0,0,0,0,0,0,0,0,[1]
Grt1228/chatgpt-java,BakerJQ,1,0,0,0,0,0,0,0,0,0,0,0,0,0,[1]
Grt1228/chatgpt-java,xiyanluo,1,0,0,0,0,0,0,0,0,0,0,0,0,0,[1]
Grt1228/chatgpt-java,wangyongtao1990,1,0,0,0,0,0,0,0,0,0,0,0,0,0,[1]
Grt1228/chatgpt-java,BakerYw,1,0,0,0,0,0,0,0,0,0,0,0,0,0,[1]
Grt1228/chatgpt-java,AichaelLee,1,0,0,0,0,0,0,0,0,0,0,0,0,0,[1]
Grt1228/chatgpt-java,phpinside,1,0,0,0,0,0,0,0,0,0,0,0,0,0,[1]
Grt1228/chatgpt-java,zhoudemigod,1,0,0,0,0,0,0,0,0,0,0,0,0,0,[1]
Grt1228/chatgpt-java,jwdstef,0,1,0,0,0,0,0,0,0,0,0,0,0,0,[1]
Grt1228/chatgpt-java,Metasquilla,1,0,0,0,0,0,0,0,0,0,0,0,0,0,[1]
Grt1228/chatgpt-java,jiushaba,0,0,1,1,0,0,0,0,0,0,0,0,0,0,[2]
Grt1228/chatgpt-java,luoyashuo,1,0,0,0,0,0,0,0,0,0,0,0,0,0,[1]
Grt1228/chatgpt-java,chiocai,1,0,0,0,0,0,0,0,0,0,0,0,0,0,[1]
Grt1228/chatgpt-java,PlexPt,0,1,1,0,0,1,0,0,0,0,0,0,0,0,[3]
Grt1228/chatgpt-java,yisan,1,1,0,0,0,0,0,0,0,0,0,0,0,0,[2]
Grt1228/chatgpt-java,hanshuixin,1,0,0,0,0,0,0,0,0,0,0,0,0,0,[1]
Grt1228/chatgpt-java,Andyfoo,1,0,0,0,0,0,0,0,0,0,0,0,0,0,[1]
Grt1228/chatgpt-java,githubyh,1,0,0,0,0,0,0,0,0,0,0,0,0,0,[1]
Grt1228/chatgpt-java,Bobby0403,0,0,0,1,0,0,0,0,0,0,0,0,0,0,[1]
Grt1228/chatgpt-java,hnyysz,1,0,0,0,0,0,0,0,0,0,0,0,0,0,[1]
Grt1228/chatgpt-java,soulForLove,1,0,0,0,0,0,0,0,0,0,0,0,0,0,[1]
Grt1228/chatgpt-java,Flock-YT,1,0,0,0,0,0,0,0,0,0,0,0,0,0,[1]
Grt1228/chatgpt-java,GitDzreal93,1,0,0,0,0,0,0,0,0,0,0,0,0,0,[1]
Grt1228/chatgpt-java,liangtian123,1,0,0,0,0,0,0,0,0,0,0,0,0,0,[1]
