AbdullahAlfaraj/Auto-Photoshop-StableDiffusion-Plugin,AbdullahAlfaraj,1,0,5,2,30,7,0,1,0,0,0,0,0,0,[46]
AbdullahAlfaraj/Auto-Photoshop-StableDiffusion-Plugin,WickedBee,0,0,1,0,0,0,0,0,0,0,0,0,0,0,[1]
AbdullahAlfaraj/Auto-Photoshop-StableDiffusion-Plugin,Ygohel18,1,0,0,0,0,0,0,0,0,0,0,0,0,0,[1]
AbdullahAlfaraj/Auto-Photoshop-StableDiffusion-Plugin,kchambit,1,0,0,0,0,0,0,0,0,0,0,0,0,0,[1]
AbdullahAlfaraj/Auto-Photoshop-StableDiffusion-Plugin,adunato,0,1,2,1,0,5,0,0,0,0,0,0,0,0,[9]
AbdullahAlfaraj/Auto-Photoshop-StableDiffusion-Plugin,petertrapasso,1,0,0,0,0,0,0,0,0,0,0,0,0,0,[1]
AbdullahAlfaraj/Auto-Photoshop-StableDiffusion-Plugin,pirncedark,0,1,0,0,0,0,0,0,0,0,0,0,0,0,[1]
AbdullahAlfaraj/Auto-Photoshop-StableDiffusion-Plugin,Aangoan,1,0,0,0,0,0,0,0,0,0,0,0,0,0,[1]
AbdullahAlfaraj/Auto-Photoshop-StableDiffusion-Plugin,metantonio,1,0,0,0,0,0,0,0,0,0,0,0,0,0,[1]
AbdullahAlfaraj/Auto-Photoshop-StableDiffusion-Plugin,popedead,1,0,0,0,0,0,0,0,0,0,0,0,0,0,[1]
AbdullahAlfaraj/Auto-Photoshop-StableDiffusion-Plugin,NaitorStudios,1,0,0,0,0,0,0,0,0,0,0,0,0,0,[1]
AbdullahAlfaraj/Auto-Photoshop-StableDiffusion-Plugin,PZAragon,0,0,4,1,0,0,0,0,0,0,0,0,0,0,[5]
AbdullahAlfaraj/Auto-Photoshop-StableDiffusion-Plugin,Omni-Engineering,1,0,0,0,0,0,0,0,0,0,0,0,0,0,[1]
AbdullahAlfaraj/Auto-Photoshop-StableDiffusion-Plugin,Hemry81,1,0,0,0,0,0,0,0,0,0,0,0,0,0,[1]
AbdullahAlfaraj/Auto-Photoshop-StableDiffusion-Plugin,Asher-AI,1,0,0,0,0,0,0,0,0,0,0,0,0,0,[1]
AbdullahAlfaraj/Auto-Photoshop-StableDiffusion-Plugin,wuchanghui5220,1,0,0,0,0,0,0,0,0,0,0,0,0,0,[1]
AbdullahAlfaraj/Auto-Photoshop-StableDiffusion-Plugin,firdausakbarr,1,0,0,0,0,0,0,0,0,0,0,0,0,0,[1]
AbdullahAlfaraj/Auto-Photoshop-StableDiffusion-Plugin,Babak2127,1,0,0,0,0,0,0,0,0,0,0,0,0,0,[1]
AbdullahAlfaraj/Auto-Photoshop-StableDiffusion-Plugin,Digidai,1,0,0,0,0,0,0,0,0,0,0,0,0,0,[1]
AbdullahAlfaraj/Auto-Photoshop-StableDiffusion-Plugin,kaznak,1,0,0,0,0,0,0,0,0,0,0,0,0,0,[1]
AbdullahAlfaraj/Auto-Photoshop-StableDiffusion-Plugin,Kyxsune,0,0,0,0,0,1,0,0,0,0,0,0,0,0,[1]
AbdullahAlfaraj/Auto-Photoshop-StableDiffusion-Plugin,aerovfx,0,1,0,0,0,0,0,0,0,0,0,0,0,0,[1]
AbdullahAlfaraj/Auto-Photoshop-StableDiffusion-Plugin,P3rturbator,1,0,0,0,0,0,0,0,0,0,0,0,0,0,[1]
AbdullahAlfaraj/Auto-Photoshop-StableDiffusion-Plugin,bl4ckfyr3,1,0,0,0,0,0,0,0,0,0,0,0,0,0,[1]
AbdullahAlfaraj/Auto-Photoshop-StableDiffusion-Plugin,avirgili-eclub,1,0,0,0,0,0,0,0,0,0,0,0,0,0,[1]
AbdullahAlfaraj/Auto-Photoshop-StableDiffusion-Plugin,typeofgraphic,0,0,0,1,0,0,0,0,0,0,0,0,0,0,[1]
AbdullahAlfaraj/Auto-Photoshop-StableDiffusion-Plugin,ZaferGraph,0,1,0,0,0,0,0,0,0,0,0,0,0,0,[1]
AbdullahAlfaraj/Auto-Photoshop-StableDiffusion-Plugin,tsukiy0,1,0,0,0,0,0,0,0,0,0,0,0,0,0,[1]
AbdullahAlfaraj/Auto-Photoshop-StableDiffusion-Plugin,Narxis,1,0,0,0,0,0,0,0,0,0,0,0,0,0,[1]
AbdullahAlfaraj/Auto-Photoshop-StableDiffusion-Plugin,coding-sunshine,1,0,0,0,0,0,0,0,0,0,0,0,0,0,[1]
AbdullahAlfaraj/Auto-Photoshop-StableDiffusion-Plugin,cn-lcc,1,0,0,0,0,0,0,0,0,0,0,0,0,0,[1]
AbdullahAlfaraj/Auto-Photoshop-StableDiffusion-Plugin,LainZWired,1,0,0,0,0,0,0,0,0,0,0,0,0,0,[1]
AbdullahAlfaraj/Auto-Photoshop-StableDiffusion-Plugin,longredzhong,1,0,0,0,0,0,0,0,0,0,0,0,0,0,[1]
AbdullahAlfaraj/Auto-Photoshop-StableDiffusion-Plugin,vincenthesiyuan,1,0,0,0,0,0,0,0,0,0,0,0,0,0,[1]
AbdullahAlfaraj/Auto-Photoshop-StableDiffusion-Plugin,philmaas,1,0,0,0,0,0,0,0,0,0,0,0,0,0,[1]
AbdullahAlfaraj/Auto-Photoshop-StableDiffusion-Plugin,mybruce,1,0,0,0,0,0,0,0,0,0,0,0,0,0,[1]
AbdullahAlfaraj/Auto-Photoshop-StableDiffusion-Plugin,plpycoin,1,0,0,0,0,0,0,0,0,0,0,0,0,0,[1]
AbdullahAlfaraj/Auto-Photoshop-StableDiffusion-Plugin,mikailkas,1,0,0,0,0,0,0,0,0,0,0,0,0,0,[1]
AbdullahAlfaraj/Auto-Photoshop-StableDiffusion-Plugin,serovar,1,0,0,0,0,0,0,0,0,0,0,0,0,0,[1]
AbdullahAlfaraj/Auto-Photoshop-StableDiffusion-Plugin,isgrove,1,0,0,0,0,0,0,0,0,0,0,0,0,0,[1]
AbdullahAlfaraj/Auto-Photoshop-StableDiffusion-Plugin,poiedk,0,1,0,0,0,0,0,0,0,0,0,0,0,0,[1]
AbdullahAlfaraj/Auto-Photoshop-StableDiffusion-Plugin,fabioromeo,1,0,0,0,0,0,0,0,0,0,0,0,0,0,[1]
AbdullahAlfaraj/Auto-Photoshop-StableDiffusion-Plugin,solidityfactory,1,0,0,0,0,0,0,0,0,0,0,0,0,0,[1]
AbdullahAlfaraj/Auto-Photoshop-StableDiffusion-Plugin,AGuski,1,0,0,0,0,0,0,0,0,0,0,0,0,0,[1]
AbdullahAlfaraj/Auto-Photoshop-StableDiffusion-Plugin,ak47xm4,1,0,0,0,0,0,0,0,0,0,0,0,0,0,[1]
AbdullahAlfaraj/Auto-Photoshop-StableDiffusion-Plugin,LLSean,1,0,0,0,0,0,0,0,0,0,0,0,0,0,[1]
AbdullahAlfaraj/Auto-Photoshop-StableDiffusion-Plugin,abhishekrj73,1,0,0,0,0,0,0,0,0,0,0,0,0,0,[1]
AbdullahAlfaraj/Auto-Photoshop-StableDiffusion-Plugin,thecord,1,0,0,0,0,0,0,0,0,0,0,0,0,0,[1]
AbdullahAlfaraj/Auto-Photoshop-StableDiffusion-Plugin,tauerlund,1,0,0,0,0,0,0,0,0,0,0,0,0,0,[1]
AbdullahAlfaraj/Auto-Photoshop-StableDiffusion-Plugin,gmh5225,0,1,0,0,0,0,0,0,0,0,0,0,0,0,[1]
AbdullahAlfaraj/Auto-Photoshop-StableDiffusion-Plugin,aniketgore,0,0,0,1,0,0,0,0,0,0,0,0,0,0,[1]
AbdullahAlfaraj/Auto-Photoshop-StableDiffusion-Plugin,lmagitem,1,0,0,0,0,0,0,0,0,0,0,0,0,0,[1]
AbdullahAlfaraj/Auto-Photoshop-StableDiffusion-Plugin,drilonjaha,0,1,0,0,0,0,0,0,0,0,0,0,0,0,[1]
AbdullahAlfaraj/Auto-Photoshop-StableDiffusion-Plugin,DaddyMow,1,0,0,0,0,0,0,0,0,0,0,0,0,0,[1]
AbdullahAlfaraj/Auto-Photoshop-StableDiffusion-Plugin,dan-alvares,1,0,0,0,0,0,0,0,0,0,0,0,0,0,[1]
AbdullahAlfaraj/Auto-Photoshop-StableDiffusion-Plugin,Pyurah,1,0,0,0,0,0,0,0,0,0,0,0,0,0,[1]
AbdullahAlfaraj/Auto-Photoshop-StableDiffusion-Plugin,oreroko,1,0,0,0,0,0,0,0,0,0,0,0,0,0,[1]
AbdullahAlfaraj/Auto-Photoshop-StableDiffusion-Plugin,flaviopontes,1,0,0,0,0,0,0,0,0,0,0,0,0,0,[1]
AbdullahAlfaraj/Auto-Photoshop-StableDiffusion-Plugin,waterlou,1,0,0,0,0,0,0,0,0,0,0,0,0,0,[1]
AbdullahAlfaraj/Auto-Photoshop-StableDiffusion-Plugin,codingdrone,1,0,0,0,0,0,0,0,0,0,0,0,0,0,[1]
AbdullahAlfaraj/Auto-Photoshop-StableDiffusion-Plugin,wizardt,1,0,0,0,0,0,0,0,0,0,0,0,0,0,[1]
AbdullahAlfaraj/Auto-Photoshop-StableDiffusion-Plugin,avantcontra,1,0,0,0,0,0,0,0,0,0,0,0,0,0,[1]
AbdullahAlfaraj/Auto-Photoshop-StableDiffusion-Plugin,TheLastZombie,1,0,0,0,0,0,0,0,0,0,0,0,0,0,[1]
AbdullahAlfaraj/Auto-Photoshop-StableDiffusion-Plugin,AdrianoCahete,1,0,0,0,0,0,0,0,0,0,0,0,0,0,[1]
AbdullahAlfaraj/Auto-Photoshop-StableDiffusion-Plugin,Yassine-bayed,1,0,0,0,0,0,0,0,0,0,0,0,0,0,[1]
AbdullahAlfaraj/Auto-Photoshop-StableDiffusion-Plugin,utkd135,1,0,0,0,0,0,0,0,0,0,0,0,0,0,[1]
AbdullahAlfaraj/Auto-Photoshop-StableDiffusion-Plugin,ntrpnr,1,0,0,0,0,0,0,0,0,0,0,0,0,0,[1]
AbdullahAlfaraj/Auto-Photoshop-StableDiffusion-Plugin,chnl,1,0,0,0,0,0,0,0,0,0,0,0,0,0,[1]
AbdullahAlfaraj/Auto-Photoshop-StableDiffusion-Plugin,astramond,1,0,0,0,0,0,0,0,0,0,0,0,0,0,[1]
AbdullahAlfaraj/Auto-Photoshop-StableDiffusion-Plugin,brianfitzgerald,1,0,0,0,0,0,0,0,0,0,0,0,0,0,[1]
AbdullahAlfaraj/Auto-Photoshop-StableDiffusion-Plugin,itsalielo,1,0,0,0,0,0,0,0,0,0,0,0,0,0,[1]
AbdullahAlfaraj/Auto-Photoshop-StableDiffusion-Plugin,msrivastava,1,0,0,0,0,0,0,0,0,0,0,0,0,0,[1]
AbdullahAlfaraj/Auto-Photoshop-StableDiffusion-Plugin,l3reathe,1,0,0,0,0,0,0,0,0,0,0,0,0,0,[1]
AbdullahAlfaraj/Auto-Photoshop-StableDiffusion-Plugin,nytafar,0,0,0,1,0,0,0,0,0,0,0,0,0,0,[1]
AbdullahAlfaraj/Auto-Photoshop-StableDiffusion-Plugin,ElKepler,1,0,0,0,0,0,0,0,0,0,0,0,0,0,[1]
AbdullahAlfaraj/Auto-Photoshop-StableDiffusion-Plugin,eltociear,0,1,0,0,0,1,0,0,0,0,0,0,0,0,[2]
AbdullahAlfaraj/Auto-Photoshop-StableDiffusion-Plugin,blairadams1,1,0,0,0,0,0,0,0,0,0,0,0,0,0,[1]
AbdullahAlfaraj/Auto-Photoshop-StableDiffusion-Plugin,WhirlyFan,1,0,0,0,0,0,0,0,0,0,0,0,0,0,[1]
AbdullahAlfaraj/Auto-Photoshop-StableDiffusion-Plugin,Yukaii,1,0,0,0,0,0,0,0,0,0,0,0,0,0,[1]
AbdullahAlfaraj/Auto-Photoshop-StableDiffusion-Plugin,KanekiK3n,1,0,0,0,0,0,0,0,0,0,0,0,0,0,[1]
AbdullahAlfaraj/Auto-Photoshop-StableDiffusion-Plugin,0xGitGuy,1,0,0,0,0,0,0,0,0,0,0,0,0,0,[1]
AbdullahAlfaraj/Auto-Photoshop-StableDiffusion-Plugin,TrentSterling,1,0,0,0,0,0,0,0,0,0,0,0,0,0,[1]
AbdullahAlfaraj/Auto-Photoshop-StableDiffusion-Plugin,andronasef,1,0,0,0,0,0,0,0,0,0,0,0,0,0,[1]
AbdullahAlfaraj/Auto-Photoshop-StableDiffusion-Plugin,cirolosapio,1,0,0,0,0,0,0,0,0,0,0,0,0,0,[1]
AbdullahAlfaraj/Auto-Photoshop-StableDiffusion-Plugin,emmaishot013,1,0,0,0,0,0,0,0,0,0,0,0,0,0,[1]
AbdullahAlfaraj/Auto-Photoshop-StableDiffusion-Plugin,WildSlowpoke,1,0,0,0,0,0,0,0,0,0,0,0,0,0,[1]
AbdullahAlfaraj/Auto-Photoshop-StableDiffusion-Plugin,latentwiki,1,0,0,0,0,0,0,0,0,0,0,0,0,0,[1]
AbdullahAlfaraj/Auto-Photoshop-StableDiffusion-Plugin,viktor02,1,0,0,0,0,0,0,0,0,0,0,0,0,0,[1]
AbdullahAlfaraj/Auto-Photoshop-StableDiffusion-Plugin,qilimk,1,0,0,0,0,0,0,0,0,0,0,0,0,0,[1]
AbdullahAlfaraj/Auto-Photoshop-StableDiffusion-Plugin,henriquebol,1,0,0,0,0,0,0,0,0,0,0,0,0,0,[1]
AbdullahAlfaraj/Auto-Photoshop-StableDiffusion-Plugin,mareloraby,1,0,0,0,0,0,0,0,0,0,0,0,0,0,[1]
AbdullahAlfaraj/Auto-Photoshop-StableDiffusion-Plugin,Tyranical,1,0,0,0,0,0,0,0,0,0,0,0,0,0,[1]
AbdullahAlfaraj/Auto-Photoshop-StableDiffusion-Plugin,fredyshox,1,0,0,0,0,0,0,0,0,0,0,0,0,0,[1]
AbdullahAlfaraj/Auto-Photoshop-StableDiffusion-Plugin,Ol-Badger,1,0,0,0,0,0,0,0,0,0,0,0,0,0,[1]
AbdullahAlfaraj/Auto-Photoshop-StableDiffusion-Plugin,Tokoshie,1,0,0,0,0,0,0,0,0,0,0,0,0,0,[1]
AbdullahAlfaraj/Auto-Photoshop-StableDiffusion-Plugin,Andreychik32,1,0,0,0,0,0,0,0,0,0,0,0,0,0,[1]
AbdullahAlfaraj/Auto-Photoshop-StableDiffusion-Plugin,Nacurutu,1,0,0,0,0,0,0,0,0,0,0,0,0,0,[1]
AbdullahAlfaraj/Auto-Photoshop-StableDiffusion-Plugin,Inridiculus,1,0,0,0,0,0,0,0,0,0,0,0,0,0,[1]
AbdullahAlfaraj/Auto-Photoshop-StableDiffusion-Plugin,AlRlC,1,0,0,0,0,0,0,0,0,0,0,0,0,0,[1]
AbdullahAlfaraj/Auto-Photoshop-StableDiffusion-Plugin,jaredfolkins,1,0,0,0,0,0,0,0,0,0,0,0,0,0,[1]
AbdullahAlfaraj/Auto-Photoshop-StableDiffusion-Plugin,Aries0d0f,1,0,0,0,0,0,0,0,0,0,0,0,0,0,[1]
AbdullahAlfaraj/Auto-Photoshop-StableDiffusion-Plugin,AntonyLeons,1,0,0,0,0,0,0,0,0,0,0,0,0,0,[1]
AbdullahAlfaraj/Auto-Photoshop-StableDiffusion-Plugin,mkhakis,1,0,0,0,0,0,0,0,0,0,0,0,0,0,[1]
AbdullahAlfaraj/Auto-Photoshop-StableDiffusion-Plugin,michaelbrave,1,0,0,0,0,0,0,0,0,0,0,0,0,0,[1]
AbdullahAlfaraj/Auto-Photoshop-StableDiffusion-Plugin,dannmi,1,0,0,0,0,0,0,0,0,0,0,0,0,0,[1]
AbdullahAlfaraj/Auto-Photoshop-StableDiffusion-Plugin,denisfitz57,1,0,0,0,0,0,0,0,0,0,0,0,0,0,[1]
AbdullahAlfaraj/Auto-Photoshop-StableDiffusion-Plugin,d11z,1,0,0,0,0,0,0,0,0,0,0,0,0,0,[1]
AbdullahAlfaraj/Auto-Photoshop-StableDiffusion-Plugin,joefaron,1,0,0,0,0,0,0,0,0,0,0,0,0,0,[1]
AbdullahAlfaraj/Auto-Photoshop-StableDiffusion-Plugin,imuptonogood,0,0,1,0,0,0,0,0,0,0,0,0,0,0,[1]
AbdullahAlfaraj/Auto-Photoshop-StableDiffusion-Plugin,er1chu,1,0,0,0,0,0,0,0,0,0,0,0,0,0,[1]
AbdullahAlfaraj/Auto-Photoshop-StableDiffusion-Plugin,jesseditson,1,0,0,0,0,0,0,0,0,0,0,0,0,0,[1]
AbdullahAlfaraj/Auto-Photoshop-StableDiffusion-Plugin,j-mq,1,0,0,0,0,0,0,0,0,0,0,0,0,0,[1]
AbdullahAlfaraj/Auto-Photoshop-StableDiffusion-Plugin,epicfishgamer,1,0,0,0,0,0,0,0,0,0,0,0,0,0,[1]
AbdullahAlfaraj/Auto-Photoshop-StableDiffusion-Plugin,montoulieu,1,0,0,0,0,0,0,0,0,0,0,0,0,0,[1]
AbdullahAlfaraj/Auto-Photoshop-StableDiffusion-Plugin,wk5ovc,1,0,0,0,0,0,0,0,0,0,0,0,0,0,[1]
AbdullahAlfaraj/Auto-Photoshop-StableDiffusion-Plugin,fappaz,1,0,0,0,0,0,0,0,0,0,0,0,0,0,[1]
AbdullahAlfaraj/Auto-Photoshop-StableDiffusion-Plugin,ryanallen,1,0,0,0,0,0,0,0,0,0,0,0,0,0,[1]
AbdullahAlfaraj/Auto-Photoshop-StableDiffusion-Plugin,Mandla-Alpha,1,0,0,0,0,0,0,0,0,0,0,0,0,0,[1]
AbdullahAlfaraj/Auto-Photoshop-StableDiffusion-Plugin,SnoutBaron,1,0,0,0,0,0,0,0,0,0,0,0,0,0,[1]
AbdullahAlfaraj/Auto-Photoshop-StableDiffusion-Plugin,Ezaki29,1,0,0,0,0,0,0,0,0,0,0,0,0,0,[1]
AbdullahAlfaraj/Auto-Photoshop-StableDiffusion-Plugin,newmoneybigbucks,1,0,0,0,0,0,0,0,0,0,0,0,0,0,[1]
AbdullahAlfaraj/Auto-Photoshop-StableDiffusion-Plugin,arpowers,1,0,0,0,0,0,0,0,0,0,0,0,0,0,[1]
AbdullahAlfaraj/Auto-Photoshop-StableDiffusion-Plugin,3sdd,1,0,0,0,0,0,0,0,0,0,0,0,0,0,[1]
AbdullahAlfaraj/Auto-Photoshop-StableDiffusion-Plugin,NadyaNayme,1,0,0,0,0,0,0,0,0,0,0,0,0,0,[1]
AbdullahAlfaraj/Auto-Photoshop-StableDiffusion-Plugin,xdfeng07,1,0,0,0,0,0,0,0,0,0,0,0,0,0,[1]
AbdullahAlfaraj/Auto-Photoshop-StableDiffusion-Plugin,gigakuma,1,0,0,0,0,0,0,0,0,0,0,0,0,0,[1]
AbdullahAlfaraj/Auto-Photoshop-StableDiffusion-Plugin,fjug,1,0,0,0,0,0,0,0,0,0,0,0,0,0,[1]
AbdullahAlfaraj/Auto-Photoshop-StableDiffusion-Plugin,s-kruschel,1,0,0,0,0,0,0,0,0,0,0,0,0,0,[1]
AbdullahAlfaraj/Auto-Photoshop-StableDiffusion-Plugin,hFULAveTeR,1,0,0,0,0,0,0,0,0,0,0,0,0,0,[1]
AbdullahAlfaraj/Auto-Photoshop-StableDiffusion-Plugin,sungkim11,1,0,0,0,0,0,0,0,0,0,0,0,0,0,[1]
AbdullahAlfaraj/Auto-Photoshop-StableDiffusion-Plugin,Jaex,1,0,0,0,0,0,0,0,0,0,0,0,0,0,[1]
AbdullahAlfaraj/Auto-Photoshop-StableDiffusion-Plugin,seghier,1,0,0,0,0,0,0,0,0,0,0,0,0,0,[1]
AbdullahAlfaraj/Auto-Photoshop-StableDiffusion-Plugin,Peter-Pater,1,0,0,0,0,0,0,0,0,0,0,0,0,0,[1]
AbdullahAlfaraj/Auto-Photoshop-StableDiffusion-Plugin,youtube-jocoding,1,0,0,0,0,0,0,0,0,0,0,0,0,0,[1]
AbdullahAlfaraj/Auto-Photoshop-StableDiffusion-Plugin,xansrnitu,1,0,0,0,0,0,0,0,0,0,0,0,0,0,[1]
AbdullahAlfaraj/Auto-Photoshop-StableDiffusion-Plugin,Millyarde,1,0,0,0,0,0,0,0,0,0,0,0,0,0,[1]
AbdullahAlfaraj/Auto-Photoshop-StableDiffusion-Plugin,marquilio7,1,0,0,0,0,0,0,0,0,0,0,0,0,0,[1]
AbdullahAlfaraj/Auto-Photoshop-StableDiffusion-Plugin,rmkeezer,1,0,0,0,0,0,0,0,0,0,0,0,0,0,[1]
AbdullahAlfaraj/Auto-Photoshop-StableDiffusion-Plugin,Jekiua,1,0,0,0,0,0,0,0,0,0,0,0,0,0,[1]
AbdullahAlfaraj/Auto-Photoshop-StableDiffusion-Plugin,PArcos,1,0,0,0,0,0,0,0,0,0,0,0,0,0,[1]
AbdullahAlfaraj/Auto-Photoshop-StableDiffusion-Plugin,v1rtu0s,1,0,0,0,0,0,0,0,0,0,0,0,0,0,[1]
AbdullahAlfaraj/Auto-Photoshop-StableDiffusion-Plugin,ivandir,1,0,0,0,0,0,0,0,0,0,0,0,0,0,[1]
AbdullahAlfaraj/Auto-Photoshop-StableDiffusion-Plugin,wujin941005,1,0,0,0,0,0,0,0,0,0,0,0,0,0,[1]
AbdullahAlfaraj/Auto-Photoshop-StableDiffusion-Plugin,A-Why-not-fork-repositories-Good-Luck,0,1,0,0,0,0,0,0,0,0,0,0,0,0,[1]
AbdullahAlfaraj/Auto-Photoshop-StableDiffusion-Plugin,SebSaga,1,0,0,0,0,0,0,0,0,0,0,0,0,0,[1]
AbdullahAlfaraj/Auto-Photoshop-StableDiffusion-Plugin,ltmeng12,1,0,0,0,0,0,0,0,0,0,0,0,0,0,[1]
AbdullahAlfaraj/Auto-Photoshop-StableDiffusion-Plugin,georgkreimer,1,0,0,0,0,0,0,0,0,0,0,0,0,0,[1]
AbdullahAlfaraj/Auto-Photoshop-StableDiffusion-Plugin,OGylf,1,0,0,0,0,0,0,0,0,0,0,0,0,0,[1]
AbdullahAlfaraj/Auto-Photoshop-StableDiffusion-Plugin,UglyStupidHonest,1,0,0,0,0,0,0,0,0,0,0,0,0,0,[1]
AbdullahAlfaraj/Auto-Photoshop-StableDiffusion-Plugin,Hunterzer0,1,0,0,0,0,0,0,0,0,0,0,0,0,0,[1]
AbdullahAlfaraj/Auto-Photoshop-StableDiffusion-Plugin,jhsuss,1,0,0,0,0,0,0,0,0,0,0,0,0,0,[1]
AbdullahAlfaraj/Auto-Photoshop-StableDiffusion-Plugin,Keavon,1,0,0,0,0,0,0,0,0,0,0,0,0,0,[1]
AbdullahAlfaraj/Auto-Photoshop-StableDiffusion-Plugin,gradetwo,1,0,0,0,0,0,0,0,0,0,0,0,0,0,[1]
AbdullahAlfaraj/Auto-Photoshop-StableDiffusion-Plugin,putiang880,1,0,0,0,0,0,0,0,0,0,0,0,0,0,[1]
AbdullahAlfaraj/Auto-Photoshop-StableDiffusion-Plugin,Hosiokaa,1,0,0,0,0,0,0,0,0,0,0,0,0,0,[1]
AbdullahAlfaraj/Auto-Photoshop-StableDiffusion-Plugin,IppolitoGermer,1,0,0,0,0,0,0,0,0,0,0,0,0,0,[1]
