h2oai/h2ogpt,SidharthArya,1,0,0,0,0,0,0,0,0,0,0,0,0,0,[1]
h2oai/h2ogpt,siam1113,1,0,0,0,0,0,0,0,0,0,0,0,0,0,[1]
h2oai/h2ogpt,samkrishna,1,0,0,0,0,0,0,0,0,0,0,0,0,0,[1]
h2oai/h2ogpt,mtwentao,1,0,0,0,0,0,0,0,0,0,0,0,0,0,[1]
h2oai/h2ogpt,Sichtermann,1,0,0,0,0,0,0,0,0,0,0,0,0,0,[1]
h2oai/h2ogpt,menorki,1,0,0,0,0,0,0,0,0,0,0,0,0,0,[1]
h2oai/h2ogpt,salvares79,1,0,0,0,0,0,0,0,0,0,0,0,0,0,[1]
h2oai/h2ogpt,Sau1707,1,0,0,0,0,0,0,0,0,0,0,0,0,0,[1]
h2oai/h2ogpt,eZWALT,1,0,0,0,0,0,0,0,0,0,0,0,0,0,[1]
h2oai/h2ogpt,TC72,1,0,0,0,0,0,0,0,0,0,0,0,0,0,[1]
h2oai/h2ogpt,aturetmis,1,0,0,0,0,0,0,0,0,0,0,0,0,0,[1]
h2oai/h2ogpt,Dginozator,1,0,0,0,0,0,0,0,0,0,0,0,0,0,[1]
h2oai/h2ogpt,carlosvneves,1,0,0,0,0,0,0,0,0,0,0,0,0,0,[1]
h2oai/h2ogpt,regis-at-believe,1,0,0,0,0,0,0,0,0,0,0,0,0,0,[1]
h2oai/h2ogpt,saadkhan955,1,0,0,0,0,0,0,0,0,0,0,0,0,0,[1]
h2oai/h2ogpt,w2works,1,0,0,0,0,0,0,0,0,0,0,0,0,0,[1]
h2oai/h2ogpt,ChrisMGeiger,1,0,0,0,0,0,0,0,0,0,0,0,0,0,[1]
h2oai/h2ogpt,ChrisMcKee,1,0,0,0,0,0,0,0,0,0,0,0,0,0,[1]
h2oai/h2ogpt,gfarfanb,1,0,0,0,0,0,0,0,0,0,0,0,0,0,[1]
h2oai/h2ogpt,HoangNamHai,1,0,0,0,0,0,0,0,0,0,0,0,0,0,[1]
h2oai/h2ogpt,chihebnabil,1,0,0,0,0,0,0,0,0,0,0,0,0,0,[1]
h2oai/h2ogpt,klmnhe,0,1,0,0,0,0,0,0,0,0,0,0,0,0,[1]
h2oai/h2ogpt,achraf-mer,0,0,0,0,5,1,0,1,0,0,0,0,0,0,[7]
h2oai/h2ogpt,SouvikS98,1,0,0,0,0,0,0,0,0,0,0,0,0,0,[1]
h2oai/h2ogpt,equaliser0,1,0,0,0,0,0,0,0,0,0,0,0,0,0,[1]
h2oai/h2ogpt,losparviero,1,0,0,0,0,0,0,0,0,0,0,0,0,0,[1]
h2oai/h2ogpt,StephenDWright,0,0,0,1,0,0,0,0,0,0,0,0,0,0,[1]
h2oai/h2ogpt,jac23,1,0,0,0,0,0,0,0,0,0,0,0,0,0,[1]
h2oai/h2ogpt,matahariramadhan,1,0,0,0,0,0,0,0,0,0,0,0,0,0,[1]
h2oai/h2ogpt,imodnik,1,0,0,0,0,0,0,0,0,0,0,0,0,0,[1]
h2oai/h2ogpt,danielbichuetti,0,1,0,0,0,0,0,0,0,0,0,0,0,0,[1]
h2oai/h2ogpt,DSL-2001,2,0,0,0,0,0,0,0,0,0,0,0,0,0,[2]
h2oai/h2ogpt,Mroxny,1,0,0,0,0,0,0,0,0,0,0,0,0,0,[1]
h2oai/h2ogpt,manoocher,1,0,0,0,0,0,0,0,0,0,0,0,0,0,[1]
h2oai/h2ogpt,YoungHaKim7,1,1,0,0,0,0,0,0,0,0,0,0,0,0,[2]
h2oai/h2ogpt,Daniel-Trung-Nguyen,1,0,0,0,0,0,0,0,0,0,0,0,0,0,[1]
h2oai/h2ogpt,nizzyd,0,1,0,0,0,0,0,0,0,0,0,0,0,0,[1]
h2oai/h2ogpt,zaq2989,1,0,0,0,0,0,0,0,0,0,0,0,0,0,[1]
h2oai/h2ogpt,redxtreme,0,1,0,0,0,0,0,0,0,0,0,0,0,0,[1]
h2oai/h2ogpt,Vokaysh,1,0,0,0,0,0,0,0,0,0,0,0,0,0,[1]
h2oai/h2ogpt,safer96,1,0,0,0,0,0,0,0,0,0,0,0,0,0,[1]
h2oai/h2ogpt,hallysonh,1,0,0,0,0,0,0,0,0,0,0,0,0,0,[1]
h2oai/h2ogpt,rudreshh7,1,0,0,0,0,0,0,0,0,0,0,0,0,0,[1]
h2oai/h2ogpt,pseudotensor,0,0,32,16,83,15,0,7,2,0,0,0,0,0,[155]
h2oai/h2ogpt,schlu,1,0,0,0,0,0,0,0,0,0,0,0,0,0,[1]
h2oai/h2ogpt,knpau,0,1,0,0,0,0,0,0,0,0,0,0,0,0,[1]
h2oai/h2ogpt,jianantian,1,0,0,0,0,0,0,0,0,0,0,0,0,0,[1]
h2oai/h2ogpt,jThenElse,1,0,0,0,0,0,0,0,0,0,0,0,0,0,[1]
h2oai/h2ogpt,PrestoMac,1,0,0,0,0,0,0,0,0,0,0,0,0,0,[1]
h2oai/h2ogpt,nojiyoon,1,0,0,0,0,0,0,0,0,0,0,0,0,0,[1]
h2oai/h2ogpt,karlz97,1,0,0,0,0,0,0,0,0,0,0,0,0,0,[1]
h2oai/h2ogpt,lgs,1,1,0,0,0,0,0,0,0,0,0,0,0,0,[2]
h2oai/h2ogpt,dotsnangles,1,0,0,0,0,0,0,0,0,0,0,0,0,0,[1]
h2oai/h2ogpt,pixelpicnic,1,0,0,0,0,0,0,0,0,0,0,0,0,0,[1]
h2oai/h2ogpt,ai-ar4s-dev,0,1,0,0,0,0,0,0,0,0,0,0,0,0,[1]
h2oai/h2ogpt,loi-theguy,1,0,0,0,0,0,0,0,0,0,0,0,0,0,[1]
h2oai/h2ogpt,aaaozay,1,0,0,0,0,0,0,0,0,0,0,0,0,0,[1]
h2oai/h2ogpt,soooophia,1,0,0,0,0,0,0,0,0,0,0,0,0,0,[1]
h2oai/h2ogpt,Matheus-Chaves,1,0,0,0,0,0,0,0,0,0,0,0,0,0,[1]
h2oai/h2ogpt,zachary1220,1,0,0,0,0,0,0,0,0,0,0,0,0,0,[1]
h2oai/h2ogpt,derek-zl,1,0,0,0,0,0,0,0,0,0,0,0,0,0,[1]
h2oai/h2ogpt,SRW-OG,1,0,0,0,0,0,0,0,0,0,0,0,0,0,[1]
h2oai/h2ogpt,OsDroidi,1,0,0,0,0,0,0,0,0,0,0,0,0,0,[1]
h2oai/h2ogpt,dmanty45,1,0,0,0,0,0,0,0,0,0,0,0,0,0,[1]
h2oai/h2ogpt,arunavauni-03,1,0,0,0,0,0,0,0,0,0,0,0,0,0,[1]
h2oai/h2ogpt,antoine-briand,1,0,0,0,0,0,0,0,0,0,0,0,0,0,[1]
h2oai/h2ogpt,j0schihatake,1,0,0,0,0,0,0,0,0,0,0,0,0,0,[1]
h2oai/h2ogpt,keinsell,1,0,0,0,0,0,0,0,0,0,0,0,0,0,[1]
h2oai/h2ogpt,ahmedoumar,1,0,0,0,0,0,0,0,0,0,0,0,0,0,[1]
h2oai/h2ogpt,hamzaeIalaoui,1,0,0,0,0,0,0,0,0,0,0,0,0,0,[1]
h2oai/h2ogpt,virtualarchitectures,1,0,0,0,0,0,0,0,0,0,0,0,0,0,[1]
h2oai/h2ogpt,durdevic,1,0,0,0,0,0,0,0,0,0,0,0,0,0,[1]
h2oai/h2ogpt,andersonmmendes,1,0,0,0,0,0,0,0,0,0,0,0,0,0,[1]
h2oai/h2ogpt,Alino,1,0,0,0,0,0,0,0,0,0,0,0,0,0,[1]
h2oai/h2ogpt,Text-Gestaltung,1,0,0,0,0,0,0,0,0,0,0,0,0,0,[1]
h2oai/h2ogpt,treeoflovely,1,0,0,0,0,0,0,0,0,0,0,0,0,0,[1]
h2oai/h2ogpt,gusi1994,1,0,0,0,0,0,0,0,0,0,0,0,0,0,[1]
h2oai/h2ogpt,hannahaih,1,0,0,0,0,0,0,0,0,0,0,0,0,0,[1]
h2oai/h2ogpt,sabari245,1,0,0,0,0,0,0,0,0,0,0,0,0,0,[1]
h2oai/h2ogpt,attilalukacs94,1,0,0,0,0,0,0,0,0,0,0,0,0,0,[1]
h2oai/h2ogpt,byteshiva,1,0,0,0,0,0,0,0,0,0,0,0,0,0,[1]
h2oai/h2ogpt,vladyslavstartsev,1,0,0,0,0,0,0,0,0,0,0,0,0,0,[1]
h2oai/h2ogpt,fatihayyildiz,1,0,0,0,0,0,0,0,0,0,0,0,0,0,[1]
h2oai/h2ogpt,AI-Pranto,1,0,0,0,0,0,0,0,0,0,0,0,0,0,[1]
h2oai/h2ogpt,m1911star,1,0,0,0,0,0,0,0,0,0,0,0,0,0,[1]
h2oai/h2ogpt,jwynia,1,0,0,0,0,0,0,0,0,0,0,0,0,0,[1]
h2oai/h2ogpt,jinqiupeter,0,0,2,0,0,0,0,0,0,0,0,0,0,0,[2]
h2oai/h2ogpt,AlisonSarto,1,0,0,0,0,0,0,0,0,0,0,0,0,0,[1]
h2oai/h2ogpt,j0hannesr0th,1,0,0,0,0,0,0,0,0,0,0,0,0,0,[1]
h2oai/h2ogpt,tcurdt,1,0,0,0,0,0,0,0,0,0,0,0,0,0,[1]
h2oai/h2ogpt,arnocandel,0,0,5,1,2,2,0,0,0,0,0,0,0,0,[10]
h2oai/h2ogpt,dwasjuko,1,0,0,0,0,0,0,0,0,0,0,0,0,0,[1]
h2oai/h2ogpt,orl0pl,1,0,0,0,0,0,0,0,0,0,0,0,0,0,[1]
h2oai/h2ogpt,zzn01,1,0,0,0,0,0,0,0,0,0,0,0,0,0,[1]
h2oai/h2ogpt,Deadlime17,1,0,0,0,0,0,0,0,0,0,0,0,0,0,[1]
h2oai/h2ogpt,hiddentn,1,0,0,0,0,0,0,0,0,0,0,0,0,0,[1]
h2oai/h2ogpt,branper-ltd,0,1,0,0,0,0,0,0,0,0,0,0,0,0,[1]
h2oai/h2ogpt,aleeor,0,1,0,0,0,0,0,0,0,0,0,0,0,0,[1]
h2oai/h2ogpt,6BCC2C3896,1,0,0,0,0,0,0,0,0,0,0,0,0,0,[1]
h2oai/h2ogpt,mindplay-dk,1,0,0,0,0,0,0,0,0,0,0,0,0,0,[1]
h2oai/h2ogpt,cimadure,0,1,0,0,0,1,0,0,0,0,0,0,0,0,[2]
h2oai/h2ogpt,ryanlin,1,0,0,0,0,0,0,0,0,0,0,0,0,0,[1]
h2oai/h2ogpt,adriancbo,1,0,0,0,0,0,0,0,0,0,0,0,0,0,[1]
h2oai/h2ogpt,samanemami,0,1,0,0,0,0,0,0,0,0,0,0,0,0,[1]
h2oai/h2ogpt,tamedbeast,0,1,0,0,0,0,0,0,0,0,0,0,0,0,[1]
h2oai/h2ogpt,jimdx,1,0,0,0,0,0,0,0,0,0,0,0,0,0,[1]
h2oai/h2ogpt,drmflying,1,0,0,0,0,0,0,0,0,0,0,0,0,0,[1]
h2oai/h2ogpt,lugfug,1,0,0,0,0,0,0,0,0,0,0,0,0,0,[1]
h2oai/h2ogpt,hofmanndavid,1,0,0,0,0,0,0,0,0,0,0,0,0,0,[1]
h2oai/h2ogpt,this,0,0,0,1,15,2,0,0,1,0,0,0,0,0,[19]
h2oai/h2ogpt,rav-en,1,0,0,0,0,0,0,0,0,0,0,0,0,0,[1]
h2oai/h2ogpt,Kripu77,1,1,0,0,0,0,0,0,0,0,0,0,0,0,[2]
h2oai/h2ogpt,GBdeMiranda,2,0,0,0,0,0,0,0,0,0,0,0,0,0,[2]
h2oai/h2ogpt,rradnev1,1,0,0,0,0,0,0,0,0,0,0,0,0,0,[1]
h2oai/h2ogpt,OsirisXTLS,1,0,0,0,0,0,0,0,0,0,0,0,0,0,[1]
h2oai/h2ogpt,SHEscher,1,0,0,0,0,0,0,0,0,0,0,0,0,0,[1]
h2oai/h2ogpt,msouabni,1,0,0,0,0,0,0,0,0,0,0,0,0,0,[1]
h2oai/h2ogpt,maro14,1,0,0,0,0,0,0,0,0,0,0,0,0,0,[1]
h2oai/h2ogpt,melsiddieg,1,0,0,0,0,0,0,0,0,0,0,0,0,0,[1]
h2oai/h2ogpt,jojogh,1,0,0,0,0,0,0,0,0,0,0,0,0,0,[1]
h2oai/h2ogpt,simontigers,1,0,0,0,0,0,0,0,0,0,0,0,0,0,[1]
h2oai/h2ogpt,TinyThinker,1,0,0,0,0,0,0,0,0,0,0,0,0,0,[1]
h2oai/h2ogpt,izhangweitao,1,0,0,0,0,0,0,0,0,0,0,0,0,0,[1]
h2oai/h2ogpt,EngCode,1,0,0,0,0,0,0,0,0,0,0,0,0,0,[1]
h2oai/h2ogpt,lastguest,1,0,0,0,0,0,0,0,0,0,0,0,0,0,[1]
h2oai/h2ogpt,Puzer,1,0,0,0,0,0,0,0,0,0,0,0,0,0,[1]
h2oai/h2ogpt,Haxeebraja,0,0,4,4,0,0,0,0,0,0,0,0,0,0,[8]
h2oai/h2ogpt,MagnusFrobom,1,0,0,0,0,0,0,0,0,0,0,0,0,0,[1]
h2oai/h2ogpt,jeremypearson,1,0,0,0,0,0,0,0,0,0,0,0,0,0,[1]
h2oai/h2ogpt,al-eax,1,0,0,0,0,0,0,0,0,0,0,0,0,0,[1]
h2oai/h2ogpt,ElmiraGhorbani,1,0,0,0,0,0,0,0,0,0,0,0,0,0,[1]
h2oai/h2ogpt,Stormpass,1,0,0,0,0,0,0,0,0,0,0,0,0,0,[1]
h2oai/h2ogpt,ethanharoutunian,1,0,0,0,0,0,0,0,0,0,0,0,0,0,[1]
h2oai/h2ogpt,kalideir,1,0,0,0,0,0,0,0,0,0,0,0,0,0,[1]
h2oai/h2ogpt,cso-affexy,1,0,0,0,0,0,0,0,0,0,0,0,0,0,[1]
h2oai/h2ogpt,user-in-search-of-a-name,0,1,0,0,0,0,0,0,0,0,0,0,0,0,[1]
h2oai/h2ogpt,TianZC-zju,1,0,0,0,0,0,0,0,0,0,0,0,0,0,[1]
h2oai/h2ogpt,lpirola,1,0,0,0,0,0,0,0,0,0,0,0,0,0,[1]
h2oai/h2ogpt,BrunoScaglione,0,1,0,0,0,0,0,0,0,0,0,0,0,0,[1]
h2oai/h2ogpt,dippudo,1,0,0,0,0,0,0,0,0,0,0,0,0,0,[1]
h2oai/h2ogpt,rahmanda-wa,1,0,0,0,0,0,0,0,0,0,0,0,0,0,[1]
h2oai/h2ogpt,loaykhalifa,1,0,0,0,0,0,0,0,0,0,0,0,0,0,[1]
h2oai/h2ogpt,lbonini,1,0,0,0,0,0,0,0,0,0,0,0,0,0,[1]
h2oai/h2ogpt,torshinrg,1,1,0,0,0,0,0,0,0,0,0,0,0,0,[2]
h2oai/h2ogpt,kristiandwi,1,0,0,0,0,0,0,0,0,0,0,0,0,0,[1]
h2oai/h2ogpt,ChathurindaRanasinghe,0,0,0,0,5,3,0,1,1,0,0,0,0,0,[10]
h2oai/h2ogpt,catkins,1,0,0,0,0,0,0,0,0,0,0,0,0,0,[1]
h2oai/h2ogpt,CMD73,1,0,0,0,0,0,0,0,0,0,0,0,0,0,[1]
h2oai/h2ogpt,AZaviruha,1,0,0,0,0,0,0,0,0,0,0,0,0,0,[1]
h2oai/h2ogpt,richstav,1,0,0,0,0,0,0,0,0,0,0,0,0,0,[1]
h2oai/h2ogpt,BnodpriA,0,1,0,0,0,0,0,0,0,0,0,0,0,0,[1]
h2oai/h2ogpt,rc-bellergy,1,0,0,0,0,0,0,0,0,0,0,0,0,0,[1]
h2oai/h2ogpt,suryatmodulus,0,1,0,0,0,0,0,0,0,0,0,0,0,0,[1]
h2oai/h2ogpt,CodeTripper,1,0,0,0,0,0,0,0,0,0,0,0,0,0,[1]
h2oai/h2ogpt,selcher,1,0,0,0,0,0,0,0,0,0,0,0,0,0,[1]
h2oai/h2ogpt,mitul-kalariya,1,0,0,0,0,0,0,0,0,0,0,0,0,0,[1]
h2oai/h2ogpt,debrup416,1,0,0,0,0,0,0,0,0,0,0,0,0,0,[1]
h2oai/h2ogpt,hoang1510-dt,1,1,0,0,0,0,0,0,0,0,0,0,0,0,[2]
h2oai/h2ogpt,MEMEO-PRO,1,1,0,0,0,0,0,0,0,0,0,0,0,0,[2]
h2oai/h2ogpt,yeyenpamula,1,0,0,0,0,0,0,0,0,0,0,0,0,0,[1]
h2oai/h2ogpt,NoWayJA,1,0,0,0,0,0,0,0,0,0,0,0,0,0,[1]
h2oai/h2ogpt,keropodium,1,0,0,0,0,0,0,0,0,0,0,0,0,0,[1]
h2oai/h2ogpt,ascenDeveloper,1,0,0,0,0,0,0,0,0,0,0,0,0,0,[1]
h2oai/h2ogpt,webdesignberlin,1,0,0,0,0,0,0,0,0,0,0,0,0,0,[1]
h2oai/h2ogpt,yangyongze,1,0,0,0,0,0,0,0,0,0,0,0,0,0,[1]
h2oai/h2ogpt,hipnologo,1,0,0,0,0,0,0,0,0,0,0,0,0,0,[1]
h2oai/h2ogpt,supersorbet,1,0,0,0,0,0,0,0,0,0,0,0,0,0,[1]
h2oai/h2ogpt,Kjelldor,1,0,0,0,0,0,0,0,0,0,0,0,0,0,[1]
h2oai/h2ogpt,petebytes,1,0,0,0,0,0,0,0,0,0,0,0,0,0,[1]
h2oai/h2ogpt,bitsnaps,0,1,0,0,0,0,0,0,0,0,0,0,0,0,[1]
h2oai/h2ogpt,HugoArraes,1,0,0,0,0,0,0,0,0,0,0,0,0,0,[1]
h2oai/h2ogpt,djrondon,0,1,0,0,0,0,0,0,0,0,0,0,0,0,[1]
h2oai/h2ogpt,TranquilTundra,1,0,0,0,0,0,0,0,0,0,0,0,0,0,[1]
h2oai/h2ogpt,fasiurrehman,1,0,0,0,0,0,0,0,0,0,0,0,0,0,[1]
h2oai/h2ogpt,ramnadh,1,0,0,0,0,0,0,0,0,0,0,0,0,0,[1]
h2oai/h2ogpt,barsuna,0,0,1,0,0,0,0,0,0,0,0,0,0,0,[1]
h2oai/h2ogpt,JonHenson812,1,0,0,0,0,0,0,0,0,0,0,0,0,0,[1]
h2oai/h2ogpt,mwc2016,1,0,0,0,0,0,0,0,0,0,0,0,0,0,[1]
h2oai/h2ogpt,joakimeriksson,1,0,0,0,0,0,0,0,0,0,0,0,0,0,[1]
h2oai/h2ogpt,sandro-lombardi,1,0,0,0,0,0,0,0,0,0,0,0,0,0,[1]
h2oai/h2ogpt,Justjace3,0,1,0,0,0,0,0,0,0,0,0,0,0,0,[1]
h2oai/h2ogpt,j0n17,2,0,0,0,0,0,0,0,0,0,0,0,0,0,[2]
h2oai/h2ogpt,chewieglass-labs,1,0,0,0,0,0,0,0,0,0,0,0,0,0,[1]
h2oai/h2ogpt,yvalencia91,1,1,0,0,0,0,0,0,0,0,0,0,0,0,[2]
h2oai/h2ogpt,HalfBloodprinc3,1,0,0,0,0,0,0,0,0,0,0,0,0,0,[1]
h2oai/h2ogpt,BogomilTomov,1,0,0,0,0,0,0,0,0,0,0,0,0,0,[1]
h2oai/h2ogpt,Theotislexis,0,1,0,0,0,0,0,0,0,0,0,0,0,0,[1]
h2oai/h2ogpt,kekewind,1,1,0,0,0,0,0,0,0,0,0,0,0,0,[2]
h2oai/h2ogpt,jituiitm,1,0,0,0,0,0,0,0,0,0,0,0,0,0,[1]
h2oai/h2ogpt,wcweng68,1,0,0,0,0,0,0,0,0,0,0,0,0,0,[1]
h2oai/h2ogpt,Thiagojm,1,0,0,0,0,0,0,0,0,0,0,0,0,0,[1]
h2oai/h2ogpt,thanseefpp,1,1,0,0,0,0,0,0,0,0,0,0,0,0,[2]
h2oai/h2ogpt,lav-patel,1,0,0,0,0,0,0,0,0,0,0,0,0,0,[1]
h2oai/h2ogpt,gunnnu,1,0,0,0,0,0,0,0,0,0,0,0,0,0,[1]
h2oai/h2ogpt,okamiRvS,1,0,0,0,0,0,0,0,0,0,0,0,0,0,[1]
h2oai/h2ogpt,simisoz,1,0,0,0,0,0,0,0,0,0,0,0,0,0,[1]
h2oai/h2ogpt,frrrht,1,0,0,0,0,0,0,0,0,0,0,0,0,0,[1]
h2oai/h2ogpt,otoa-kiyori,1,0,0,0,0,0,0,0,0,0,0,0,0,0,[1]
h2oai/h2ogpt,AbdalrahmanWael,1,0,0,0,0,0,0,0,0,0,0,0,0,0,[1]
h2oai/h2ogpt,abder-smimite,1,0,0,0,0,0,0,0,0,0,0,0,0,0,[1]
h2oai/h2ogpt,PlayTimerX,1,0,0,0,0,0,0,0,0,0,0,0,0,0,[1]
h2oai/h2ogpt,abhinavasr,1,0,0,0,0,0,0,0,0,0,0,0,0,0,[1]
h2oai/h2ogpt,anderson2805,1,0,0,0,0,0,0,0,0,0,0,0,0,0,[1]
h2oai/h2ogpt,abdullah-bl,1,0,0,0,0,0,0,0,0,0,0,0,0,0,[1]
h2oai/h2ogpt,goggledefogger,1,0,0,0,0,0,0,0,0,0,0,0,0,0,[1]
h2oai/h2ogpt,hongshi97,1,0,0,0,0,0,0,0,0,0,0,0,0,0,[1]
h2oai/h2ogpt,5k3105,1,0,0,0,0,0,0,0,0,0,0,0,0,0,[1]
h2oai/h2ogpt,hfa-ny,1,0,0,0,0,0,0,0,0,0,0,0,0,0,[1]
h2oai/h2ogpt,Ari1009,1,0,0,0,0,0,0,0,0,0,0,0,0,0,[1]
h2oai/h2ogpt,Tobe2d,1,0,0,0,0,0,0,0,0,0,0,0,0,0,[1]
h2oai/h2ogpt,tokeron,1,0,0,0,0,0,0,0,0,0,0,0,0,0,[1]
h2oai/h2ogpt,francisswaba,1,0,0,0,0,0,0,0,0,0,0,0,0,0,[1]
h2oai/h2ogpt,SchwarzRene,1,0,0,0,0,0,0,0,0,0,0,0,0,0,[1]
h2oai/h2ogpt,N500,0,1,0,0,0,0,0,0,0,0,0,0,0,0,[1]
h2oai/h2ogpt,Crossme0809,1,0,0,0,0,0,0,0,0,0,0,0,0,0,[1]
h2oai/h2ogpt,spideynolove,1,0,0,0,0,0,0,0,0,0,0,0,0,0,[1]
h2oai/h2ogpt,TheLost30,1,0,0,0,0,0,0,0,0,0,0,0,0,0,[1]
h2oai/h2ogpt,Saworieza,1,1,0,0,0,0,0,0,0,0,0,0,0,0,[2]
h2oai/h2ogpt,ruvuoai,1,0,0,0,0,0,0,0,0,0,0,0,0,0,[1]
h2oai/h2ogpt,bent10,1,0,0,0,0,0,0,0,0,0,0,0,0,0,[1]
h2oai/h2ogpt,tiro2000,1,0,0,0,0,0,0,0,0,0,0,0,0,0,[1]
h2oai/h2ogpt,jimdb8687,1,1,0,0,0,0,0,0,0,0,0,0,0,0,[2]
h2oai/h2ogpt,seanwynner,1,0,0,0,0,0,0,0,0,0,0,0,0,0,[1]
h2oai/h2ogpt,Ashrayergso,1,0,0,0,0,0,0,0,0,0,0,0,0,0,[1]
h2oai/h2ogpt,gcoli6,1,0,0,0,0,0,0,0,0,0,0,0,0,0,[1]
h2oai/h2ogpt,zhaolong1990ok,1,0,0,0,0,0,0,0,0,0,0,0,0,0,[1]
h2oai/h2ogpt,r3alst,1,0,0,0,0,0,0,0,0,0,0,0,0,0,[1]
h2oai/h2ogpt,neurobayesian,1,0,0,0,0,0,0,0,0,0,0,0,0,0,[1]
h2oai/h2ogpt,ioannisgk,0,1,0,0,0,0,0,0,0,0,0,0,0,0,[1]
h2oai/h2ogpt,javkhlantugs-bot,1,0,0,0,0,0,0,0,0,0,0,0,0,0,[1]
h2oai/h2ogpt,RohanKaran,0,0,2,0,0,0,0,0,0,0,0,0,0,0,[2]
h2oai/h2ogpt,ys-li,1,0,0,0,0,0,0,0,0,0,0,0,0,0,[1]
h2oai/h2ogpt,Farryan,1,0,0,0,0,0,0,0,0,0,0,0,0,0,[1]
h2oai/h2ogpt,PlutoHDDev,1,0,0,0,0,0,0,0,0,0,0,0,0,0,[1]
h2oai/h2ogpt,esemwy,1,0,0,0,0,0,0,0,0,0,0,0,0,0,[1]
h2oai/h2ogpt,applemorshed,1,0,0,0,0,0,0,0,0,0,0,0,0,0,[1]
h2oai/h2ogpt,oxxio,0,1,0,0,0,0,0,0,0,0,0,0,0,0,[1]
h2oai/h2ogpt,SagiSatish,1,0,0,0,0,0,0,0,0,0,0,0,0,0,[1]
h2oai/h2ogpt,arya09021998,0,1,0,0,0,0,0,0,0,0,0,0,0,0,[1]
h2oai/h2ogpt,drunkwcodes,1,0,0,0,0,0,0,0,0,0,0,0,0,0,[1]
h2oai/h2ogpt,ragankm,0,1,0,0,0,0,0,0,0,0,0,0,0,0,[1]
h2oai/h2ogpt,rongfengliang,1,0,0,0,0,0,0,0,0,0,0,0,0,0,[1]
h2oai/h2ogpt,nicolasgallay,1,0,0,0,0,0,0,0,0,0,0,0,0,0,[1]
h2oai/h2ogpt,tw93,1,0,0,0,0,0,0,0,0,0,0,0,0,0,[1]
h2oai/h2ogpt,codaxiom,0,1,0,0,0,0,0,0,0,0,0,0,0,0,[1]
h2oai/h2ogpt,kasra-trendplus,1,0,0,0,0,0,0,0,0,0,0,0,0,0,[1]
h2oai/h2ogpt,lloydzhou,1,0,0,0,0,0,0,0,0,0,0,0,0,0,[1]
h2oai/h2ogpt,ErikBorra,1,0,0,0,0,0,0,0,0,0,0,0,0,0,[1]
h2oai/h2ogpt,oeohomos,1,0,0,0,0,0,0,0,0,0,0,0,0,0,[1]
h2oai/h2ogpt,pqtrung,1,1,0,0,0,0,0,0,0,0,0,0,0,0,[2]
h2oai/h2ogpt,jones-so,1,0,0,0,0,0,0,0,0,0,0,0,0,0,[1]
h2oai/h2ogpt,ducdan,1,0,0,0,0,0,0,0,0,0,0,0,0,0,[1]
h2oai/h2ogpt,van100j,1,0,0,0,0,0,0,0,0,0,0,0,0,0,[1]
h2oai/h2ogpt,Sysetup,1,0,0,0,0,0,0,0,0,0,0,0,0,0,[1]
h2oai/h2ogpt,mustafa-barakat,1,0,0,0,0,0,0,0,0,0,0,0,0,0,[1]
h2oai/h2ogpt,murungu,1,0,0,0,0,0,0,0,0,0,0,0,0,0,[1]
h2oai/h2ogpt,Zhanghyi,1,0,0,0,0,0,0,0,0,0,0,0,0,0,[1]
h2oai/h2ogpt,hercules261188,1,1,0,0,0,0,0,0,0,0,0,0,0,0,[2]
h2oai/h2ogpt,Elmaestronwk,1,1,0,0,0,0,0,0,0,0,0,0,0,0,[2]
h2oai/h2ogpt,wrighter,1,0,0,0,0,0,0,0,0,0,0,0,0,0,[1]
h2oai/h2ogpt,tonycox,1,0,0,0,0,0,0,0,0,0,0,0,0,0,[1]
h2oai/h2ogpt,yvillamil-stratio,1,0,0,0,0,0,0,0,0,0,0,0,0,0,[1]
h2oai/h2ogpt,JavenZ,1,0,0,0,0,0,0,0,0,0,0,0,0,0,[1]
h2oai/h2ogpt,remogeissbuehler,1,0,0,0,0,0,0,0,0,0,0,0,0,0,[1]
h2oai/h2ogpt,cjbayliss,1,0,0,0,0,0,0,0,0,0,0,0,0,0,[1]
h2oai/h2ogpt,priyatam,1,0,0,0,0,0,0,0,0,0,0,0,0,0,[1]
h2oai/h2ogpt,mostafaSalah12,1,1,0,0,0,0,0,0,0,0,0,0,0,0,[2]
h2oai/h2ogpt,yangboz,1,1,0,0,0,0,0,0,0,0,0,0,0,0,[2]
h2oai/h2ogpt,darkrnet,1,0,0,0,0,0,0,0,0,0,0,0,0,0,[1]
h2oai/h2ogpt,alanna-todd-1m,1,0,0,0,0,0,0,0,0,0,0,0,0,0,[1]
h2oai/h2ogpt,adeelahmad,1,0,0,0,0,0,0,0,0,0,0,0,0,0,[1]
h2oai/h2ogpt,HenryXVI-23,1,0,0,0,0,0,0,0,0,0,0,0,0,0,[1]
h2oai/h2ogpt,jfblanchard,1,0,0,0,0,0,0,0,0,0,0,0,0,0,[1]
h2oai/h2ogpt,Robert-Hansen,1,0,0,0,0,0,0,0,0,0,0,0,0,0,[1]
h2oai/h2ogpt,JarekToro,1,0,0,0,0,0,0,0,0,0,0,0,0,0,[1]
h2oai/h2ogpt,andrewnakas,1,0,0,0,0,0,0,0,0,0,0,0,0,0,[1]
h2oai/h2ogpt,rubenIGM,1,0,0,1,0,0,0,0,0,0,0,0,0,0,[2]
h2oai/h2ogpt,Ciphore,1,0,0,0,0,0,0,0,0,0,0,0,0,0,[1]
h2oai/h2ogpt,bieli,1,0,0,0,0,0,0,0,0,0,0,0,0,0,[1]
h2oai/h2ogpt,HarperGrieve,0,0,1,0,0,0,0,0,0,0,0,0,0,0,[1]
h2oai/h2ogpt,SrikarPrayaga06,1,0,0,0,0,0,0,0,0,0,0,0,0,0,[1]
h2oai/h2ogpt,smrht,1,0,0,0,0,0,0,0,0,0,0,0,0,0,[1]
h2oai/h2ogpt,cryzereye,1,0,0,0,0,0,0,0,0,0,0,0,0,0,[1]
h2oai/h2ogpt,kjulcsa,1,0,0,0,0,0,0,0,0,0,0,0,0,0,[1]
h2oai/h2ogpt,ivangabriele,1,0,0,0,0,0,0,0,0,0,0,0,0,0,[1]
h2oai/h2ogpt,majicmike,1,0,0,0,0,0,0,0,0,0,0,0,0,0,[1]
h2oai/h2ogpt,MediaPreneur,0,1,0,0,0,0,0,0,0,0,0,0,0,0,[1]
h2oai/h2ogpt,Spit-fires,1,0,0,0,0,0,0,0,0,0,0,0,0,0,[1]
h2oai/h2ogpt,nitinbhatia-dev,1,0,0,0,0,0,0,0,0,0,0,0,0,0,[1]
h2oai/h2ogpt,xingchen2030,1,0,0,0,0,0,0,0,0,0,0,0,0,0,[1]
h2oai/h2ogpt,z1Shen,1,0,0,0,0,0,0,0,0,0,0,0,0,0,[1]
h2oai/h2ogpt,renatofk,0,1,0,0,0,0,0,0,0,0,0,0,0,0,[1]
h2oai/h2ogpt,MoozIiSP,1,0,0,0,0,0,0,0,0,0,0,0,0,0,[1]
h2oai/h2ogpt,aooyoo,1,0,0,0,0,0,0,0,0,0,0,0,0,0,[1]
h2oai/h2ogpt,dewaa97,1,0,0,0,0,0,0,0,0,0,0,0,0,0,[1]
h2oai/h2ogpt,FlorianBELLAZOUZ,1,0,0,0,0,0,0,0,0,0,0,0,0,0,[1]
h2oai/h2ogpt,mengtongun,1,0,0,0,0,0,0,0,0,0,0,0,0,0,[1]
h2oai/h2ogpt,dev-124,1,0,0,0,0,0,0,0,0,0,0,0,0,0,[1]
h2oai/h2ogpt,GeoCommander,1,0,0,0,0,0,0,0,0,0,0,0,0,0,[1]
h2oai/h2ogpt,chironblue,0,1,0,0,0,0,0,0,0,0,0,0,0,0,[1]
h2oai/h2ogpt,Aristarhys,1,0,0,0,0,0,0,0,0,0,0,0,0,0,[1]
h2oai/h2ogpt,asomoza,1,0,0,0,0,0,0,0,0,0,0,0,0,0,[1]
h2oai/h2ogpt,shuentang,1,0,0,0,0,0,0,0,0,0,0,0,0,0,[1]
h2oai/h2ogpt,seanxuu,1,0,0,0,0,0,0,0,0,0,0,0,0,0,[1]
h2oai/h2ogpt,LDuncAndroid,1,0,0,0,0,0,0,0,0,0,0,0,0,0,[1]
h2oai/h2ogpt,mk230580,1,0,0,0,0,0,0,0,0,0,0,0,0,0,[1]
h2oai/h2ogpt,remoe,1,0,0,0,0,0,0,0,0,0,0,0,0,0,[1]
h2oai/h2ogpt,kelheor,1,0,0,0,0,0,0,0,0,0,0,0,0,0,[1]
h2oai/h2ogpt,zzpw,1,0,0,0,0,0,0,0,0,0,0,0,0,0,[1]
h2oai/h2ogpt,MartinRovang,1,0,0,0,0,0,0,0,0,0,0,0,0,0,[1]
h2oai/h2ogpt,Bigfatgreat,1,0,0,0,0,0,0,0,0,0,0,0,0,0,[1]
h2oai/h2ogpt,Nplite,0,1,0,0,0,0,0,0,0,0,0,0,0,0,[1]
h2oai/h2ogpt,Kukankitsune,1,0,0,0,0,0,0,0,0,0,0,0,0,0,[1]
h2oai/h2ogpt,zubidigital,1,0,0,0,0,0,0,0,0,0,0,0,0,0,[1]
h2oai/h2ogpt,eu09,1,0,0,0,0,0,0,0,0,0,0,0,0,0,[1]
h2oai/h2ogpt,rickvanveen,1,0,0,0,0,0,0,0,0,0,0,0,0,0,[1]
h2oai/h2ogpt,yanggf8,0,1,0,0,0,0,0,0,0,0,0,0,0,0,[1]
h2oai/h2ogpt,aTong9,1,0,0,0,0,0,0,0,0,0,0,0,0,0,[1]
h2oai/h2ogpt,priyanshu69code,1,0,0,0,0,0,0,0,0,0,0,0,0,0,[1]
h2oai/h2ogpt,Abirdcfly,1,0,0,0,0,0,0,0,0,0,0,0,0,0,[1]
h2oai/h2ogpt,JakeTouchet,1,0,0,0,0,0,0,0,0,0,0,0,0,0,[1]
h2oai/h2ogpt,cengc13,1,0,0,0,0,0,0,0,0,0,0,0,0,0,[1]
h2oai/h2ogpt,codeamateur,1,0,0,0,0,0,0,0,0,0,0,0,0,0,[1]
h2oai/h2ogpt,bunts123,1,0,0,0,0,0,0,0,0,0,0,0,0,0,[1]
h2oai/h2ogpt,elich11,0,0,1,1,0,0,0,0,0,0,0,0,0,0,[2]
h2oai/h2ogpt,WPcare,1,0,0,0,0,0,0,0,0,0,0,0,0,0,[1]
h2oai/h2ogpt,douzzel,1,0,0,0,0,0,0,0,0,0,0,0,0,0,[1]
h2oai/h2ogpt,laszloekovacs,1,0,0,0,0,0,0,0,0,0,0,0,0,0,[1]
h2oai/h2ogpt,elatomo,1,0,0,0,0,0,0,0,0,0,0,0,0,0,[1]
h2oai/h2ogpt,sekju,1,0,0,0,0,0,0,0,0,0,0,0,0,0,[1]
h2oai/h2ogpt,khannan31,1,0,0,0,0,0,0,0,0,0,0,0,0,0,[1]
h2oai/h2ogpt,asifalix,1,0,0,0,0,0,0,0,0,0,0,0,0,0,[1]
h2oai/h2ogpt,adgower,1,0,0,0,0,0,0,0,0,0,0,0,0,0,[1]
h2oai/h2ogpt,onukura,1,0,0,0,0,0,0,0,0,0,0,0,0,0,[1]
h2oai/h2ogpt,olivierloverde,1,0,0,0,0,0,0,0,0,0,0,0,0,0,[1]
h2oai/h2ogpt,chenguanzhou,1,0,0,0,0,0,0,0,0,0,0,0,0,0,[1]
h2oai/h2ogpt,Alter-0,1,0,0,0,0,0,0,0,0,0,0,0,0,0,[1]
h2oai/h2ogpt,abStreamlytics,1,0,0,0,0,0,0,0,0,0,0,0,0,0,[1]
h2oai/h2ogpt,regaipserdar,1,0,0,0,0,0,0,0,0,0,0,0,0,0,[1]
h2oai/h2ogpt,kasunvimarshana,1,1,0,0,0,0,0,0,0,0,0,0,0,0,[2]
h2oai/h2ogpt,gamparohit,1,0,0,0,0,0,0,0,0,0,0,0,0,0,[1]
h2oai/h2ogpt,ksukrit,1,0,0,0,0,0,0,0,0,0,0,0,0,0,[1]
h2oai/h2ogpt,alicemunsal,1,0,0,0,0,0,0,0,0,0,0,0,0,0,[1]
h2oai/h2ogpt,notegone,1,0,0,0,0,0,0,0,0,0,0,0,0,0,[1]
h2oai/h2ogpt,CrystalToland,0,1,0,0,0,0,0,0,0,0,0,0,0,0,[1]
h2oai/h2ogpt,louzhu001,0,1,0,0,0,0,0,0,0,0,0,0,0,0,[1]
h2oai/h2ogpt,llmmniiipp,0,1,0,0,0,0,0,0,0,0,0,0,0,0,[1]
h2oai/h2ogpt,uraf0scolno,0,1,0,0,0,0,0,0,0,0,0,0,0,0,[1]
h2oai/h2ogpt,ajinkyapuar,1,0,0,0,0,0,0,0,0,0,0,0,0,0,[1]
h2oai/h2ogpt,aaronlks,1,0,0,0,0,0,0,0,0,0,0,0,0,0,[1]
h2oai/h2ogpt,bkfgub,0,1,0,0,0,0,0,0,0,0,0,0,0,0,[1]
h2oai/h2ogpt,NickThompson42,0,1,0,0,0,0,0,0,0,0,0,0,0,0,[1]
h2oai/h2ogpt,anmandsu,1,0,0,0,0,0,0,0,0,0,0,0,0,0,[1]
h2oai/h2ogpt,pablojimeno,1,0,0,0,0,0,0,0,0,0,0,0,0,0,[1]
h2oai/h2ogpt,ysys35,0,1,0,0,0,0,0,0,0,0,0,0,0,0,[1]
h2oai/h2ogpt,3molpePcon,0,1,0,0,0,0,0,0,0,0,0,0,0,0,[1]
h2oai/h2ogpt,ocortina,2,0,0,0,0,0,0,0,0,0,0,0,0,0,[2]
h2oai/h2ogpt,sjakos,1,0,0,0,0,0,0,0,0,0,0,0,0,0,[1]
h2oai/h2ogpt,polakim,1,0,0,0,0,0,0,0,0,0,0,0,0,0,[1]
h2oai/h2ogpt,Bikraji,1,0,0,0,0,0,0,0,0,0,0,0,0,0,[1]
h2oai/h2ogpt,Darknighttttt,1,0,0,0,0,0,0,0,0,0,0,0,0,0,[1]
h2oai/h2ogpt,lutang123,1,0,0,0,0,0,0,0,0,0,0,0,0,0,[1]
h2oai/h2ogpt,sergeysedoy97,1,0,0,0,0,0,0,0,0,0,0,0,0,0,[1]
h2oai/h2ogpt,niklasravnsborg,1,0,0,0,0,0,0,0,0,0,0,0,0,0,[1]
h2oai/h2ogpt,syrkis,1,0,0,0,0,0,0,0,0,0,0,0,0,0,[1]
h2oai/h2ogpt,mengrennwpu,1,0,0,0,0,0,0,0,0,0,0,0,0,0,[1]
h2oai/h2ogpt,Legendary-CLR,1,0,0,0,0,0,0,0,0,0,0,0,0,0,[1]
h2oai/h2ogpt,nmbds,0,1,0,0,0,0,0,0,0,0,0,0,0,0,[1]
h2oai/h2ogpt,Yukesh432,1,0,0,0,0,0,0,0,0,0,0,0,0,0,[1]
h2oai/h2ogpt,SzczepanBEN,1,1,0,0,0,0,0,0,0,0,0,0,0,0,[2]
h2oai/h2ogpt,fexxdev,1,0,0,0,0,0,0,0,0,0,0,0,0,0,[1]
h2oai/h2ogpt,saccohuo,1,0,0,0,0,0,0,0,0,0,0,0,0,0,[1]
h2oai/h2ogpt,PanRobo,1,0,0,0,0,0,0,0,0,0,0,0,0,0,[1]
h2oai/h2ogpt,fsfedoeq,0,1,0,0,0,0,0,0,0,0,0,0,0,0,[1]
h2oai/h2ogpt,tvvocold,1,0,0,0,0,0,0,0,0,0,0,0,0,0,[1]
h2oai/h2ogpt,BootingAI-master,1,0,0,0,0,0,0,0,0,0,0,0,0,0,[1]
h2oai/h2ogpt,KochMartin,1,0,0,0,0,0,0,0,0,0,0,0,0,0,[1]
h2oai/h2ogpt,chimerakang,1,0,0,0,0,0,0,0,0,0,0,0,0,0,[1]
h2oai/h2ogpt,ftinb992,0,1,0,0,0,0,0,0,0,0,0,0,0,0,[1]
h2oai/h2ogpt,nikhilhuirem,0,1,0,0,0,0,0,0,0,0,0,0,0,0,[1]
h2oai/h2ogpt,jseo-impactai,1,0,0,0,0,0,0,0,0,0,0,0,0,0,[1]
h2oai/h2ogpt,0glucsornaze,0,1,0,0,0,0,0,0,0,0,0,0,0,0,[1]
h2oai/h2ogpt,timchepeleff,1,0,0,0,0,0,0,0,0,0,0,0,0,0,[1]
h2oai/h2ogpt,nigelmathes,1,0,0,0,0,0,0,0,0,0,0,0,0,0,[1]
h2oai/h2ogpt,xiaoguoer,1,0,0,0,0,0,0,0,0,0,0,0,0,0,[1]
h2oai/h2ogpt,AlexPi301,1,0,0,0,0,0,0,0,0,0,0,0,0,0,[1]
h2oai/h2ogpt,nexuslux,1,0,0,0,0,0,0,0,0,0,0,0,0,0,[1]
h2oai/h2ogpt,Comput3rUs3r,1,0,0,0,0,0,0,0,0,0,0,0,0,0,[1]
h2oai/h2ogpt,ashishvala15,0,1,0,0,0,0,0,0,0,0,0,0,0,0,[1]
h2oai/h2ogpt,teodecFtuima,0,1,0,0,0,0,0,0,0,0,0,0,0,0,[1]
h2oai/h2ogpt,1Naomi1,0,1,0,0,0,0,0,0,0,0,0,0,0,0,[1]
h2oai/h2ogpt,benjaminshe,0,1,0,0,0,0,0,0,0,0,0,0,0,0,[1]
h2oai/h2ogpt,akira57white,1,1,0,0,0,0,0,0,0,0,0,0,0,0,[2]
h2oai/h2ogpt,han-tun,1,1,0,0,0,0,0,0,0,0,0,0,0,0,[2]
h2oai/h2ogpt,star-ot,1,0,0,0,0,0,0,0,0,0,0,0,0,0,[1]
h2oai/h2ogpt,andersmmg,1,0,0,0,0,0,0,0,0,0,0,0,0,0,[1]
h2oai/h2ogpt,Aftab-Ansari07,1,0,0,0,0,0,0,0,0,0,0,0,0,0,[1]
h2oai/h2ogpt,DanielChuDC,1,0,0,0,0,0,0,0,0,0,0,0,0,0,[1]
h2oai/h2ogpt,apallbox,1,0,0,0,0,0,0,0,0,0,0,0,0,0,[1]
h2oai/h2ogpt,Fire-,1,0,0,0,0,0,0,0,0,0,0,0,0,0,[1]
h2oai/h2ogpt,ishaanparlikar,1,0,0,0,0,0,0,0,0,0,0,0,0,0,[1]
h2oai/h2ogpt,msocko420,1,0,0,0,0,0,0,0,0,0,0,0,0,0,[1]
h2oai/h2ogpt,abanerjeeex2,1,0,0,0,0,0,0,0,0,0,0,0,0,0,[1]
h2oai/h2ogpt,WitherOrNot,1,0,0,0,0,0,0,0,0,0,0,0,0,0,[1]
h2oai/h2ogpt,ChiragThesia,1,0,0,0,0,0,0,0,0,0,0,0,0,0,[1]
h2oai/h2ogpt,coastudwors,1,0,0,0,0,0,0,0,0,0,0,0,0,0,[1]
h2oai/h2ogpt,hectormarcia,1,0,0,0,0,0,0,0,0,0,0,0,0,0,[1]
h2oai/h2ogpt,davideuler,1,0,0,0,0,0,0,0,0,0,0,0,0,0,[1]
h2oai/h2ogpt,ruyd,1,0,0,0,0,0,0,0,0,0,0,0,0,0,[1]
h2oai/h2ogpt,AlbezJelt,1,0,0,0,0,0,0,0,0,0,0,0,0,0,[1]
h2oai/h2ogpt,subtniticqui,0,1,0,0,0,0,0,0,0,0,0,0,0,0,[1]
h2oai/h2ogpt,movanet,1,0,0,0,0,0,0,0,0,0,0,0,0,0,[1]
h2oai/h2ogpt,DEBASMITROY2002,0,1,0,0,0,0,0,0,0,0,0,0,0,0,[1]
h2oai/h2ogpt,Royce-Geospatial-Consultants,0,1,0,0,0,0,0,0,0,0,0,0,0,0,[1]
h2oai/h2ogpt,blackrabbit69,1,0,0,0,0,0,0,0,0,0,0,0,0,0,[1]
h2oai/h2ogpt,merdem0506,1,1,0,0,0,0,0,0,0,0,0,0,0,0,[2]
h2oai/h2ogpt,solydzajs,1,0,0,0,0,0,0,0,0,0,0,0,0,0,[1]
h2oai/h2ogpt,mustafaakben,1,0,0,0,0,0,0,0,0,0,0,0,0,0,[1]
h2oai/h2ogpt,VigroX,1,0,0,0,0,0,0,0,0,0,0,0,0,0,[1]
h2oai/h2ogpt,torrinworx,1,0,0,0,0,0,0,0,0,0,0,0,0,0,[1]
h2oai/h2ogpt,ApprikatAI,0,1,0,0,0,0,0,0,0,0,0,0,0,0,[1]
h2oai/h2ogpt,Madhav-MKNC,1,0,0,0,0,0,0,0,0,0,0,0,0,0,[1]
h2oai/h2ogpt,ch0c01dxyz,1,0,0,0,0,0,0,0,0,0,0,0,0,0,[1]
h2oai/h2ogpt,Ithamar,1,0,0,0,0,0,0,0,0,0,0,0,0,0,[1]
h2oai/h2ogpt,0oblaabde,0,1,0,0,0,0,0,0,0,0,0,0,0,0,[1]
h2oai/h2ogpt,stableddd3,1,0,0,0,0,0,0,0,0,0,0,0,0,0,[1]
h2oai/h2ogpt,penguinmd,1,0,0,0,0,0,0,0,0,0,0,0,0,0,[1]
h2oai/h2ogpt,hkxiaoyao,1,0,0,0,0,0,0,0,0,0,0,0,0,0,[1]
h2oai/h2ogpt,Isratja45,1,0,0,0,0,0,0,0,0,0,0,0,0,0,[1]
h2oai/h2ogpt,shawnkristek,1,0,0,0,0,0,0,0,0,0,0,0,0,0,[1]
h2oai/h2ogpt,oscarvilla,1,0,0,0,0,0,0,0,0,0,0,0,0,0,[1]
h2oai/h2ogpt,Nicezki,1,0,0,0,0,0,0,0,0,0,0,0,0,0,[1]
h2oai/h2ogpt,inmoQroszu,0,1,0,0,0,0,0,0,0,0,0,0,0,0,[1]
h2oai/h2ogpt,artit1986,1,0,0,0,0,0,0,0,0,0,0,0,0,0,[1]
h2oai/h2ogpt,mirzajb,1,0,0,0,0,0,0,0,0,0,0,0,0,0,[1]
h2oai/h2ogpt,MrlolDev,1,0,0,0,0,0,0,0,0,0,0,0,0,0,[1]
h2oai/h2ogpt,ViniciusRomano,1,0,0,0,0,0,0,0,0,0,0,0,0,0,[1]
h2oai/h2ogpt,Ioseef,1,1,0,0,0,0,0,0,0,0,0,0,0,0,[2]
h2oai/h2ogpt,alde103,1,0,0,0,0,0,0,0,0,0,0,0,0,0,[1]
h2oai/h2ogpt,PauloRManso,1,0,0,0,0,0,0,0,0,0,0,0,0,0,[1]
h2oai/h2ogpt,wienke,0,1,0,0,0,1,0,0,0,0,0,0,0,0,[2]
h2oai/h2ogpt,JohnnyDoe1984,1,0,0,0,0,0,0,0,0,0,0,0,0,0,[1]
h2oai/h2ogpt,eppursimouve123,0,1,0,0,0,0,0,0,0,0,0,0,0,0,[1]
h2oai/h2ogpt,cihangecgel,1,0,0,0,0,0,0,0,0,0,0,0,0,0,[1]
h2oai/h2ogpt,Hasbe58,0,1,0,0,0,0,0,0,0,0,0,0,0,0,[1]
h2oai/h2ogpt,fermuch,1,0,0,0,0,0,0,0,0,0,0,0,0,0,[1]
h2oai/h2ogpt,seven-dev,1,0,0,0,0,0,0,0,0,0,0,0,0,0,[1]
h2oai/h2ogpt,maksimstojkovic,1,0,0,0,0,0,0,0,0,0,0,0,0,0,[1]
h2oai/h2ogpt,ashmith7,1,0,0,0,0,0,0,0,0,0,0,0,0,0,[1]
h2oai/h2ogpt,itsnot-safe,1,0,0,0,0,0,0,0,0,0,0,0,0,0,[1]
h2oai/h2ogpt,zenchantlive,1,0,0,0,0,0,0,0,0,0,0,0,0,0,[1]
h2oai/h2ogpt,cammonkittynh,1,1,0,0,0,0,0,0,0,0,0,0,0,0,[2]
h2oai/h2ogpt,joskid,1,1,0,0,0,0,0,0,0,0,0,0,0,0,[2]
h2oai/h2ogpt,Imsheryarkhan,1,0,0,0,0,0,0,0,0,0,0,0,0,0,[1]
h2oai/h2ogpt,Iskander-ANH,1,0,0,0,0,0,0,0,0,0,0,0,0,0,[1]
h2oai/h2ogpt,mbaneshi,1,0,0,0,0,0,0,0,0,0,0,0,0,0,[1]
h2oai/h2ogpt,paviaZprimgi,0,1,0,0,0,0,0,0,0,0,0,0,0,0,[1]
h2oai/h2ogpt,azkarim,1,0,0,0,0,0,0,0,0,0,0,0,0,0,[1]
h2oai/h2ogpt,mcpengelly,2,0,0,0,0,0,0,0,0,0,0,0,0,0,[2]
h2oai/h2ogpt,9leccorMforpu,0,1,0,0,0,0,0,0,0,0,0,0,0,0,[1]
h2oai/h2ogpt,jpmanson,1,0,0,0,0,0,0,0,0,0,0,0,0,0,[1]
h2oai/h2ogpt,kvtang,1,0,0,0,0,0,0,0,0,0,0,0,0,0,[1]
h2oai/h2ogpt,Jbkonn,1,0,0,0,0,0,0,0,0,0,0,0,0,0,[1]
h2oai/h2ogpt,Beckjiang,1,0,0,0,0,0,0,0,0,0,0,0,0,0,[1]
h2oai/h2ogpt,hidude562,1,0,0,0,0,0,0,0,0,0,0,0,0,0,[1]
h2oai/h2ogpt,liddly,1,0,0,0,0,0,0,0,0,0,0,0,0,0,[1]
h2oai/h2ogpt,Dhinakar146,2,0,0,0,0,0,0,0,0,0,0,0,0,0,[2]
h2oai/h2ogpt,Baka-14,1,0,0,0,0,0,0,0,0,0,0,0,0,0,[1]
h2oai/h2ogpt,bconnell,1,0,0,0,0,0,0,0,0,0,0,0,0,0,[1]
h2oai/h2ogpt,mokpolar,0,0,2,0,0,0,0,0,0,0,0,0,0,0,[2]
h2oai/h2ogpt,fredericramanda,1,0,0,0,0,0,0,0,0,0,0,0,0,0,[1]
h2oai/h2ogpt,Jaimla,0,1,0,0,0,0,0,0,0,0,0,0,0,0,[1]
h2oai/h2ogpt,xerocopy,1,1,0,0,0,0,0,0,0,0,0,0,0,0,[2]
h2oai/h2ogpt,sqr00t,1,0,0,0,0,0,0,0,0,0,0,0,0,0,[1]
h2oai/h2ogpt,nitish1295,1,0,0,0,0,0,0,0,0,0,0,0,0,0,[1]
h2oai/h2ogpt,anggardhanoano,1,0,0,0,0,0,0,0,0,0,0,0,0,0,[1]
h2oai/h2ogpt,JneiraS,1,0,0,0,0,0,0,0,0,0,0,0,0,0,[1]
h2oai/h2ogpt,Antyos,1,0,0,0,0,0,0,0,0,0,0,0,0,0,[1]
h2oai/h2ogpt,thomasansems,1,0,0,0,0,0,0,0,0,0,0,0,0,0,[1]
h2oai/h2ogpt,IvesCheung,1,0,0,0,0,0,0,0,0,0,0,0,0,0,[1]
h2oai/h2ogpt,nathoe,1,0,0,0,0,0,0,0,0,0,0,0,0,0,[1]
h2oai/h2ogpt,vadi2,1,0,0,0,0,0,0,0,0,0,0,0,0,0,[1]
h2oai/h2ogpt,Mathanraj-Sharma,0,0,1,0,1,1,0,1,0,0,0,0,0,0,[4]
h2oai/h2ogpt,byrongibson,1,0,0,0,0,0,0,0,0,0,0,0,0,0,[1]
h2oai/h2ogpt,gerhean,0,0,3,4,0,0,0,0,0,0,0,0,0,0,[7]
h2oai/h2ogpt,ssarfraz,1,0,0,0,0,0,0,0,0,0,0,0,0,0,[1]
h2oai/h2ogpt,Redowan-Ahmed,1,1,0,0,0,0,0,0,0,0,0,0,0,0,[2]
h2oai/h2ogpt,adriantango-pixel,1,0,0,0,0,0,0,0,0,0,0,0,0,0,[1]
h2oai/h2ogpt,ericmm,1,0,0,0,0,0,0,0,0,0,0,0,0,0,[1]
h2oai/h2ogpt,smortezah,1,0,0,0,0,0,0,0,0,0,0,0,0,0,[1]
h2oai/h2ogpt,paradise321,1,0,0,0,0,0,0,0,0,0,0,0,0,0,[1]
h2oai/h2ogpt,albertoforni,1,0,0,0,0,0,0,0,0,0,0,0,0,0,[1]
h2oai/h2ogpt,zhaochunqi,1,0,0,0,0,0,0,0,0,0,0,0,0,0,[1]
h2oai/h2ogpt,othmanalikhan,1,0,0,0,0,0,0,0,0,0,0,0,0,0,[1]
h2oai/h2ogpt,rayshen92,1,0,0,0,0,0,0,0,0,0,0,0,0,0,[1]
h2oai/h2ogpt,batv8,1,0,0,0,0,0,0,0,0,0,0,0,0,0,[1]
h2oai/h2ogpt,byStayo,1,0,0,0,0,0,0,0,0,0,0,0,0,0,[1]
h2oai/h2ogpt,r4ravi2008,1,0,0,0,0,0,0,0,0,0,0,0,0,0,[1]
h2oai/h2ogpt,canerzehra99,1,1,0,0,0,0,0,0,0,0,0,0,0,0,[2]
h2oai/h2ogpt,0xJuny,0,1,0,0,0,0,0,0,0,0,0,0,0,0,[1]
h2oai/h2ogpt,Yuan-Lin615,1,0,0,0,0,0,0,0,0,0,0,0,0,0,[1]
h2oai/h2ogpt,online906,1,0,0,0,0,0,0,0,0,0,0,0,0,0,[1]
h2oai/h2ogpt,liyupeng111,1,0,0,0,0,0,0,0,0,0,0,0,0,0,[1]
h2oai/h2ogpt,phntm7,1,0,0,0,0,0,0,0,0,0,0,0,0,0,[1]
h2oai/h2ogpt,edom71,1,0,0,0,0,0,0,0,0,0,0,0,0,0,[1]
h2oai/h2ogpt,adripo,1,0,0,0,0,0,0,0,0,0,0,0,0,0,[1]
h2oai/h2ogpt,Invincible83,1,0,0,0,0,0,0,0,0,0,0,0,0,0,[1]
h2oai/h2ogpt,Vilhelm-theone,1,0,0,0,0,0,0,0,0,0,0,0,0,0,[1]
h2oai/h2ogpt,JChav02,1,0,0,0,0,0,0,0,0,0,0,0,0,0,[1]
h2oai/h2ogpt,ccrvlh,1,0,0,0,0,0,0,0,0,0,0,0,0,0,[1]
h2oai/h2ogpt,gaoypChina,1,0,0,0,0,0,0,0,0,0,0,0,0,0,[1]
h2oai/h2ogpt,thebetauser,1,0,0,0,0,0,0,0,0,0,0,0,0,0,[1]
h2oai/h2ogpt,ralaud,1,0,0,0,0,0,0,0,0,0,0,0,0,0,[1]
h2oai/h2ogpt,neosarchizo,1,0,0,0,0,0,0,0,0,0,0,0,0,0,[1]
h2oai/h2ogpt,andresfan,1,0,0,0,0,0,0,0,0,0,0,0,0,0,[1]
h2oai/h2ogpt,reweweqwe,0,1,0,0,0,0,0,0,0,0,0,0,0,0,[1]
h2oai/h2ogpt,vsrc,0,1,0,0,0,0,0,0,0,0,0,0,0,0,[1]
h2oai/h2ogpt,rererqwqw,0,1,0,0,0,0,0,0,0,0,0,0,0,0,[1]
h2oai/h2ogpt,Logistic98,1,0,0,0,0,0,0,0,0,0,0,0,0,0,[1]
h2oai/h2ogpt,gshtrvte,0,1,0,0,0,0,0,0,0,0,0,0,0,0,[1]
h2oai/h2ogpt,grfsqpco,0,1,0,0,0,0,0,0,0,0,0,0,0,0,[1]
h2oai/h2ogpt,kareem-101,1,0,0,0,0,0,0,0,0,0,0,0,0,0,[1]
h2oai/h2ogpt,poitonado,1,0,0,0,0,0,0,0,0,0,0,0,0,0,[1]
h2oai/h2ogpt,Mikkerdi,1,0,0,0,0,0,0,0,0,0,0,0,0,0,[1]
h2oai/h2ogpt,grzykjug,0,1,0,0,0,0,0,0,0,0,0,0,0,0,[1]
h2oai/h2ogpt,goffswiu,0,1,0,0,0,0,0,0,0,0,0,0,0,0,[1]
h2oai/h2ogpt,CelestialChorus68,0,1,0,0,0,0,0,0,0,0,0,0,0,0,[1]
h2oai/h2ogpt,Mouchoir,1,0,0,0,0,0,0,0,0,0,0,0,0,0,[1]
h2oai/h2ogpt,100101010,1,0,0,0,0,0,0,0,0,0,0,0,0,0,[1]
h2oai/h2ogpt,Pazheshpyu,1,0,0,0,0,0,0,0,0,0,0,0,0,0,[1]
h2oai/h2ogpt,traddo,1,0,0,0,0,0,0,0,0,0,0,0,0,0,[1]
h2oai/h2ogpt,Kiazhkag,1,0,0,0,0,0,0,0,0,0,0,0,0,0,[1]
h2oai/h2ogpt,ebdmuir,1,0,0,0,0,0,0,0,0,0,0,0,0,0,[1]
h2oai/h2ogpt,newopensucces,0,1,0,0,0,0,0,0,0,0,0,0,0,0,[1]
h2oai/h2ogpt,yanxg,0,1,0,0,0,0,0,0,0,0,0,0,0,0,[1]
h2oai/h2ogpt,HikaruSATO-is-LightningSugar,1,0,0,0,0,0,0,0,0,0,0,0,0,0,[1]
h2oai/h2ogpt,abdulazizalmass,1,0,0,0,0,0,0,0,0,0,0,0,0,0,[1]
h2oai/h2ogpt,koukyo1994,1,0,0,0,0,0,0,0,0,0,0,0,0,0,[1]
h2oai/h2ogpt,TechVentureBuilder,1,1,0,0,0,0,0,0,0,0,0,0,0,0,[2]
h2oai/h2ogpt,flesire,1,0,0,0,0,0,0,0,0,0,0,0,0,0,[1]
h2oai/h2ogpt,Feliza9,0,1,0,0,0,0,0,0,0,0,0,0,0,0,[1]
h2oai/h2ogpt,Hillahyusufe,0,1,0,0,0,0,0,0,0,0,0,0,0,0,[1]
h2oai/h2ogpt,kuilenren,1,0,0,0,0,0,0,0,0,0,0,0,0,0,[1]
h2oai/h2ogpt,S613420,1,0,0,0,0,0,0,0,0,0,0,0,0,0,[1]
h2oai/h2ogpt,Artupia111,0,1,0,0,0,0,0,0,0,0,0,0,0,0,[1]
h2oai/h2ogpt,peaceofcake2022,1,0,0,0,0,0,0,0,0,0,0,0,0,0,[1]
h2oai/h2ogpt,rossorilo,1,0,0,0,0,0,0,0,0,0,0,0,0,0,[1]
h2oai/h2ogpt,codetsar,1,0,0,0,0,0,0,0,0,0,0,0,0,0,[1]
h2oai/h2ogpt,mhasannejad,1,0,0,0,0,0,0,0,0,0,0,0,0,0,[1]
h2oai/h2ogpt,nightskat,1,0,0,0,0,0,0,0,0,0,0,0,0,0,[1]
h2oai/h2ogpt,Dj-Denis,1,0,0,0,0,0,0,0,0,0,0,0,0,0,[1]
h2oai/h2ogpt,karanotsingyu,1,0,0,0,0,0,0,0,0,0,0,0,0,0,[1]
h2oai/h2ogpt,refaqtor,0,1,0,0,0,0,0,0,0,0,0,0,0,0,[1]
h2oai/h2ogpt,k1ng,1,0,0,0,0,0,0,0,0,0,0,0,0,0,[1]
h2oai/h2ogpt,kengos,1,0,0,0,0,0,0,0,0,0,0,0,0,0,[1]
h2oai/h2ogpt,dongpil,1,0,0,0,0,0,0,0,0,0,0,0,0,0,[1]
h2oai/h2ogpt,yqstar,1,0,0,0,0,0,0,0,0,0,0,0,0,0,[1]
h2oai/h2ogpt,safyymize,1,0,0,0,0,0,0,0,0,0,0,0,0,0,[1]
h2oai/h2ogpt,embedhead-io,1,0,0,0,0,0,0,0,0,0,0,0,0,0,[1]
h2oai/h2ogpt,devsprite,1,0,0,0,0,0,0,0,0,0,0,0,0,0,[1]
h2oai/h2ogpt,ramki982,1,0,0,0,0,0,0,0,0,0,0,0,0,0,[1]
h2oai/h2ogpt,juleskuehn,1,0,0,0,0,0,0,0,0,0,0,0,0,0,[1]
h2oai/h2ogpt,antonydelopez,1,0,0,0,0,0,0,0,0,0,0,0,0,0,[1]
h2oai/h2ogpt,kirkluokun,1,0,0,0,0,0,0,0,0,0,0,0,0,0,[1]
h2oai/h2ogpt,oscar810429,0,1,0,0,0,0,0,0,0,0,0,0,0,0,[1]
h2oai/h2ogpt,miltonbolonha,1,0,0,0,0,0,0,0,0,0,0,0,0,0,[1]
h2oai/h2ogpt,alessiomorteo,1,0,0,0,0,0,0,0,0,0,0,0,0,0,[1]
h2oai/h2ogpt,JeromyJSmith,1,0,0,0,0,0,0,0,0,0,0,0,0,0,[1]
h2oai/h2ogpt,xor2003,1,0,0,0,0,0,0,0,0,0,0,0,0,0,[1]
h2oai/h2ogpt,Ahmet1632,1,0,0,0,0,0,0,0,0,0,0,0,0,0,[1]
h2oai/h2ogpt,wanfuse123,0,0,1,2,0,0,0,0,0,0,0,0,0,0,[3]
h2oai/h2ogpt,imranaalam,1,0,0,0,0,0,0,0,0,0,0,0,0,0,[1]
h2oai/h2ogpt,marciopocebon,1,1,0,0,0,0,0,0,0,0,0,0,0,0,[2]
h2oai/h2ogpt,skhelladi,1,0,0,0,0,0,0,0,0,0,0,0,0,0,[1]
h2oai/h2ogpt,QuantSparkTechnology,1,0,0,0,0,0,0,0,0,0,0,0,0,0,[1]
h2oai/h2ogpt,idcesares,1,0,0,0,0,0,0,0,0,0,0,0,0,0,[1]
h2oai/h2ogpt,modulexcite,1,0,0,0,0,0,0,0,0,0,0,0,0,0,[1]
h2oai/h2ogpt,mgunnin,1,0,0,0,0,0,0,0,0,0,0,0,0,0,[1]
h2oai/h2ogpt,esidate,1,0,0,0,0,0,0,0,0,0,0,0,0,0,[1]
h2oai/h2ogpt,scottbragg,1,0,0,0,0,0,0,0,0,0,0,0,0,0,[1]
h2oai/h2ogpt,TheDcoder,1,0,0,0,0,0,0,0,0,0,0,0,0,0,[1]
h2oai/h2ogpt,Lauorie,1,0,0,0,0,0,0,0,0,0,0,0,0,0,[1]
h2oai/h2ogpt,flaming-codes,1,0,0,0,0,0,0,0,0,0,0,0,0,0,[1]
h2oai/h2ogpt,Eimaen,1,0,0,0,0,0,0,0,0,0,0,0,0,0,[1]
h2oai/h2ogpt,jasonsting,1,0,0,0,0,0,0,0,0,0,0,0,0,0,[1]
h2oai/h2ogpt,Yuan-ManX,1,0,0,0,0,0,0,0,0,0,0,0,0,0,[1]
h2oai/h2ogpt,goredhawk,1,0,0,0,0,0,0,0,0,0,0,0,0,0,[1]
h2oai/h2ogpt,Daniel-Xu,1,0,0,0,0,0,0,0,0,0,0,0,0,0,[1]
h2oai/h2ogpt,surtucoita,0,1,0,0,0,0,0,0,0,0,0,0,0,0,[1]
h2oai/h2ogpt,CoderWithaBoner,1,0,0,0,0,0,0,0,0,0,0,0,0,0,[1]
h2oai/h2ogpt,00-Python,1,0,0,0,0,0,0,0,0,0,0,0,0,0,[1]
h2oai/h2ogpt,mjebalidev,1,0,0,0,0,0,0,0,0,0,0,0,0,0,[1]
h2oai/h2ogpt,ertyuui23,0,1,0,0,0,0,0,0,0,0,0,0,0,0,[1]
h2oai/h2ogpt,AYapejian,1,0,0,0,0,0,0,0,0,0,0,0,0,0,[1]
h2oai/h2ogpt,WEDFCVDV23,0,1,0,0,0,0,0,0,0,0,0,0,0,0,[1]
h2oai/h2ogpt,smartnikocj,1,0,0,0,0,0,0,0,0,0,0,0,0,0,[1]
h2oai/h2ogpt,larryeppes,1,0,0,0,0,0,0,0,0,0,0,0,0,0,[1]
h2oai/h2ogpt,desiiim,1,0,0,0,0,0,0,0,0,0,0,0,0,0,[1]
h2oai/h2ogpt,bmnnnkls,0,1,0,0,0,0,0,0,0,0,0,0,0,0,[1]
h2oai/h2ogpt,onderbrnc,1,0,0,0,0,0,0,0,0,0,0,0,0,0,[1]
h2oai/h2ogpt,wjiang,1,0,0,0,0,0,0,0,0,0,0,0,0,0,[1]
h2oai/h2ogpt,oojBuffalo,1,0,0,0,0,0,0,0,0,0,0,0,0,0,[1]
h2oai/h2ogpt,JJ113355,1,0,0,0,0,0,0,0,0,0,0,0,0,0,[1]
h2oai/h2ogpt,cainarthur,1,0,0,0,0,0,0,0,0,0,0,0,0,0,[1]
h2oai/h2ogpt,softwareByAndi,1,0,0,0,0,0,0,0,0,0,0,0,0,0,[1]
h2oai/h2ogpt,maximkhatskevich,1,0,0,0,0,0,0,0,0,0,0,0,0,0,[1]
h2oai/h2ogpt,mehboob-dev,1,0,0,0,0,0,0,0,0,0,0,0,0,0,[1]
h2oai/h2ogpt,tiagotcunha,1,0,0,0,0,0,0,0,0,0,0,0,0,0,[1]
h2oai/h2ogpt,koji,1,0,0,0,0,0,0,0,0,0,0,0,0,0,[1]
h2oai/h2ogpt,naivar68,1,0,0,0,0,0,0,0,0,0,0,0,0,0,[1]
h2oai/h2ogpt,zhaozhongke,1,0,0,0,0,0,0,0,0,0,0,0,0,0,[1]
h2oai/h2ogpt,huahuaqyuan,0,1,0,0,0,0,0,0,0,0,0,0,0,0,[1]
h2oai/h2ogpt,yezert,1,0,0,0,0,0,0,0,0,0,0,0,0,0,[1]
h2oai/h2ogpt,yuanyituanewe,0,1,0,0,0,0,0,0,0,0,0,0,0,0,[1]
h2oai/h2ogpt,vincenthou,1,0,0,0,0,0,0,0,0,0,0,0,0,0,[1]
h2oai/h2ogpt,glmyjmkw,0,1,0,0,0,0,0,0,0,0,0,0,0,0,[1]
h2oai/h2ogpt,mertnizamoglu,1,0,0,0,0,0,0,0,0,0,0,0,0,0,[1]
h2oai/h2ogpt,furtrade,1,0,0,0,0,0,0,0,0,0,0,0,0,0,[1]
h2oai/h2ogpt,CoolProgramme,1,0,0,0,0,0,0,0,0,0,0,0,0,0,[1]
h2oai/h2ogpt,laran,1,0,0,0,0,0,0,0,0,0,0,0,0,0,[1]
h2oai/h2ogpt,ceojuverko,0,1,0,0,0,0,0,0,0,0,0,0,0,0,[1]
h2oai/h2ogpt,tdsanchez,1,0,0,0,0,0,0,0,0,0,0,0,0,0,[1]
h2oai/h2ogpt,gl292bdd,0,1,0,0,0,0,0,0,0,0,0,0,0,0,[1]
h2oai/h2ogpt,mrgoonie,1,0,0,0,0,0,0,0,0,0,0,0,0,0,[1]
h2oai/h2ogpt,LANHAO03080501415,1,0,0,0,0,0,0,0,0,0,0,0,0,0,[1]
h2oai/h2ogpt,Nostaboo,1,0,0,0,0,0,0,0,0,0,0,0,0,0,[1]
h2oai/h2ogpt,kanna420,1,0,0,0,0,0,0,0,0,0,0,0,0,0,[1]
h2oai/h2ogpt,IAmStoxe,1,0,0,0,0,0,0,0,0,0,0,0,0,0,[1]
h2oai/h2ogpt,tnv218,1,0,0,0,0,0,0,0,0,0,0,0,0,0,[1]
h2oai/h2ogpt,gmmljnlj,0,1,0,0,0,0,0,0,0,0,0,0,0,0,[1]
h2oai/h2ogpt,sterl27,1,0,0,0,0,0,0,0,0,0,0,0,0,0,[1]
h2oai/h2ogpt,ziloka,1,0,0,0,0,0,0,0,0,0,0,0,0,0,[1]
h2oai/h2ogpt,w276549916,1,0,0,0,0,0,0,0,0,0,0,0,0,0,[1]
h2oai/h2ogpt,caedivamo,0,1,0,0,0,0,0,0,0,0,0,0,0,0,[1]
h2oai/h2ogpt,1congnaOtempyu,0,1,0,0,0,0,0,0,0,0,0,0,0,0,[1]
h2oai/h2ogpt,dochang,1,0,0,0,0,0,0,0,0,0,0,0,0,0,[1]
h2oai/h2ogpt,dayuoba,1,0,0,0,0,0,0,0,0,0,0,0,0,0,[1]
h2oai/h2ogpt,Winver2023,1,0,0,0,0,0,0,0,0,0,0,0,0,0,[1]
h2oai/h2ogpt,gnb03kly,0,1,0,0,0,0,0,0,0,0,0,0,0,0,[1]
h2oai/h2ogpt,raulcordovagtz,1,0,0,0,0,0,0,0,0,0,0,0,0,0,[1]
h2oai/h2ogpt,smit-io,1,0,0,0,0,0,0,0,0,0,0,0,0,0,[1]
h2oai/h2ogpt,darekaze,1,0,0,0,0,0,0,0,0,0,0,0,0,0,[1]
h2oai/h2ogpt,shubham23596,1,0,0,0,0,0,0,0,0,0,0,0,0,0,[1]
h2oai/h2ogpt,gmnkawde,0,1,0,0,0,0,0,0,0,0,0,0,0,0,[1]
h2oai/h2ogpt,yuanyhuanqwe,0,1,0,0,0,0,0,0,0,0,0,0,0,0,[1]
h2oai/h2ogpt,gnoamayw,0,1,0,0,0,0,0,0,0,0,0,0,0,0,[1]
h2oai/h2ogpt,gnmdcozy,0,1,0,0,0,0,0,0,0,0,0,0,0,0,[1]
h2oai/h2ogpt,goanjuml,0,1,0,0,0,0,0,0,0,0,0,0,0,0,[1]
h2oai/h2ogpt,quanyuanyiyi,0,1,0,0,0,0,0,0,0,0,0,0,0,0,[1]
h2oai/h2ogpt,ifbitcoinsupimup,1,0,0,0,0,0,0,0,0,0,0,0,0,0,[1]
h2oai/h2ogpt,ChanduCharan,1,0,0,0,0,0,0,0,0,0,0,0,0,0,[1]
h2oai/h2ogpt,qwweweqw,0,1,0,0,0,0,0,0,0,0,0,0,0,0,[1]
h2oai/h2ogpt,Sqlver,1,0,0,0,0,0,0,0,0,0,0,0,0,0,[1]
h2oai/h2ogpt,YUANHUAYUER,0,1,0,0,0,0,0,0,0,0,0,0,0,0,[1]
h2oai/h2ogpt,rehypothecation,1,0,0,0,0,0,0,0,0,0,0,0,0,0,[1]
h2oai/h2ogpt,KevinMyDing,1,0,0,0,0,0,0,0,0,0,0,0,0,0,[1]
h2oai/h2ogpt,randomloops,1,0,0,0,0,0,0,0,0,0,0,0,0,0,[1]
h2oai/h2ogpt,go3tg4y3,0,1,0,0,0,0,0,0,0,0,0,0,0,0,[1]
h2oai/h2ogpt,helenbarbara,0,1,0,0,0,0,0,0,0,0,0,0,0,0,[1]
h2oai/h2ogpt,hypnobupyc,0,1,0,0,0,0,0,0,0,0,0,0,0,0,[1]
h2oai/h2ogpt,YUANHUWE234,0,1,0,0,0,0,0,0,0,0,0,0,0,0,[1]
h2oai/h2ogpt,gnobfsrr,0,1,0,0,0,0,0,0,0,0,0,0,0,0,[1]
h2oai/h2ogpt,yuantuianweq,0,1,0,0,0,0,0,0,0,0,0,0,0,0,[1]
h2oai/h2ogpt,akrmkrmo14,1,0,0,0,0,0,0,0,0,0,0,0,0,0,[1]
h2oai/h2ogpt,gocbalwh,0,1,0,0,0,0,0,0,0,0,0,0,0,0,[1]
h2oai/h2ogpt,gk93wp2q,0,1,0,0,0,0,0,0,0,0,0,0,0,0,[1]
h2oai/h2ogpt,N4v41,1,0,0,0,0,0,0,0,0,0,0,0,0,0,[1]
h2oai/h2ogpt,Hebrh,1,0,0,0,0,0,0,0,0,0,0,0,0,0,[1]
h2oai/h2ogpt,vbpns,1,0,0,0,0,0,0,0,0,0,0,0,0,0,[1]
h2oai/h2ogpt,yiyuanyang,1,0,0,0,0,0,0,0,0,0,0,0,0,0,[1]
h2oai/h2ogpt,extremecoders-re,1,0,0,0,0,0,0,0,0,0,0,0,0,0,[1]
h2oai/h2ogpt,itsn78,1,0,0,0,0,0,0,0,0,0,0,0,0,0,[1]
h2oai/h2ogpt,gpfeqbzy,0,1,0,0,0,0,0,0,0,0,0,0,0,0,[1]
h2oai/h2ogpt,gq11g12s,0,1,0,0,0,0,0,0,0,0,0,0,0,0,[1]
h2oai/h2ogpt,Vaibhav091416,1,0,0,0,0,0,0,0,0,0,0,0,0,0,[1]
h2oai/h2ogpt,nrmsnbl,1,0,0,0,0,0,0,0,0,0,0,0,0,0,[1]
h2oai/h2ogpt,SykoActive,1,0,0,0,0,0,0,0,0,0,0,0,0,0,[1]
h2oai/h2ogpt,himanshu-my,1,0,0,0,0,0,0,0,0,0,0,0,0,0,[1]
h2oai/h2ogpt,ROMANVIKI,0,1,0,0,0,0,0,0,0,0,0,0,0,0,[1]
h2oai/h2ogpt,yanghaies,1,0,0,0,0,0,0,0,0,0,0,0,0,0,[1]
h2oai/h2ogpt,a5723797,1,0,0,0,0,0,0,0,0,0,0,0,0,0,[1]
h2oai/h2ogpt,ahmadaIanazi,1,0,0,0,0,0,0,0,0,0,0,0,0,0,[1]
h2oai/h2ogpt,loongmxbt,1,0,0,0,0,0,0,0,0,0,0,0,0,0,[1]
h2oai/h2ogpt,edwardmika44,1,0,0,0,0,0,0,0,0,0,0,0,0,0,[1]
h2oai/h2ogpt,teality,0,1,0,0,0,0,0,0,0,0,0,0,0,0,[1]
h2oai/h2ogpt,wysstartgo,1,0,0,0,0,0,0,0,0,0,0,0,0,0,[1]
h2oai/h2ogpt,sahikagulay42,1,1,0,0,0,0,0,0,0,0,0,0,0,0,[2]
h2oai/h2ogpt,daalgi,1,0,0,0,0,0,0,0,0,0,0,0,0,0,[1]
h2oai/h2ogpt,jxsd1234a,1,0,0,0,0,0,0,0,0,0,0,0,0,0,[1]
h2oai/h2ogpt,ChowSam001,0,1,0,0,0,0,0,0,0,0,0,0,0,0,[1]
h2oai/h2ogpt,busccacon,1,0,0,0,0,0,0,0,0,0,0,0,0,0,[1]
h2oai/h2ogpt,alpertd06,1,0,0,0,0,0,0,0,0,0,0,0,0,0,[1]
h2oai/h2ogpt,valkuda,1,0,0,0,0,0,0,0,0,0,0,0,0,0,[1]
h2oai/h2ogpt,jack003007,1,0,0,0,0,0,0,0,0,0,0,0,0,0,[1]
h2oai/h2ogpt,gpjwwjna,0,1,0,0,0,0,0,0,0,0,0,0,0,0,[1]
h2oai/h2ogpt,gqfwwheo,0,1,0,0,0,0,0,0,0,0,0,0,0,0,[1]
h2oai/h2ogpt,zeynephulay,1,1,0,0,0,0,0,0,0,0,0,0,0,0,[2]
h2oai/h2ogpt,duhow,1,0,0,0,0,0,0,0,0,0,0,0,0,0,[1]
h2oai/h2ogpt,Barbara0Barbara,0,1,0,0,0,0,0,0,0,0,0,0,0,0,[1]
h2oai/h2ogpt,66home,1,0,0,0,0,0,0,0,0,0,0,0,0,0,[1]
h2oai/h2ogpt,gqgffggu,0,1,0,0,0,0,0,0,0,0,0,0,0,0,[1]
h2oai/h2ogpt,gqvxdses,0,1,0,0,0,0,0,0,0,0,0,0,0,0,[1]
h2oai/h2ogpt,mdic,1,0,0,0,0,0,0,0,0,0,0,0,0,0,[1]
h2oai/h2ogpt,estebancalabria,1,0,0,0,0,0,0,0,0,0,0,0,0,0,[1]
h2oai/h2ogpt,laoyao166,0,1,0,0,0,0,0,0,0,0,0,0,0,0,[1]
h2oai/h2ogpt,LovelyBika,1,0,0,0,0,0,0,0,0,0,0,0,0,0,[1]
h2oai/h2ogpt,wy-luke,1,0,0,0,0,0,0,0,0,0,0,0,0,0,[1]
h2oai/h2ogpt,Maezha91,1,0,0,0,0,0,0,0,0,0,0,0,0,0,[1]
h2oai/h2ogpt,ben-gineering,1,0,0,0,0,0,0,0,0,0,0,0,0,0,[1]
h2oai/h2ogpt,holmofy,1,0,0,0,0,0,0,0,0,0,0,0,0,0,[1]
h2oai/h2ogpt,Chen-tao,1,0,0,0,0,0,0,0,0,0,0,0,0,0,[1]
h2oai/h2ogpt,IfraSa,1,0,0,0,0,0,0,0,0,0,0,0,0,0,[1]
h2oai/h2ogpt,rizwanyuniarto,1,0,0,0,0,0,0,0,0,0,0,0,0,0,[1]
h2oai/h2ogpt,gqpdjiih,0,1,0,0,0,0,0,0,0,0,0,0,0,0,[1]
h2oai/h2ogpt,gpprs72n,0,1,0,0,0,0,0,0,0,0,0,0,0,0,[1]
h2oai/h2ogpt,MarkVillacampa,1,0,0,0,0,0,0,0,0,0,0,0,0,0,[1]
h2oai/h2ogpt,gr84ftgb,0,1,0,0,0,0,0,0,0,0,0,0,0,0,[1]
h2oai/h2ogpt,gqgevvsq,0,1,0,0,0,0,0,0,0,0,0,0,0,0,[1]
h2oai/h2ogpt,gamerfan82,1,0,0,0,0,0,0,0,0,0,0,0,0,0,[1]
h2oai/h2ogpt,lewis-ing,1,0,0,0,0,0,0,0,0,0,0,0,0,0,[1]
h2oai/h2ogpt,cgaolei,1,0,0,0,0,0,0,0,0,0,0,0,0,0,[1]
h2oai/h2ogpt,alexeyshurygin,1,0,0,0,0,0,0,0,0,0,0,0,0,0,[1]
h2oai/h2ogpt,Xhehab,1,0,0,0,0,0,0,0,0,0,0,0,0,0,[1]
