danielgatis/rembg,zhangziliang04,0,1,0,0,0,0,0,0,0,0,0,0,0,0,[1]
danielgatis/rembg,giuix,1,0,0,0,0,0,0,0,0,0,0,0,0,0,[1]
danielgatis/rembg,HUNTERI73I,1,0,0,0,0,0,0,0,0,0,0,0,0,0,[1]
danielgatis/rembg,Piyush-k-singh,0,1,0,0,0,0,0,0,0,0,0,0,0,0,[1]
danielgatis/rembg,pean1128,0,1,0,0,0,0,0,0,0,0,0,0,0,0,[1]
danielgatis/rembg,zacswider,1,0,0,0,0,0,0,0,0,0,0,0,0,0,[1]
danielgatis/rembg,therestlife,1,0,0,0,0,0,0,0,0,0,0,0,0,0,[1]
danielgatis/rembg,sasankaweera123,1,0,0,0,0,0,0,0,0,0,0,0,0,0,[1]
danielgatis/rembg,jerichosy,1,0,0,0,0,0,0,0,0,0,0,0,0,0,[1]
danielgatis/rembg,isabellafero,1,0,0,0,0,0,0,0,0,0,0,0,0,0,[1]
danielgatis/rembg,amrrs,1,0,0,0,0,0,0,0,0,0,0,0,0,0,[1]
danielgatis/rembg,SHakhzodTojiyev,1,0,0,0,0,0,0,0,0,0,0,0,0,0,[1]
danielgatis/rembg,leoneversberg,1,0,0,0,0,0,0,0,0,0,0,0,0,0,[1]
danielgatis/rembg,yamadaaki,0,1,0,0,0,0,0,0,0,0,0,0,0,0,[1]
danielgatis/rembg,rafaelpadilla,1,0,0,0,0,0,0,0,0,0,0,0,0,0,[1]
danielgatis/rembg,nqdat2002,0,1,0,0,0,0,0,0,0,0,0,0,0,0,[1]
danielgatis/rembg,Vlad-Lucky,1,0,0,0,0,0,0,0,0,0,0,0,0,0,[1]
danielgatis/rembg,vishaal27,1,0,0,0,0,0,0,0,0,0,0,0,0,0,[1]
danielgatis/rembg,eveadam0606,1,0,0,0,0,0,0,0,0,0,0,0,0,0,[1]
danielgatis/rembg,github-actions[bot],0,0,1,0,0,0,0,0,0,0,0,0,0,0,[1]
danielgatis/rembg,tommy13579,0,1,0,0,0,0,0,0,0,0,0,0,0,0,[1]
danielgatis/rembg,ShubhamPatilGauss,1,0,0,0,0,0,0,0,0,0,0,0,0,0,[1]
danielgatis/rembg,psychelzh,1,0,0,0,0,0,0,0,0,0,0,0,0,0,[1]
danielgatis/rembg,ThigSchuch,1,0,0,0,0,0,0,0,0,0,0,0,0,0,[1]
danielgatis/rembg,thanhtrung01,1,1,0,0,0,0,0,0,0,0,0,0,0,0,[2]
danielgatis/rembg,silver0510,0,1,0,0,0,0,0,0,0,0,0,0,0,0,[1]
danielgatis/rembg,calidoso,1,0,0,0,0,0,0,0,0,0,0,0,0,0,[1]
danielgatis/rembg,mobayashi,1,0,0,0,0,0,0,0,0,0,0,0,0,0,[1]
danielgatis/rembg,wuyeguangming,1,0,0,0,0,0,0,0,0,0,0,0,0,0,[1]
danielgatis/rembg,brandnewx,2,1,0,0,0,0,0,0,0,0,0,0,0,0,[3]
danielgatis/rembg,jiahao1553,1,0,0,0,0,0,0,0,0,0,0,0,0,0,[1]
danielgatis/rembg,timkofu,1,0,0,0,0,0,0,0,0,0,0,0,0,0,[1]
danielgatis/rembg,hieptran1812,1,0,0,0,0,0,0,0,0,0,0,0,0,0,[1]
danielgatis/rembg,Afridi465,1,0,0,0,0,0,0,0,0,0,0,0,0,0,[1]
danielgatis/rembg,KiNGxMiDAS,1,0,0,0,0,0,0,0,0,0,0,0,0,0,[1]
danielgatis/rembg,TirendazAcademy,1,0,0,0,0,0,0,0,0,0,0,0,0,0,[1]
danielgatis/rembg,octavflorescu,1,0,0,0,0,0,0,0,0,0,0,0,0,0,[1]
danielgatis/rembg,andreasagap,1,0,0,0,0,0,0,0,0,0,0,0,0,0,[1]
danielgatis/rembg,MCKanpolat,1,0,0,0,0,0,0,0,0,0,0,0,0,0,[1]
danielgatis/rembg,sbairagi,0,0,1,0,0,0,0,0,0,0,0,0,0,0,[1]
danielgatis/rembg,Xthkeer,1,0,0,0,0,0,0,0,0,0,0,0,0,0,[1]
danielgatis/rembg,brerdem,1,0,0,0,0,0,0,0,0,0,0,0,0,0,[1]
danielgatis/rembg,v-trungdt21,1,0,0,0,0,0,0,0,0,0,0,0,0,0,[1]
danielgatis/rembg,equisele,1,0,0,0,0,0,0,0,0,0,0,0,0,0,[1]
danielgatis/rembg,lichenganlike,1,0,0,0,0,0,0,0,0,0,0,0,0,0,[1]
danielgatis/rembg,MoebiusCh,1,0,0,0,0,0,0,0,0,0,0,0,0,0,[1]
danielgatis/rembg,gavrielfinatti,1,0,0,0,0,0,0,0,0,0,0,0,0,0,[1]
danielgatis/rembg,Zoro1207,0,1,0,0,0,0,0,0,0,0,0,0,0,0,[1]
danielgatis/rembg,techthiyanes,0,1,0,0,0,0,0,0,0,0,0,0,0,0,[1]
danielgatis/rembg,JeOam,1,0,0,0,0,0,0,0,0,0,0,0,0,0,[1]
danielgatis/rembg,Longgz,1,0,0,0,0,0,0,0,0,0,0,0,0,0,[1]
danielgatis/rembg,outlawever,1,0,0,0,0,0,0,0,0,0,0,0,0,0,[1]
danielgatis/rembg,konjluu,1,0,0,0,0,0,0,0,0,0,0,0,0,0,[1]
danielgatis/rembg,muhibbudins,1,0,0,0,0,0,0,0,0,0,0,0,0,0,[1]
danielgatis/rembg,p-i-c-o,1,0,0,0,0,0,0,0,0,0,0,0,0,0,[1]
danielgatis/rembg,learnbasicsfun,1,0,0,0,0,0,0,0,0,0,0,0,0,0,[1]
danielgatis/rembg,Franky1,1,0,0,0,0,0,0,0,0,0,0,0,0,0,[1]
danielgatis/rembg,Ras-Py,1,0,0,0,0,0,0,0,0,0,0,0,0,0,[1]
danielgatis/rembg,laclouis5,1,0,0,0,0,0,0,0,0,0,0,0,0,0,[1]
danielgatis/rembg,jrrodri,0,1,0,0,0,0,0,0,0,0,0,0,0,0,[1]
danielgatis/rembg,yar3333,0,1,0,0,0,0,0,0,0,0,0,0,0,0,[1]
danielgatis/rembg,omar16100,1,0,0,0,0,0,0,0,0,0,0,0,0,0,[1]
danielgatis/rembg,craghawk,1,0,0,0,0,0,0,0,0,0,0,0,0,0,[1]
danielgatis/rembg,sebastiancepeda,1,0,0,0,0,0,0,0,0,0,0,0,0,0,[1]
danielgatis/rembg,it985,1,0,0,0,0,0,0,0,0,0,0,0,0,0,[1]
danielgatis/rembg,RicardoMMD,0,1,0,0,0,0,0,0,0,0,0,0,0,0,[1]
danielgatis/rembg,zhijianli,1,0,0,0,0,0,0,0,0,0,0,0,0,0,[1]
danielgatis/rembg,igormp,1,0,0,0,0,0,0,0,0,0,0,0,0,0,[1]
danielgatis/rembg,imzhangkebetter,1,0,0,0,0,0,0,0,0,0,0,0,0,0,[1]
danielgatis/rembg,yingke,1,0,0,0,0,0,0,0,0,0,0,0,0,0,[1]
danielgatis/rembg,DemiKam,0,1,0,0,0,0,0,0,0,0,0,0,0,0,[1]
danielgatis/rembg,fengdexunmi,1,0,0,0,0,0,0,0,0,0,0,0,0,0,[1]
danielgatis/rembg,daniele-salerno,1,0,0,0,0,0,0,0,0,0,0,0,0,0,[1]
danielgatis/rembg,HywelXu,1,0,0,0,0,0,0,0,0,0,0,0,0,0,[1]
danielgatis/rembg,miaowu99,0,1,0,0,0,0,0,0,0,0,0,0,0,0,[1]
danielgatis/rembg,dmoklaf,0,0,1,0,0,0,0,0,0,0,0,0,0,0,[1]
danielgatis/rembg,sywh,1,0,0,0,0,0,0,0,0,0,0,0,0,0,[1]
danielgatis/rembg,Jinrunya,1,0,0,0,0,0,0,0,0,0,0,0,0,0,[1]
danielgatis/rembg,borkasm,1,0,0,0,0,0,0,0,0,0,0,0,0,0,[1]
danielgatis/rembg,Checkroth,1,0,0,0,0,0,0,0,0,0,0,0,0,0,[1]
danielgatis/rembg,portrayer,1,0,0,0,0,0,0,0,0,0,0,0,0,0,[1]
danielgatis/rembg,muzetv,0,1,0,0,0,0,0,0,0,0,0,0,0,0,[1]
danielgatis/rembg,jordanlepera,1,0,0,0,0,0,0,0,0,0,0,0,0,0,[1]
danielgatis/rembg,prappo,1,0,0,0,0,0,0,0,0,0,0,0,0,0,[1]
danielgatis/rembg,shamimurrahman19,1,0,0,0,0,0,0,0,0,0,0,0,0,0,[1]
danielgatis/rembg,lianchan,1,0,0,0,0,0,0,0,0,0,0,0,0,0,[1]
danielgatis/rembg,Develastix,1,0,0,0,0,0,0,0,0,0,0,0,0,0,[1]
danielgatis/rembg,Erickesau,0,0,0,0,0,3,0,0,0,0,0,0,0,0,[3]
danielgatis/rembg,art-kor,1,0,0,0,0,0,0,0,0,0,0,0,0,0,[1]
danielgatis/rembg,GlassGruber,1,0,0,0,0,0,0,0,0,0,0,0,0,0,[1]
danielgatis/rembg,BeamingBear,1,0,0,0,0,0,0,0,0,0,0,0,0,0,[1]
danielgatis/rembg,gassenmj,1,0,0,0,0,0,0,0,0,0,0,0,0,0,[1]
danielgatis/rembg,koji,1,0,0,0,0,0,0,0,0,0,0,0,0,0,[1]
danielgatis/rembg,hayashihuu,1,0,0,0,0,0,0,0,0,0,0,0,0,0,[1]
danielgatis/rembg,bupthcp,1,0,0,0,0,0,0,0,0,0,0,0,0,0,[1]
danielgatis/rembg,netzwerch,1,0,0,0,0,0,0,0,0,0,0,0,0,0,[1]
danielgatis/rembg,metaworm,1,0,0,0,0,0,0,0,0,0,0,0,0,0,[1]
danielgatis/rembg,SandaruwanFdo,1,0,0,0,0,0,0,0,0,0,0,0,0,0,[1]
danielgatis/rembg,ducla-maxmobile,1,1,0,0,0,0,0,0,0,0,0,0,0,0,[2]
danielgatis/rembg,HoloborodkoBohdan,1,0,0,0,0,0,0,0,0,0,0,0,0,0,[1]
danielgatis/rembg,PushpakBhoge512,1,0,0,0,0,0,0,0,0,0,0,0,0,0,[1]
danielgatis/rembg,AlbertoLanaro,1,0,0,0,0,0,0,0,0,0,0,0,0,0,[1]
danielgatis/rembg,adiprass28,1,0,0,0,0,0,0,0,0,0,0,0,0,0,[1]
danielgatis/rembg,vic4key,1,0,0,0,0,0,0,0,0,0,0,0,0,0,[1]
danielgatis/rembg,vn-os,0,1,0,0,0,0,0,0,0,0,0,0,0,0,[1]
danielgatis/rembg,nitinthewiz,1,0,0,0,0,0,0,0,0,0,0,0,0,0,[1]
danielgatis/rembg,lamhoangtung,1,0,0,0,0,0,0,0,0,0,0,0,0,0,[1]
danielgatis/rembg,Amin-Tgz,1,0,0,0,0,0,0,0,0,0,0,0,0,0,[1]
danielgatis/rembg,sergiuoprea,1,0,0,0,0,0,0,0,0,0,0,0,0,0,[1]
danielgatis/rembg,smjure,1,0,0,0,0,0,0,0,0,0,0,0,0,0,[1]
danielgatis/rembg,RCristiano,1,0,0,0,0,0,0,0,0,0,0,0,0,0,[1]
danielgatis/rembg,bartdegoede,1,0,0,0,0,0,0,0,0,0,0,0,0,0,[1]
danielgatis/rembg,HongfaZhao,1,0,0,0,0,0,0,0,0,0,0,0,0,0,[1]
danielgatis/rembg,R1ddles,1,0,0,0,0,0,0,0,0,0,0,0,0,0,[1]
danielgatis/rembg,StarrFox,1,0,0,0,0,0,0,0,0,0,0,0,0,0,[1]
danielgatis/rembg,bicarrio,1,0,0,0,0,0,0,0,0,0,0,0,0,0,[1]
danielgatis/rembg,vuthea,1,0,0,0,0,0,0,0,0,0,0,0,0,0,[1]
danielgatis/rembg,aakash30jan,0,1,0,0,0,0,0,0,0,0,0,0,0,0,[1]
danielgatis/rembg,tazna,1,0,0,0,0,0,0,0,0,0,0,0,0,0,[1]
danielgatis/rembg,cbhcbhcbh,1,0,0,0,0,0,0,0,0,0,0,0,0,0,[1]
danielgatis/rembg,YoanGab,1,0,0,0,0,0,0,0,0,0,0,0,0,0,[1]
danielgatis/rembg,jordan-pierre,1,0,0,0,0,0,0,0,0,0,0,0,0,0,[1]
danielgatis/rembg,SCK22,1,0,0,0,0,0,0,0,0,0,0,0,0,0,[1]
danielgatis/rembg,micmarty,1,0,0,0,0,0,0,0,0,0,0,0,0,0,[1]
danielgatis/rembg,senthilnayagam,1,0,0,0,0,0,0,0,0,0,0,0,0,0,[1]
danielgatis/rembg,refl3ction,1,0,0,0,0,0,0,0,0,0,0,0,0,0,[1]
danielgatis/rembg,specbiz-dev,1,0,0,0,0,0,0,0,0,0,0,0,0,0,[1]
danielgatis/rembg,dhuckins,1,0,0,0,0,0,0,0,0,0,0,0,0,0,[1]
danielgatis/rembg,tensorboy,1,0,0,0,0,0,0,0,0,0,0,0,0,0,[1]
danielgatis/rembg,iamkamleshrangi,0,1,0,0,0,0,0,0,0,0,0,0,0,0,[1]
danielgatis/rembg,tisoap,1,0,0,0,0,0,0,0,0,0,0,0,0,0,[1]
danielgatis/rembg,Vicky2618,1,0,0,0,0,0,0,0,0,0,0,0,0,0,[1]
danielgatis/rembg,liangying-Ke,1,0,0,0,0,0,0,0,0,0,0,0,0,0,[1]
danielgatis/rembg,dA505819,1,1,0,0,0,0,0,0,0,0,0,0,0,0,[2]
danielgatis/rembg,rzashakeri,1,0,0,0,0,0,0,0,0,0,0,0,0,0,[1]
danielgatis/rembg,arseniov,1,0,0,0,0,0,0,0,0,0,0,0,0,0,[1]
danielgatis/rembg,pompel123,1,0,0,0,0,0,0,0,0,0,0,0,0,0,[1]
danielgatis/rembg,ArturJS,1,0,0,0,0,0,0,0,0,0,0,0,0,0,[1]
danielgatis/rembg,pchandrasekaran1595,1,0,0,0,0,0,0,0,0,0,0,0,0,0,[1]
danielgatis/rembg,allangrds,1,0,0,0,0,0,0,0,0,0,0,0,0,0,[1]
danielgatis/rembg,kendellfab,1,0,0,0,0,0,0,0,0,0,0,0,0,0,[1]
danielgatis/rembg,ZQZ44,1,0,0,0,0,0,0,0,0,0,0,0,0,0,[1]
danielgatis/rembg,prachikolte09,1,0,0,0,0,0,0,0,0,0,0,0,0,0,[1]
danielgatis/rembg,appleboy,1,0,0,0,0,0,0,0,0,0,0,0,0,0,[1]
danielgatis/rembg,djswzw,1,0,0,0,0,0,0,0,0,0,0,0,0,0,[1]
danielgatis/rembg,ccl0326,1,0,0,0,0,0,0,0,0,0,0,0,0,0,[1]
danielgatis/rembg,NeroCube,1,0,0,0,0,0,0,0,0,0,0,0,0,0,[1]
danielgatis/rembg,stevenferrer,1,0,0,0,0,0,0,0,0,0,0,0,0,0,[1]
danielgatis/rembg,elonzh,1,0,0,0,0,0,0,0,0,0,0,0,0,0,[1]
danielgatis/rembg,jinfagang,1,0,0,0,0,0,0,0,0,0,0,0,0,0,[1]
danielgatis/rembg,grtfou,1,0,0,0,0,0,0,0,0,0,0,0,0,0,[1]
danielgatis/rembg,s-weigand,1,0,0,0,0,0,0,0,0,0,0,0,0,0,[1]
danielgatis/rembg,Xexanoath,1,0,0,0,0,0,0,0,0,0,0,0,0,0,[1]
danielgatis/rembg,teh-cmc,1,0,0,0,0,0,0,0,0,0,0,0,0,0,[1]
danielgatis/rembg,timonwong,1,0,0,0,0,0,0,0,0,0,0,0,0,0,[1]
danielgatis/rembg,dnth,1,0,0,0,0,0,0,0,0,0,0,0,0,0,[1]
danielgatis/rembg,SeanLee97,1,0,0,0,0,0,0,0,0,0,0,0,0,0,[1]
danielgatis/rembg,ykk648,1,0,0,0,0,0,0,0,0,0,0,0,0,0,[1]
danielgatis/rembg,oguzhankiyar,1,0,0,0,0,0,0,0,0,0,0,0,0,0,[1]
danielgatis/rembg,dklesev,1,0,0,0,0,0,0,0,0,0,0,0,0,0,[1]
danielgatis/rembg,wellwind,1,0,0,0,0,0,0,0,0,0,0,0,0,0,[1]
danielgatis/rembg,MaybeShewill-CV,1,0,0,0,0,0,0,0,0,0,0,0,0,0,[1]
danielgatis/rembg,lzmisscc,1,0,0,0,0,0,0,0,0,0,0,0,0,0,[1]
danielgatis/rembg,dodo-Riley,1,0,0,0,0,0,0,0,0,0,0,0,0,0,[1]
danielgatis/rembg,Zessay,1,0,0,0,0,0,0,0,0,0,0,0,0,0,[1]
danielgatis/rembg,obedpuerta,1,0,0,0,0,0,0,0,0,0,0,0,0,0,[1]
danielgatis/rembg,Abefocuson,1,0,0,0,0,0,0,0,0,0,0,0,0,0,[1]
danielgatis/rembg,HelKyle,1,0,0,0,0,0,0,0,0,0,0,0,0,0,[1]
danielgatis/rembg,victorhugommf,1,0,0,0,0,0,0,0,0,0,0,0,0,0,[1]
danielgatis/rembg,cvlzw,1,0,0,0,0,0,0,0,0,0,0,0,0,0,[1]
danielgatis/rembg,jiaym1986,1,0,0,0,0,0,0,0,0,0,0,0,0,0,[1]
danielgatis/rembg,souravjamwal77,1,0,0,0,0,0,0,0,0,0,0,0,0,0,[1]
danielgatis/rembg,yohanes,1,0,0,0,0,0,0,0,0,0,0,0,0,0,[1]
danielgatis/rembg,shreyash8,0,0,2,2,0,0,0,0,0,0,0,0,0,0,[4]
danielgatis/rembg,oguzhan-yilmaz,1,0,0,0,0,0,0,0,0,0,0,0,0,0,[1]
danielgatis/rembg,gracefullight,1,0,0,0,0,0,0,0,0,0,0,0,0,0,[1]
danielgatis/rembg,alihan-ozturk,1,0,0,0,0,0,0,0,0,0,0,0,0,0,[1]
danielgatis/rembg,khurramHashmi,0,1,0,0,0,0,0,0,0,0,0,0,0,0,[1]
danielgatis/rembg,Panda201605,1,0,0,0,0,0,0,0,0,0,0,0,0,0,[1]
danielgatis/rembg,indaneey,1,0,0,0,0,0,0,0,0,0,0,0,0,0,[1]
danielgatis/rembg,kaihendry,1,0,0,0,0,0,0,0,0,0,0,0,0,0,[1]
danielgatis/rembg,MahouShoujoMivutilde,1,0,0,0,0,0,0,0,0,0,0,0,0,0,[1]
danielgatis/rembg,JChav02,1,0,0,0,0,0,0,0,0,0,0,0,0,0,[1]
danielgatis/rembg,githubBingoChen,1,0,0,0,0,0,0,0,0,0,0,0,0,0,[1]
danielgatis/rembg,symBroseph,1,0,0,0,0,0,0,0,0,0,0,0,0,0,[1]
danielgatis/rembg,AdelKS,1,0,0,0,0,0,0,0,0,0,0,0,0,0,[1]
danielgatis/rembg,thefeymesaleng,3,0,0,0,0,0,0,0,0,0,0,0,0,0,[3]
danielgatis/rembg,elsucht,1,0,0,0,0,0,0,0,0,0,0,0,0,0,[1]
danielgatis/rembg,kiyeonk,1,0,0,0,0,0,0,0,0,0,0,0,0,0,[1]
danielgatis/rembg,michaelfyc,1,0,0,0,0,0,0,0,0,0,0,0,0,0,[1]
danielgatis/rembg,somum,0,0,0,1,0,0,0,0,0,0,0,0,0,0,[1]
danielgatis/rembg,dandumit,0,0,1,1,0,0,0,0,0,0,0,0,0,0,[2]
danielgatis/rembg,SUPERRZZ,1,0,0,0,0,0,0,0,0,0,0,0,0,0,[1]
danielgatis/rembg,ezeql,1,0,0,0,0,0,0,0,0,0,0,0,0,0,[1]
danielgatis/rembg,Jeffrey-mu,1,0,0,0,0,0,0,0,0,0,0,0,0,0,[1]
danielgatis/rembg,d8349565,1,0,0,0,0,0,0,0,0,0,0,0,0,0,[1]
danielgatis/rembg,chelsea456,0,0,1,0,0,0,0,0,0,0,0,0,0,0,[1]
danielgatis/rembg,SUKANTHEN,1,0,0,0,0,0,0,0,0,0,0,0,0,0,[1]
danielgatis/rembg,kevincantstop,1,0,0,0,0,0,0,0,0,0,0,0,0,0,[1]
danielgatis/rembg,j40903272,1,0,0,0,0,0,0,0,0,0,0,0,0,0,[1]
danielgatis/rembg,metayoung,1,0,0,0,0,0,0,0,0,0,0,0,0,0,[1]
danielgatis/rembg,piyushagni5,0,1,0,0,0,0,0,0,0,0,0,0,0,0,[1]
danielgatis/rembg,cedrickchee,1,0,0,0,0,0,0,0,0,0,0,0,0,0,[1]
danielgatis/rembg,ubeydemavus,0,1,0,0,0,0,0,0,0,0,0,0,0,0,[1]
danielgatis/rembg,mcastriani,1,0,0,0,0,0,0,0,0,0,0,0,0,0,[1]
danielgatis/rembg,fatelei,1,0,0,0,0,0,0,0,0,0,0,0,0,0,[1]
danielgatis/rembg,kahyabatuhan,1,0,0,0,0,0,0,0,0,0,0,0,0,0,[1]
danielgatis/rembg,tahtaciburak,1,0,0,0,0,0,0,0,0,0,0,0,0,0,[1]
danielgatis/rembg,TainakaDrums,1,0,0,0,0,0,0,0,0,0,0,0,0,0,[1]
danielgatis/rembg,thehighestend,1,0,0,0,0,0,0,0,0,0,0,0,0,0,[1]
danielgatis/rembg,PhilosophersStone,1,0,0,0,0,0,0,0,0,0,0,0,0,0,[1]
danielgatis/rembg,xenokratos,1,0,0,0,0,0,0,0,0,0,0,0,0,0,[1]
danielgatis/rembg,Abeautifulsnow,1,0,0,0,0,0,0,0,0,0,0,0,0,0,[1]
danielgatis/rembg,jerry-spc,1,0,0,0,0,0,0,0,0,0,0,0,0,0,[1]
danielgatis/rembg,huwenshuo,1,0,0,0,0,0,0,0,0,0,0,0,0,0,[1]
danielgatis/rembg,devkosh,1,0,0,0,0,0,0,0,0,0,0,0,0,0,[1]
danielgatis/rembg,ajenpan,1,0,0,0,0,0,0,0,0,0,0,0,0,0,[1]
danielgatis/rembg,sebaspasker,1,0,0,0,0,0,0,0,0,0,0,0,0,0,[1]
danielgatis/rembg,chaoswey,1,0,0,0,0,0,0,0,0,0,0,0,0,0,[1]
danielgatis/rembg,ngszyba,1,0,0,0,0,0,0,0,0,0,0,0,0,0,[1]
danielgatis/rembg,radao,1,0,0,0,0,0,0,0,0,0,0,0,0,0,[1]
danielgatis/rembg,Maxnova,1,0,0,0,0,0,0,0,0,0,0,0,0,0,[1]
danielgatis/rembg,naserafn,0,1,0,0,0,0,0,0,0,0,0,0,0,0,[1]
danielgatis/rembg,dsalin,1,0,0,0,0,0,0,0,0,0,0,0,0,0,[1]
danielgatis/rembg,naoyasugita,1,0,0,0,0,0,0,0,0,0,0,0,0,0,[1]
danielgatis/rembg,laitifranz,1,0,0,0,0,0,0,0,0,0,0,0,0,0,[1]
danielgatis/rembg,bnainar,1,0,0,0,0,0,0,0,0,0,0,0,0,0,[1]
danielgatis/rembg,epsilonxe,1,0,0,0,0,0,0,0,0,0,0,0,0,0,[1]
danielgatis/rembg,matbur,1,0,0,0,0,0,0,0,0,0,0,0,0,0,[1]
danielgatis/rembg,petersonbasso,1,0,0,0,0,0,0,0,0,0,0,0,0,0,[1]
danielgatis/rembg,brunomileto,1,0,0,0,0,0,0,0,0,0,0,0,0,0,[1]
danielgatis/rembg,togaiaoi,0,0,1,0,0,0,0,0,0,0,0,0,0,0,[1]
danielgatis/rembg,aditiapratama,1,0,0,0,0,0,0,0,0,0,0,0,0,0,[1]
danielgatis/rembg,Sahar-DataScience,1,0,0,1,0,0,0,0,0,0,0,0,0,0,[2]
danielgatis/rembg,xdagee,1,0,0,0,0,0,0,0,0,0,0,0,0,0,[1]
danielgatis/rembg,bobrossrtx,1,0,0,0,0,0,0,0,0,0,0,0,0,0,[1]
danielgatis/rembg,leiSaint,1,0,0,0,0,0,0,0,0,0,0,0,0,0,[1]
danielgatis/rembg,rrubanov,1,0,0,0,0,0,0,0,0,0,0,0,0,0,[1]
danielgatis/rembg,Avedena,1,0,0,0,0,0,0,0,0,0,0,0,0,0,[1]
danielgatis/rembg,BlueSharkPartners,1,0,0,0,0,0,0,0,0,0,0,0,0,0,[1]
danielgatis/rembg,Tksi,1,0,0,0,0,0,0,0,0,0,0,0,0,0,[1]
danielgatis/rembg,jrbing,1,0,0,0,0,0,0,0,0,0,0,0,0,0,[1]
danielgatis/rembg,nitre,1,0,0,0,0,0,0,0,0,0,0,0,0,0,[1]
danielgatis/rembg,Elsenosy,1,0,0,0,0,0,0,0,0,0,0,0,0,0,[1]
danielgatis/rembg,jbx09,1,0,0,0,0,0,0,0,0,0,0,0,0,0,[1]
danielgatis/rembg,yairdyule,1,0,0,0,0,0,0,0,0,0,0,0,0,0,[1]
danielgatis/rembg,anishkargaonkar,1,0,0,0,0,0,0,0,0,0,0,0,0,0,[1]
danielgatis/rembg,Rebel-C,1,0,0,0,0,0,0,0,0,0,0,0,0,0,[1]
danielgatis/rembg,nemani,1,0,0,0,0,0,0,0,0,0,0,0,0,0,[1]
danielgatis/rembg,renegaderyu,1,0,0,0,0,0,0,0,0,0,0,0,0,0,[1]
danielgatis/rembg,yuuki76,1,0,0,0,0,0,0,0,0,0,0,0,0,0,[1]
danielgatis/rembg,sercheo87,1,0,0,0,0,0,0,0,0,0,0,0,0,0,[1]
danielgatis/rembg,longguai,1,0,0,0,0,0,0,0,0,0,0,0,0,0,[1]
danielgatis/rembg,TAMILVIP007,1,0,0,0,0,0,0,0,0,0,0,0,0,0,[1]
danielgatis/rembg,taranjeet,1,0,0,0,0,0,0,0,0,0,0,0,0,0,[1]
danielgatis/rembg,huaisifan,1,0,0,0,0,0,0,0,0,0,0,0,0,0,[1]
danielgatis/rembg,developersharif,1,0,0,0,0,0,0,0,0,0,0,0,0,0,[1]
danielgatis/rembg,Gunnvant,1,0,0,0,0,0,0,0,0,0,0,0,0,0,[1]
danielgatis/rembg,matin-n,1,0,0,0,0,0,0,0,0,0,0,0,0,0,[1]
danielgatis/rembg,MehrdadLinux,1,0,0,0,0,0,0,0,0,0,0,0,0,0,[1]
danielgatis/rembg,yousakamori,1,0,0,0,0,0,0,0,0,0,0,0,0,0,[1]
