immich-app/immich,uhthomas,0,0,11,8,10,3,0,2,1,0,0,0,39,0,[74]
immich-app/immich,vercel[bot],0,0,28,0,0,0,1,0,0,0,0,0,0,0,[29]
immich-app/immich,jrasm91,0,0,14,1,6,2,0,2,1,0,0,0,83,0,[109]
immich-app/immich,wshf,1,0,0,0,0,0,0,0,0,0,0,0,0,0,[1]
immich-app/immich,mertalev,0,0,14,0,41,5,0,6,0,0,0,0,25,0,[91]
immich-app/immich,szdastone,1,0,0,0,0,0,0,0,0,0,0,0,0,0,[1]
immich-app/immich,moluyouwo,1,0,0,0,0,0,0,0,0,0,0,0,0,0,[1]
immich-app/immich,LutherLu,0,1,0,0,0,0,0,0,0,0,0,0,0,0,[1]
immich-app/immich,alextran1502,0,0,33,6,71,26,0,9,17,0,0,0,16,0,[178]
immich-app/immich,nodejh,1,0,0,0,0,0,0,0,0,0,0,0,0,0,[1]
immich-app/immich,etnoy,0,0,11,1,71,1,0,1,0,0,0,0,24,0,[109]
immich-app/immich,venjiang,1,0,0,0,0,0,0,0,0,0,0,0,0,0,[1]
immich-app/immich,dmitry-brazhenko,0,1,6,0,0,1,0,0,0,0,0,0,8,0,[16]
immich-app/immich,climber0824,1,0,0,0,0,0,0,0,0,0,0,0,0,0,[1]
immich-app/immich,dp20eic,0,0,2,2,0,0,0,0,0,0,0,0,0,0,[4]
immich-app/immich,soakes,1,0,0,0,0,0,0,0,0,0,0,0,0,0,[1]
immich-app/immich,MichaelCasaDev,1,0,0,0,0,0,0,0,0,0,0,0,0,0,[1]
immich-app/immich,kool-just-in-time,1,0,0,0,0,0,0,0,0,0,0,0,0,0,[1]
immich-app/immich,AndyM129,1,0,0,0,0,0,0,0,0,0,0,0,0,0,[1]
immich-app/immich,oliviernguyenquoc,1,0,0,0,0,0,0,0,0,0,0,0,0,0,[1]
immich-app/immich,ThomasHertleif,1,0,0,0,0,0,0,0,0,0,0,0,0,0,[1]
immich-app/immich,Ode1l,1,0,0,0,0,0,0,0,0,0,0,0,0,0,[1]
immich-app/immich,working-name,1,0,0,0,0,0,0,0,0,0,0,0,0,0,[1]
immich-app/immich,aglorice,1,1,0,0,0,0,0,0,0,0,0,0,0,0,[2]
immich-app/immich,jalin2,0,0,2,1,0,0,0,0,0,0,0,0,0,0,[3]
immich-app/immich,zcupe5,1,0,0,0,0,0,0,0,0,0,0,0,0,0,[1]
immich-app/immich,firasdib,0,0,0,1,0,0,0,0,0,0,0,0,0,0,[1]
immich-app/immich,sbolen,1,0,0,0,0,0,0,0,0,0,0,0,0,0,[1]
immich-app/immich,jerrellmardis,1,0,0,0,0,0,0,0,0,0,0,0,0,0,[1]
immich-app/immich,nickian,0,0,3,1,0,0,0,0,0,0,0,0,0,0,[4]
immich-app/immich,itsmoe15,1,0,0,0,0,0,0,0,0,0,0,0,0,0,[1]
immich-app/immich,elto21ab,1,0,0,0,0,0,0,0,0,0,0,0,0,0,[1]
immich-app/immich,yyy024,0,1,0,0,0,0,0,0,0,0,0,0,0,0,[1]
immich-app/immich,yokingma,1,0,0,0,0,0,0,0,0,0,0,0,0,0,[1]
immich-app/immich,Gooopw,1,0,0,0,0,0,0,0,0,0,0,0,0,0,[1]
immich-app/immich,brighteyed,0,0,2,0,5,2,0,2,0,0,0,0,4,0,[15]
immich-app/immich,HNB1989,1,0,0,0,0,0,0,0,0,0,0,0,0,0,[1]
immich-app/immich,gl0ws,1,0,0,0,0,0,0,0,0,0,0,0,0,0,[1]
immich-app/immich,doegox,1,0,0,0,0,0,0,0,0,0,0,0,0,0,[1]
immich-app/immich,pollow01,1,0,0,0,0,0,0,0,0,0,0,0,0,0,[1]
immich-app/immich,victorelec14,1,0,0,0,0,0,0,0,0,0,0,0,0,0,[1]
immich-app/immich,Spaenny,1,0,0,0,0,0,0,0,0,0,0,0,0,0,[1]
immich-app/immich,leaffing,1,0,0,0,0,0,0,0,0,0,0,0,0,0,[1]
immich-app/immich,redhobor,1,0,0,0,0,0,0,0,0,0,0,0,0,0,[1]
immich-app/immich,dansusu,1,0,0,0,0,0,0,0,0,0,0,0,0,0,[1]
immich-app/immich,dzvon,1,0,0,0,0,0,0,0,0,0,0,0,0,0,[1]
immich-app/immich,s544838371,1,0,0,0,0,0,0,0,0,0,0,0,0,0,[1]
immich-app/immich,trongtindev,0,1,0,0,0,0,0,0,0,0,0,0,0,0,[1]
immich-app/immich,lianchi,1,0,0,0,0,0,0,0,0,0,0,0,0,0,[1]
immich-app/immich,SSARCandy,1,0,0,0,0,0,0,0,0,0,0,0,0,0,[1]
immich-app/immich,Zak-Bahm,1,0,0,0,0,0,0,0,0,0,0,0,0,0,[1]
immich-app/immich,gmpdtd95,1,0,0,0,0,0,0,0,0,0,0,0,0,0,[1]
immich-app/immich,luckypig3400,1,0,0,0,0,0,0,0,0,0,0,0,0,0,[1]
immich-app/immich,llnut,1,0,0,0,0,0,0,0,0,0,0,0,0,0,[1]
immich-app/immich,lorsque-sir,0,1,0,0,0,0,0,0,0,0,0,0,0,0,[1]
immich-app/immich,mq162,1,0,0,0,0,0,0,0,0,0,0,0,0,0,[1]
immich-app/immich,Anyman552,1,0,0,0,0,0,0,0,0,0,0,0,0,0,[1]
immich-app/immich,neozhu,0,0,1,0,0,0,0,0,0,0,0,0,0,0,[1]
immich-app/immich,TylerSustare,1,0,0,0,0,0,0,0,0,0,0,0,0,0,[1]
immich-app/immich,acuthber,1,0,0,0,0,0,0,0,0,0,0,0,0,0,[1]
immich-app/immich,miladimos,1,0,0,0,0,0,0,0,0,0,0,0,0,0,[1]
immich-app/immich,DaneRainbird,1,0,0,0,0,0,0,0,0,0,0,0,0,0,[1]
immich-app/immich,Armaldio,1,0,0,0,0,0,0,0,0,0,0,0,0,0,[1]
immich-app/immich,damienallen,1,0,0,0,0,0,0,0,0,0,0,0,0,0,[1]
immich-app/immich,j-monteiro,1,0,0,0,0,0,0,0,0,0,0,0,0,0,[1]
immich-app/immich,RyGuy994,0,0,1,0,0,0,0,0,0,0,0,0,0,0,[1]
immich-app/immich,GreyDGL,1,0,0,0,0,0,0,0,0,0,0,0,0,0,[1]
immich-app/immich,dominikheinz,0,0,1,1,0,0,0,0,0,0,0,0,0,0,[2]
immich-app/immich,vtea,1,0,0,0,0,0,0,0,0,0,0,0,0,0,[1]
immich-app/immich,vczhan,1,0,0,0,0,0,0,0,0,0,0,0,0,0,[1]
immich-app/immich,allmwh,1,0,0,0,0,0,0,0,0,0,0,0,0,0,[1]
immich-app/immich,igorgolovanov,1,0,0,0,0,0,0,0,0,0,0,0,0,0,[1]
immich-app/immich,lukehmcc,0,0,4,0,0,0,0,0,0,0,0,0,0,0,[4]
immich-app/immich,hwangdev97,1,0,0,0,0,0,0,0,0,0,0,0,0,0,[1]
immich-app/immich,sabrinaluo,1,0,0,0,0,0,0,0,0,0,0,0,0,0,[1]
immich-app/immich,gvenusleo,1,0,0,0,0,0,0,0,0,0,0,0,0,0,[1]
immich-app/immich,hook-hash,1,0,0,0,0,0,0,0,0,0,0,0,0,0,[1]
immich-app/immich,zitter7,1,0,0,0,0,0,0,0,0,0,0,0,0,0,[1]
immich-app/immich,cellinlab,1,0,0,0,0,0,0,0,0,0,0,0,0,0,[1]
immich-app/immich,stardustXHJie,1,0,0,0,0,0,0,0,0,0,0,0,0,0,[1]
immich-app/immich,half-adder,1,0,0,0,0,0,0,0,0,0,0,0,0,0,[1]
immich-app/immich,futuremeng,1,0,0,0,0,0,0,0,0,0,0,0,0,0,[1]
immich-app/immich,m1911star,1,0,0,0,0,0,0,0,0,0,0,0,0,0,[1]
immich-app/immich,notflip,0,0,1,0,0,0,0,0,0,0,0,0,0,0,[1]
immich-app/immich,chirag-ghosh,1,0,0,0,0,0,0,0,0,0,0,0,0,0,[1]
immich-app/immich,Mupceet,1,0,0,0,0,0,0,0,0,0,0,0,0,0,[1]
immich-app/immich,tuetenk0pp,1,0,0,0,0,0,0,0,0,0,0,0,0,0,[1]
immich-app/immich,SamanTolani,1,0,0,0,0,0,0,0,0,0,0,0,0,0,[1]
immich-app/immich,johnnysim,1,0,0,0,0,0,0,0,0,0,0,0,0,0,[1]
immich-app/immich,madadam,0,0,0,1,0,0,0,0,0,0,0,0,0,0,[1]
immich-app/immich,Driaan,1,0,0,0,0,0,0,0,0,0,0,0,0,0,[1]
immich-app/immich,iYongHsu,1,0,0,0,0,0,0,0,0,0,0,0,0,0,[1]
immich-app/immich,martabal,0,0,2,1,0,1,0,0,0,0,0,0,1,0,[5]
immich-app/immich,github-actions[bot],0,0,0,0,0,0,0,0,0,0,0,0,0,2,[2]
immich-app/immich,vicyao,1,0,0,0,0,0,0,0,0,0,0,0,0,0,[1]
immich-app/immich,andrewdavies-net,1,0,0,0,0,0,0,0,0,0,0,0,0,0,[1]
immich-app/immich,TimoBechtel,1,0,0,0,0,0,0,0,0,0,0,0,0,0,[1]
immich-app/immich,malsatin,1,0,0,0,0,0,0,0,0,0,0,0,0,0,[1]
immich-app/immich,isthisausername2,1,0,0,0,0,0,0,0,0,0,0,0,0,0,[1]
immich-app/immich,cocobiz,1,0,0,0,0,0,0,0,0,0,0,0,0,0,[1]
immich-app/immich,zx950921,1,0,0,0,0,0,0,0,0,0,0,0,0,0,[1]
immich-app/immich,vck,1,0,0,0,0,0,0,0,0,0,0,0,0,0,[1]
immich-app/immich,meiyang1123,1,0,0,0,0,0,0,0,0,0,0,0,0,0,[1]
immich-app/immich,faupau03,0,0,2,0,0,3,0,0,0,0,0,0,13,0,[18]
immich-app/immich,A2Data,0,1,0,0,0,0,0,0,0,0,0,0,0,0,[1]
immich-app/immich,fiverice,1,0,0,0,0,0,0,0,0,0,0,0,0,0,[1]
immich-app/immich,zwb1558183846,1,0,0,0,0,0,0,0,0,0,0,0,0,0,[1]
immich-app/immich,samip5,0,0,2,0,0,0,0,0,0,0,0,0,0,0,[2]
immich-app/immich,JetSetDoritos,1,0,0,0,0,0,0,0,0,0,0,0,0,0,[1]
immich-app/immich,z4none,1,0,0,0,0,0,0,0,0,0,0,0,0,0,[1]
immich-app/immich,qinxiandiqi,1,0,0,0,0,0,0,0,0,0,0,0,0,0,[1]
immich-app/immich,redeuxx,1,0,0,0,0,0,0,0,0,0,0,0,0,0,[1]
immich-app/immich,charlzyx,1,0,0,0,0,0,0,0,0,0,0,0,0,0,[1]
immich-app/immich,woshiqingteng,1,0,0,0,0,0,0,0,0,0,0,0,0,0,[1]
immich-app/immich,goooggle,1,0,0,0,0,0,0,0,0,0,0,0,0,0,[1]
immich-app/immich,bawyvh,1,0,0,0,0,0,0,0,0,0,0,0,0,0,[1]
immich-app/immich,dusnoki,0,0,4,2,0,0,0,0,0,0,0,0,0,0,[6]
immich-app/immich,vividvilla,1,0,0,0,0,0,0,0,0,0,0,0,0,0,[1]
immich-app/immich,liy010,1,0,0,0,0,0,0,0,0,0,0,0,0,0,[1]
immich-app/immich,vyloy,0,1,0,0,0,0,0,0,0,0,0,0,0,0,[1]
immich-app/immich,MaxScame,1,0,0,0,0,0,0,0,0,0,0,0,0,0,[1]
immich-app/immich,newpost,1,0,0,0,0,0,0,0,0,0,0,0,0,0,[1]
immich-app/immich,bkhezry,1,0,0,0,0,0,0,0,0,0,0,0,0,0,[1]
immich-app/immich,zhangzewen,1,0,0,0,0,0,0,0,0,0,0,0,0,0,[1]
immich-app/immich,licantxwd,1,0,0,0,0,0,0,0,0,0,0,0,0,0,[1]
immich-app/immich,bcsteeve,0,0,3,1,0,0,0,0,0,0,0,0,0,0,[4]
immich-app/immich,eightzero,0,1,0,0,0,0,0,0,0,0,0,0,0,0,[1]
immich-app/immich,monitor14,1,0,0,0,0,0,0,0,0,0,0,0,0,0,[1]
immich-app/immich,eallion,1,0,0,0,0,0,0,0,0,0,0,0,0,0,[1]
immich-app/immich,luolongfei,1,0,0,0,0,0,0,0,0,0,0,0,0,0,[1]
immich-app/immich,maygoo,1,0,0,0,0,0,0,0,0,0,0,0,0,0,[1]
immich-app/immich,yvnv,1,0,0,0,0,0,0,0,0,0,0,0,0,0,[1]
immich-app/immich,qq1311256696,1,0,0,0,0,0,0,0,0,0,0,0,0,0,[1]
immich-app/immich,Ice-Hazymoon,1,0,0,0,0,0,0,0,0,0,0,0,0,0,[1]
immich-app/immich,Nriver,1,0,0,0,0,0,0,0,0,0,0,0,0,0,[1]
immich-app/immich,samuelduann,1,0,0,0,0,0,0,0,0,0,0,0,0,0,[1]
immich-app/immich,up1and,1,0,0,0,0,0,0,0,0,0,0,0,0,0,[1]
immich-app/immich,JaspertheGenius,1,0,0,0,0,0,0,0,0,0,0,0,0,0,[1]
immich-app/immich,sunwaylife,1,0,0,0,0,0,0,0,0,0,0,0,0,0,[1]
immich-app/immich,Hubotcoder,1,0,0,0,0,0,0,0,0,0,0,0,0,0,[1]
immich-app/immich,neverbiasu,1,0,0,0,0,0,0,0,0,0,0,0,0,0,[1]
immich-app/immich,rubuspi,1,0,0,0,0,0,0,0,0,0,0,0,0,0,[1]
immich-app/immich,AChep,0,0,1,0,0,0,0,0,0,0,0,0,0,0,[1]
immich-app/immich,IYOUR,1,0,0,0,0,0,0,0,0,0,0,0,0,0,[1]
immich-app/immich,magicedy,1,0,0,0,0,0,0,0,0,0,0,0,0,0,[1]
immich-app/immich,drw2005,1,0,0,0,0,0,0,0,0,0,0,0,0,0,[1]
immich-app/immich,yanxu4780,1,0,0,0,0,0,0,0,0,0,0,0,0,0,[1]
immich-app/immich,DieSteinhose,1,0,0,0,0,0,0,0,0,0,0,0,0,0,[1]
immich-app/immich,gloriallluo,1,0,0,0,0,0,0,0,0,0,0,0,0,0,[1]
immich-app/immich,rookiepeng,1,0,0,0,0,0,0,0,0,0,0,0,0,0,[1]
immich-app/immich,angelthebault,1,0,0,0,0,0,0,0,0,0,0,0,0,0,[1]
immich-app/immich,Otfot,1,0,0,0,0,0,0,0,0,0,0,0,0,0,[1]
immich-app/immich,aero31aero,0,0,0,0,0,1,0,0,0,0,0,0,0,0,[1]
immich-app/immich,xinde,1,0,0,0,0,0,0,0,0,0,0,0,0,0,[1]
immich-app/immich,0verEngineer,1,0,0,0,0,0,0,0,0,0,0,0,0,0,[1]
immich-app/immich,SiriusBlue5120,0,0,4,0,0,0,0,0,0,0,0,0,0,0,[4]
immich-app/immich,dcglabs,0,0,1,0,0,0,0,0,0,0,0,0,0,0,[1]
immich-app/immich,kjanek,1,0,0,0,0,0,0,0,0,0,0,0,0,0,[1]
immich-app/immich,EnochPrime,0,0,3,0,0,0,0,0,0,0,0,0,1,0,[4]
immich-app/immich,Foxicution,1,0,0,0,0,0,0,0,0,0,0,0,0,0,[1]
immich-app/immich,mahonzhan,1,0,0,0,0,0,0,0,0,0,0,0,0,0,[1]
immich-app/immich,ckocyigit,0,0,0,1,0,0,0,0,0,0,0,0,0,0,[1]
immich-app/immich,bo0tzz,0,0,6,2,0,1,0,0,0,0,0,0,0,0,[9]
immich-app/immich,choiway,1,0,0,0,0,0,0,0,0,0,0,0,0,0,[1]
immich-app/immich,jeankhoury0,1,0,0,0,0,0,0,0,0,0,0,0,0,0,[1]
immich-app/immich,shoujiaxin,1,0,0,0,0,0,0,0,0,0,0,0,0,0,[1]
immich-app/immich,Co-7,1,0,0,0,0,0,0,0,0,0,0,0,0,0,[1]
immich-app/immich,Albonycal,1,0,0,0,0,0,0,0,0,0,0,0,0,0,[1]
immich-app/immich,king910605,1,0,0,0,0,0,0,0,0,0,0,0,0,0,[1]
immich-app/immich,wcoder,1,0,0,0,0,0,0,0,0,0,0,0,0,0,[1]
immich-app/immich,sstoner,1,0,0,0,0,0,0,0,0,0,0,0,0,0,[1]
immich-app/immich,lkyprogramer,1,0,0,0,0,0,0,0,0,0,0,0,0,0,[1]
immich-app/immich,reclusem,1,0,0,0,0,0,0,0,0,0,0,0,0,0,[1]
immich-app/immich,borgmanJeremy,1,0,0,0,0,0,0,0,0,0,0,0,0,0,[1]
immich-app/immich,ApicalLiu,1,0,0,0,0,0,0,0,0,0,0,0,0,0,[1]
immich-app/immich,jinuljt,1,0,0,0,0,0,0,0,0,0,0,0,0,0,[1]
immich-app/immich,xunhs,1,0,0,0,0,0,0,0,0,0,0,0,0,0,[1]
immich-app/immich,macy212,1,0,0,0,0,0,0,0,0,0,0,0,0,0,[1]
immich-app/immich,leetruitt,1,0,0,0,0,0,0,0,0,0,0,0,0,0,[1]
immich-app/immich,SpecificOcean146,1,0,0,0,0,0,0,0,0,0,0,0,0,0,[1]
immich-app/immich,hFULAveTeR,1,0,0,0,0,0,0,0,0,0,0,0,0,0,[1]
immich-app/immich,dsippel,1,0,0,0,0,0,0,0,0,0,0,0,0,0,[1]
immich-app/immich,Trmull,1,0,0,0,0,0,0,0,0,0,0,0,0,0,[1]
immich-app/immich,happykkAi,1,0,0,0,0,0,0,0,0,0,0,0,0,0,[1]
immich-app/immich,ddshd,0,0,1,0,0,0,0,0,0,0,0,0,0,0,[1]
immich-app/immich,RowanBitcoin,0,1,0,0,0,0,0,0,0,0,0,0,0,0,[1]
immich-app/immich,lyaotian,1,0,0,0,0,0,0,0,0,0,0,0,0,0,[1]
immich-app/immich,BL19,1,0,0,0,0,0,0,0,0,0,0,0,0,0,[1]
immich-app/immich,hehehai,1,0,0,0,0,0,0,0,0,0,0,0,0,0,[1]
immich-app/immich,Russiarain,1,0,0,0,0,0,0,0,0,0,0,0,0,0,[1]
immich-app/immich,linexjlin,1,0,0,0,0,0,0,0,0,0,0,0,0,0,[1]
immich-app/immich,chucklu,1,0,0,0,0,0,0,0,0,0,0,0,0,0,[1]
immich-app/immich,marslovefree,1,0,0,0,0,0,0,0,0,0,0,0,0,0,[1]
immich-app/immich,traxah,1,0,0,0,0,0,0,0,0,0,0,0,0,0,[1]
immich-app/immich,rv4102,1,0,0,0,0,0,0,0,0,0,0,0,0,0,[1]
immich-app/immich,synzhang,1,0,0,0,0,0,0,0,0,0,0,0,0,0,[1]
immich-app/immich,ihipop,1,0,0,0,0,0,0,0,0,0,0,0,0,0,[1]
immich-app/immich,zxbin2000,0,1,0,0,0,0,0,0,0,0,0,0,0,0,[1]
immich-app/immich,GoCoGit,1,0,0,0,0,0,0,0,0,0,0,0,0,0,[1]
immich-app/immich,wenjiahui,1,0,0,0,0,0,0,0,0,0,0,0,0,0,[1]
immich-app/immich,Dobby233Liu,1,0,0,0,0,0,0,0,0,0,0,0,0,0,[1]
immich-app/immich,hobbesjaap,1,0,0,0,0,0,0,0,0,0,0,0,0,0,[1]
immich-app/immich,Zordako,1,0,0,0,0,0,0,0,0,0,0,0,0,0,[1]
immich-app/immich,tokgocode,1,0,0,0,0,0,0,0,0,0,0,0,0,0,[1]
immich-app/immich,Cellivar,1,0,0,0,0,0,0,0,0,0,0,0,0,0,[1]
immich-app/immich,stephenwebb97,1,0,0,0,0,0,0,0,0,0,0,0,0,0,[1]
immich-app/immich,git-arch,1,0,0,0,0,0,0,0,0,0,0,0,0,0,[1]
immich-app/immich,bubbles0815,1,0,0,0,0,0,0,0,0,0,0,0,0,0,[1]
immich-app/immich,LordVaderXIII,0,0,1,0,0,0,0,0,0,0,0,0,0,0,[1]
immich-app/immich,thisiskicker,1,0,0,0,0,0,0,0,0,0,0,0,0,0,[1]
immich-app/immich,5cj,1,0,0,0,0,0,0,0,0,0,0,0,0,0,[1]
immich-app/immich,crutcha,0,1,0,0,0,0,0,0,0,0,0,0,0,0,[1]
immich-app/immich,zxhfirefox,1,0,0,0,0,0,0,0,0,0,0,0,0,0,[1]
immich-app/immich,hakanu,1,0,0,0,0,0,0,0,0,0,0,0,0,0,[1]
immich-app/immich,jramsgz,1,0,0,0,0,0,0,0,0,0,0,0,0,0,[1]
immich-app/immich,mosalski,0,0,3,0,0,0,0,0,0,0,0,0,0,0,[3]
immich-app/immich,lgcshy,1,0,0,0,0,0,0,0,0,0,0,0,0,0,[1]
immich-app/immich,BeeTwenty,0,0,1,0,0,0,0,0,0,0,0,0,0,0,[1]
immich-app/immich,steven-shi,1,0,0,0,0,0,0,0,0,0,0,0,0,0,[1]
immich-app/immich,fyfrey,0,0,2,0,0,2,0,1,0,0,0,0,0,0,[5]
immich-app/immich,sewera,1,0,0,0,0,0,0,0,0,0,0,0,0,0,[1]
immich-app/immich,darmok90,1,0,0,0,0,0,0,0,0,0,0,0,0,0,[1]
immich-app/immich,del-xiong,1,0,0,0,0,0,0,0,0,0,0,0,0,0,[1]
immich-app/immich,lilac,1,0,0,0,0,0,0,0,0,0,0,0,0,0,[1]
immich-app/immich,mangkoran,1,0,0,0,0,0,0,0,0,0,0,0,0,0,[1]
immich-app/immich,Jahhein,1,0,0,0,0,0,0,0,0,0,0,0,0,0,[1]
immich-app/immich,keramist,0,1,0,0,0,0,0,0,0,0,0,0,0,0,[1]
immich-app/immich,kothariji,1,0,0,0,0,0,0,0,0,0,0,0,0,0,[1]
immich-app/immich,k0Iry,1,0,0,0,0,0,0,0,0,0,0,0,0,0,[1]
immich-app/immich,Luanxing,1,0,0,0,0,0,0,0,0,0,0,0,0,0,[1]
immich-app/immich,DickSonGayLord,1,0,0,0,0,0,0,0,0,0,0,0,0,0,[1]
immich-app/immich,cypj,1,0,0,0,0,0,0,0,0,0,0,0,0,0,[1]
immich-app/immich,cruvie,1,0,0,0,0,0,0,0,0,0,0,0,0,0,[1]
immich-app/immich,moxuanyuan,1,0,0,0,0,0,0,0,0,0,0,0,0,0,[1]
immich-app/immich,asnidea,1,0,0,0,0,0,0,0,0,0,0,0,0,0,[1]
immich-app/immich,stefano99,0,0,1,0,0,0,0,0,0,0,0,0,0,0,[1]
immich-app/immich,titro,0,0,4,0,0,0,0,0,0,0,0,0,0,0,[4]
immich-app/immich,landmn,1,0,0,0,0,0,0,0,0,0,0,0,0,0,[1]
immich-app/immich,Proximus888,1,0,0,0,0,0,0,0,0,0,0,0,0,0,[1]
immich-app/immich,Yacubane,0,0,2,0,0,0,0,0,0,0,0,0,0,0,[2]
immich-app/immich,hamcher,1,0,0,0,0,0,0,0,0,0,0,0,0,0,[1]
immich-app/immich,aechmtwash,0,0,1,0,0,0,0,0,0,0,0,0,0,0,[1]
immich-app/immich,femto-code,1,0,0,0,0,0,0,0,0,0,0,0,0,0,[1]
immich-app/immich,mkbiltek2019,1,0,0,0,0,0,0,0,0,0,0,0,0,0,[1]
immich-app/immich,20326,1,0,0,0,0,0,0,0,0,0,0,0,0,0,[1]
immich-app/immich,NiklasRosenstein,0,0,1,1,0,0,0,0,0,0,0,0,0,0,[2]
immich-app/immich,yinjiayi,1,0,0,0,0,0,0,0,0,0,0,0,0,0,[1]
immich-app/immich,JiuBanA1,1,0,0,0,0,0,0,0,0,0,0,0,0,0,[1]
immich-app/immich,chendo,1,0,0,0,0,0,0,0,0,0,0,0,0,0,[1]
immich-app/immich,USED255,1,0,0,0,0,0,0,0,0,0,0,0,0,0,[1]
immich-app/immich,sdil,1,0,0,0,0,0,0,0,0,0,0,0,0,0,[1]
immich-app/immich,yokle,1,0,0,0,0,0,0,0,0,0,0,0,0,0,[1]
immich-app/immich,andybug,1,0,0,0,0,0,0,0,0,0,0,0,0,0,[1]
immich-app/immich,MaxAlex666,1,0,0,0,0,0,0,0,0,0,0,0,0,0,[1]
immich-app/immich,lazyyz,1,0,0,0,0,0,0,0,0,0,0,0,0,0,[1]
immich-app/immich,zpzhue,1,0,0,0,0,0,0,0,0,0,0,0,0,0,[1]
immich-app/immich,oakhope,1,0,0,0,0,0,0,0,0,0,0,0,0,0,[1]
immich-app/immich,escnqh,1,0,0,0,0,0,0,0,0,0,0,0,0,0,[1]
immich-app/immich,jiubujian,1,0,0,0,0,0,0,0,0,0,0,0,0,0,[1]
immich-app/immich,bigBron,1,0,0,0,0,0,0,0,0,0,0,0,0,0,[1]
immich-app/immich,lucienastie,1,0,0,0,0,0,0,0,0,0,0,0,0,0,[1]
immich-app/immich,iamamansharma,1,0,0,0,0,0,0,0,0,0,0,0,0,0,[1]
immich-app/immich,apisces,1,0,0,0,0,0,0,0,0,0,0,0,0,0,[1]
immich-app/immich,toddlerya,1,0,0,0,0,0,0,0,0,0,0,0,0,0,[1]
immich-app/immich,666luyong,1,0,0,0,0,0,0,0,0,0,0,0,0,0,[1]
immich-app/immich,stevenjosh011000,1,0,0,0,0,0,0,0,0,0,0,0,0,0,[1]
immich-app/immich,jingyigong,1,0,0,0,0,0,0,0,0,0,0,0,0,0,[1]
immich-app/immich,Ambioid,1,0,0,0,0,0,0,0,0,0,0,0,0,0,[1]
immich-app/immich,FormatToday,1,0,0,0,0,0,0,0,0,0,0,0,0,0,[1]
immich-app/immich,dependabot[bot],0,0,0,0,0,1,0,1,0,0,0,0,0,0,[2]
immich-app/immich,rafsko1,0,0,2,1,0,0,0,0,0,0,0,0,0,0,[3]
immich-app/immich,weber8thomas,0,0,3,0,0,0,0,0,0,0,0,0,0,0,[3]
immich-app/immich,avilqu,1,0,0,0,0,0,0,0,0,0,0,0,0,0,[1]
immich-app/immich,friki67,0,0,1,0,0,0,0,0,0,0,0,0,0,0,[1]
immich-app/immich,ClarePhang,1,0,0,0,0,0,0,0,0,0,0,0,0,0,[1]
immich-app/immich,snghnishant,1,0,0,0,0,0,0,0,0,0,0,0,0,0,[1]
immich-app/immich,aduzsardi,1,0,0,0,0,0,0,0,0,0,0,0,0,0,[1]
immich-app/immich,shant1010,1,0,0,0,0,0,0,0,0,0,0,0,0,0,[1]
immich-app/immich,ali-master,1,0,0,0,0,0,0,0,0,0,0,0,0,0,[1]
immich-app/immich,ripxorip,1,0,0,0,0,0,0,0,0,0,0,0,0,0,[1]
immich-app/immich,kasgel,0,1,2,1,0,1,0,0,0,0,0,0,1,0,[6]
immich-app/immich,Nicky5,1,0,0,0,0,0,0,0,0,0,0,0,0,0,[1]
immich-app/immich,HasegawaShuhei,1,0,0,0,0,0,0,0,0,0,0,0,0,0,[1]
immich-app/immich,ameyp,0,0,1,2,0,0,0,0,0,0,0,0,0,0,[3]
immich-app/immich,Sosky-Hwang,1,0,0,0,0,0,0,0,0,0,0,0,0,0,[1]
immich-app/immich,renxia,1,0,0,0,0,0,0,0,0,0,0,0,0,0,[1]
immich-app/immich,rolandska,1,0,0,0,0,0,0,0,0,0,0,0,0,0,[1]
immich-app/immich,joeypiccola,1,0,0,0,0,0,0,0,0,0,0,0,0,0,[1]
immich-app/immich,abitlong,1,0,0,0,0,0,0,0,0,0,0,0,0,0,[1]
immich-app/immich,mashinista,1,0,0,0,0,0,0,0,0,0,0,0,0,0,[1]
immich-app/immich,iTom34,1,0,0,0,0,0,0,0,0,0,0,0,0,0,[1]
immich-app/immich,Ozkha,1,0,0,0,0,0,0,0,0,0,0,0,0,0,[1]
immich-app/immich,dc3ea9f,1,0,0,0,0,0,0,0,0,0,0,0,0,0,[1]
immich-app/immich,merlijndetovenaar84,1,0,0,0,0,0,0,0,0,0,0,0,0,0,[1]
immich-app/immich,jakobbouchard,1,0,0,0,0,0,0,0,0,0,0,0,0,0,[1]
immich-app/immich,vktr2b,1,0,0,0,0,0,0,0,0,0,0,0,0,0,[1]
immich-app/immich,hwang3419,1,0,0,0,0,0,0,0,0,0,0,0,0,0,[1]
immich-app/immich,Paulomart,1,0,0,0,0,0,0,0,0,0,0,0,0,0,[1]
immich-app/immich,phoenixxx-1,0,0,1,0,0,0,0,0,0,0,0,0,0,0,[1]
immich-app/immich,ziligy,1,0,0,0,0,0,0,0,0,0,0,0,0,0,[1]
immich-app/immich,ahmedKhalid1,1,0,0,0,0,0,0,0,0,0,0,0,0,0,[1]
immich-app/immich,jbshu4546,1,0,0,0,0,0,0,0,0,0,0,0,0,0,[1]
immich-app/immich,lusfold,1,0,0,0,0,0,0,0,0,0,0,0,0,0,[1]
immich-app/immich,henbf,1,0,0,0,0,0,0,0,0,0,0,0,0,0,[1]
immich-app/immich,buntingun,1,0,0,0,0,0,0,0,0,0,0,0,0,0,[1]
immich-app/immich,jeffrolson,1,0,0,0,0,0,0,0,0,0,0,0,0,0,[1]
immich-app/immich,flyklmwl,1,0,0,0,0,0,0,0,0,0,0,0,0,0,[1]
immich-app/immich,BhautikChudasama,1,0,0,0,0,0,0,0,0,0,0,0,0,0,[1]
immich-app/immich,Belgadon,1,0,0,0,0,0,0,0,0,0,0,0,0,0,[1]
immich-app/immich,Mafyuh,1,0,0,0,0,0,0,0,0,0,0,0,0,0,[1]
immich-app/immich,MSDNicrosoft,0,1,0,0,0,0,0,0,0,0,0,0,0,0,[1]
immich-app/immich,hakrishi,0,0,1,0,0,0,0,0,0,0,0,0,0,0,[1]
immich-app/immich,MapZombie,1,0,0,0,0,0,0,0,0,0,0,0,0,0,[1]
immich-app/immich,chenzhenming,1,0,0,0,0,0,0,0,0,0,0,0,0,0,[1]
immich-app/immich,shinyzhu,1,0,0,0,0,0,0,0,0,0,0,0,0,0,[1]
immich-app/immich,ilinmu,1,0,0,0,0,0,0,0,0,0,0,0,0,0,[1]
immich-app/immich,mabroor,1,0,0,0,0,0,0,0,0,0,0,0,0,0,[1]
immich-app/immich,Bluemangoo,1,0,0,0,0,0,0,0,0,0,0,0,0,0,[1]
immich-app/immich,OspreyRen,1,0,0,0,0,0,0,0,0,0,0,0,0,0,[1]
immich-app/immich,argus-core,0,0,0,2,0,0,0,0,0,0,0,0,0,0,[2]
immich-app/immich,rnight,1,0,0,0,0,0,0,0,0,0,0,0,0,0,[1]
immich-app/immich,MatthewTeolis,1,0,0,0,0,0,0,0,0,0,0,0,0,0,[1]
immich-app/immich,realMorrisLiu,1,0,0,0,0,0,0,0,0,0,0,0,0,0,[1]
immich-app/immich,Timi7007,1,0,0,0,0,0,0,0,0,0,0,0,0,0,[1]
immich-app/immich,BaldFabi,1,0,0,0,0,0,0,0,0,0,0,0,0,0,[1]
immich-app/immich,nemuigaki,1,0,0,0,0,0,0,0,0,0,0,0,0,0,[1]
immich-app/immich,QuangTran304,1,0,0,0,0,0,0,0,0,0,0,0,0,0,[1]
immich-app/immich,saratonite,1,0,0,0,0,0,0,0,0,0,0,0,0,0,[1]
immich-app/immich,ghzgod,0,0,1,0,0,0,0,0,0,0,0,0,0,0,[1]
immich-app/immich,loveuer,1,0,0,0,0,0,0,0,0,0,0,0,0,0,[1]
immich-app/immich,jinzhubaofu,1,0,0,0,0,0,0,0,0,0,0,0,0,0,[1]
immich-app/immich,alex-phillips,0,0,0,0,1,0,0,1,0,0,0,0,0,0,[2]
immich-app/immich,canberkdurmus,1,0,0,0,0,0,0,0,0,0,0,0,0,0,[1]
immich-app/immich,shaadx-coding,1,0,0,0,0,0,0,0,0,0,0,0,0,0,[1]
immich-app/immich,ggreendev,1,0,0,0,0,0,0,0,0,0,0,0,0,0,[1]
immich-app/immich,Mattchine,1,0,0,0,0,0,0,0,0,0,0,0,0,0,[1]
immich-app/immich,seanclancy,1,0,0,0,0,0,0,0,0,0,0,0,0,0,[1]
immich-app/immich,johnsonbhaskaran,1,0,0,0,0,0,0,0,0,0,0,0,0,0,[1]
immich-app/immich,Mr-Sure,1,0,0,0,0,0,0,0,0,0,0,0,0,0,[1]
immich-app/immich,akshaal,1,0,0,0,0,0,0,0,0,0,0,0,0,0,[1]
immich-app/immich,DemonAngeX2,0,0,1,0,0,0,0,0,0,0,0,0,0,0,[1]
immich-app/immich,766F6964,1,0,0,0,0,0,0,0,0,0,0,0,0,0,[1]
immich-app/immich,justuspfaue,0,0,1,0,0,0,0,0,0,0,0,0,0,0,[1]
immich-app/immich,eshagh,1,0,0,0,0,0,0,0,0,0,0,0,0,0,[1]
immich-app/immich,rentruewang,1,0,0,0,0,0,0,0,0,0,0,0,0,0,[1]
immich-app/immich,petersamokhin,1,0,0,0,0,0,0,0,0,0,0,0,0,0,[1]
immich-app/immich,csprance,1,0,0,0,0,0,0,0,0,0,0,0,0,0,[1]
immich-app/immich,palanthas,1,0,0,0,0,0,0,0,0,0,0,0,0,0,[1]
immich-app/immich,yezert,1,0,0,0,0,0,0,0,0,0,0,0,0,0,[1]
immich-app/immich,JayBigGuy10,0,0,1,1,0,0,0,0,0,0,0,0,0,0,[2]
immich-app/immich,diegonobre,1,0,0,0,0,0,0,0,0,0,0,0,0,0,[1]
immich-app/immich,RubenBM,1,0,0,0,0,0,0,0,0,0,0,0,0,0,[1]
immich-app/immich,Orbitally,1,0,0,0,0,0,0,0,0,0,0,0,0,0,[1]
immich-app/immich,topty,1,0,0,0,0,0,0,0,0,0,0,0,0,0,[1]
immich-app/immich,r01k,0,0,2,0,0,0,0,0,0,0,0,0,0,0,[2]
immich-app/immich,jayden-chan,1,0,0,0,0,0,0,0,0,0,0,0,0,0,[1]
immich-app/immich,GargantuaX,1,0,0,0,0,0,0,0,0,0,0,0,0,0,[1]
immich-app/immich,shanhene33,1,0,0,0,0,0,0,0,0,0,0,0,0,0,[1]
immich-app/immich,krasnican,1,0,0,0,0,0,0,0,0,0,0,0,0,0,[1]
