alejandro-ao/ask-multiple-pdfs,jimmymorris,1,0,0,0,0,0,0,0,0,0,0,0,0,0,[1]
alejandro-ao/ask-multiple-pdfs,Scriptonics,0,1,0,0,0,0,0,0,0,0,0,0,0,0,[1]
alejandro-ao/ask-multiple-pdfs,xialei,1,1,0,0,0,0,0,0,0,0,0,0,0,0,[2]
alejandro-ao/ask-multiple-pdfs,abisekhsubedi,0,0,0,1,0,0,0,0,0,0,0,0,0,0,[1]
alejandro-ao/ask-multiple-pdfs,mr-jfk,0,1,0,0,0,0,0,0,0,0,0,0,0,0,[1]
alejandro-ao/ask-multiple-pdfs,sherphard33,0,1,0,0,0,0,0,0,0,0,0,0,0,0,[1]
alejandro-ao/ask-multiple-pdfs,jodast,0,1,0,0,0,0,0,0,0,0,0,0,0,0,[1]
alejandro-ao/ask-multiple-pdfs,banerRana,1,0,0,0,0,0,0,0,0,0,0,0,0,0,[1]
alejandro-ao/ask-multiple-pdfs,Viewofmind,1,0,0,0,0,0,0,0,0,0,0,0,0,0,[1]
alejandro-ao/ask-multiple-pdfs,Tuanshu,1,0,0,0,0,0,0,0,0,0,0,0,0,0,[1]
alejandro-ao/ask-multiple-pdfs,GhislainAdon,0,1,0,0,0,0,0,0,0,0,0,0,0,0,[1]
alejandro-ao/ask-multiple-pdfs,Anirudh257,1,0,0,0,0,0,0,0,0,0,0,0,0,0,[1]
alejandro-ao/ask-multiple-pdfs,un-pstar7,1,1,0,0,0,0,0,0,0,0,0,0,0,0,[2]
alejandro-ao/ask-multiple-pdfs,joshzyl,1,0,0,0,0,0,0,0,0,0,0,0,0,0,[1]
alejandro-ao/ask-multiple-pdfs,huangjeake,0,1,0,0,0,0,0,0,0,0,0,0,0,0,[1]
alejandro-ao/ask-multiple-pdfs,sujitmourya-ie,1,0,0,0,0,0,0,0,0,0,0,0,0,0,[1]
alejandro-ao/ask-multiple-pdfs,shyam0880,1,0,0,0,0,0,0,0,0,0,0,0,0,0,[1]
alejandro-ao/ask-multiple-pdfs,Animeshnbe,0,1,0,0,0,0,0,0,0,0,0,0,0,0,[1]
alejandro-ao/ask-multiple-pdfs,felores,1,0,0,0,0,0,0,0,0,0,0,0,0,0,[1]
alejandro-ao/ask-multiple-pdfs,justjoehere,0,1,0,0,0,0,0,0,0,0,0,0,0,0,[1]
alejandro-ao/ask-multiple-pdfs,UrkoM,0,1,0,0,0,0,0,0,0,0,0,0,0,0,[1]
alejandro-ao/ask-multiple-pdfs,Datakalabs,0,1,0,0,0,0,0,0,0,0,0,0,0,0,[1]
alejandro-ao/ask-multiple-pdfs,santiago-visanto,0,1,0,0,0,0,0,0,0,0,0,0,0,0,[1]
alejandro-ao/ask-multiple-pdfs,lrperkins,0,1,0,0,0,0,0,0,0,0,0,0,0,0,[1]
alejandro-ao/ask-multiple-pdfs,arslansaleem2215,0,1,0,0,0,0,0,0,0,0,0,0,0,0,[1]
alejandro-ao/ask-multiple-pdfs,MalakaGu,1,1,0,0,0,0,0,0,0,0,0,0,0,0,[2]
alejandro-ao/ask-multiple-pdfs,mlafuentem,0,1,0,0,0,0,0,0,0,0,0,0,0,0,[1]
alejandro-ao/ask-multiple-pdfs,PJPRoche,1,0,0,0,0,0,0,0,0,0,0,0,0,0,[1]
alejandro-ao/ask-multiple-pdfs,HagaiHen,0,0,1,0,0,0,0,0,0,0,0,0,0,0,[1]
alejandro-ao/ask-multiple-pdfs,heisexiong,1,0,0,0,0,0,0,0,0,0,0,0,0,0,[1]
alejandro-ao/ask-multiple-pdfs,andr2880,1,0,0,0,0,0,0,0,0,0,0,0,0,0,[1]
alejandro-ao/ask-multiple-pdfs,TINKPA,1,0,0,0,0,0,0,0,0,0,0,0,0,0,[1]
alejandro-ao/ask-multiple-pdfs,youngpesopatel,1,0,0,0,0,0,0,0,0,0,0,0,0,0,[1]
alejandro-ao/ask-multiple-pdfs,Mainbiscuit917,1,0,0,0,0,0,0,0,0,0,0,0,0,0,[1]
alejandro-ao/ask-multiple-pdfs,theodesp,1,0,0,0,0,0,0,0,0,0,0,0,0,0,[1]
alejandro-ao/ask-multiple-pdfs,ysnbogt,1,0,0,0,0,0,0,0,0,0,0,0,0,0,[1]
alejandro-ao/ask-multiple-pdfs,cvillada,0,1,0,0,0,0,0,0,0,0,0,0,0,0,[1]
alejandro-ao/ask-multiple-pdfs,mikebracco,1,0,0,0,0,0,0,0,0,0,0,0,0,0,[1]
alejandro-ao/ask-multiple-pdfs,mieitza,1,0,0,0,0,0,0,0,0,0,0,0,0,0,[1]
alejandro-ao/ask-multiple-pdfs,martin-gif,1,0,0,0,0,0,0,0,0,0,0,0,0,0,[1]
alejandro-ao/ask-multiple-pdfs,falkaabi,1,0,0,0,0,0,0,0,0,0,0,0,0,0,[1]
alejandro-ao/ask-multiple-pdfs,twut,0,1,0,0,0,0,0,0,0,0,0,0,0,0,[1]
alejandro-ao/ask-multiple-pdfs,nextosai,1,0,0,0,0,0,0,0,0,0,0,0,0,0,[1]
alejandro-ao/ask-multiple-pdfs,axa99,1,0,0,0,0,0,0,0,0,0,0,0,0,0,[1]
alejandro-ao/ask-multiple-pdfs,faixal5882,1,0,0,0,0,0,0,0,0,0,0,0,0,0,[1]
alejandro-ao/ask-multiple-pdfs,MarvinChung,0,1,0,0,0,0,0,0,0,0,0,0,0,0,[1]
alejandro-ao/ask-multiple-pdfs,achaiah,1,0,0,0,0,0,0,0,0,0,0,0,0,0,[1]
alejandro-ao/ask-multiple-pdfs,israrabbasi,1,0,0,0,0,0,0,0,0,0,0,0,0,0,[1]
alejandro-ao/ask-multiple-pdfs,eunicemr,1,0,0,0,0,0,0,0,0,0,0,0,0,0,[1]
alejandro-ao/ask-multiple-pdfs,meap158,1,0,0,0,0,0,0,0,0,0,0,0,0,0,[1]
alejandro-ao/ask-multiple-pdfs,NatVaymer,1,0,0,0,0,0,0,0,0,0,0,0,0,0,[1]
alejandro-ao/ask-multiple-pdfs,JustAIGithub,1,1,0,0,0,0,0,0,0,0,0,0,0,0,[2]
alejandro-ao/ask-multiple-pdfs,AltayYuzeir,1,0,0,0,0,0,0,0,0,0,0,0,0,0,[1]
alejandro-ao/ask-multiple-pdfs,zakdefi,0,1,0,0,0,0,0,0,0,0,0,0,0,0,[1]
alejandro-ao/ask-multiple-pdfs,fardeenhasib,0,1,0,0,0,0,0,0,0,0,0,0,0,0,[1]
alejandro-ao/ask-multiple-pdfs,okrrrrra,1,0,0,0,0,0,0,0,0,0,0,0,0,0,[1]
alejandro-ao/ask-multiple-pdfs,achingjude,1,0,0,0,0,0,0,0,0,0,0,0,0,0,[1]
alejandro-ao/ask-multiple-pdfs,vsionary14,0,1,0,0,0,0,0,0,0,0,0,0,0,0,[1]
alejandro-ao/ask-multiple-pdfs,AndrShikov,1,0,0,0,0,0,0,0,0,0,0,0,0,0,[1]
alejandro-ao/ask-multiple-pdfs,munequita11,1,0,0,0,0,0,0,0,0,0,0,0,0,0,[1]
alejandro-ao/ask-multiple-pdfs,alfcodex,1,0,0,0,0,0,0,0,0,0,0,0,0,0,[1]
alejandro-ao/ask-multiple-pdfs,IliasMo,0,1,0,0,0,0,0,0,0,0,0,0,0,0,[1]
alejandro-ao/ask-multiple-pdfs,andyluss,1,0,0,0,0,0,0,0,0,0,0,0,0,0,[1]
alejandro-ao/ask-multiple-pdfs,anis-marrouchi,1,0,0,0,0,0,0,0,0,0,0,0,0,0,[1]
alejandro-ao/ask-multiple-pdfs,eu09,1,0,0,0,0,0,0,0,0,0,0,0,0,0,[1]
alejandro-ao/ask-multiple-pdfs,strandline,1,0,0,0,0,0,0,0,0,0,0,0,0,0,[1]
alejandro-ao/ask-multiple-pdfs,wudongfeng,0,1,0,0,0,0,0,0,0,0,0,0,0,0,[1]
alejandro-ao/ask-multiple-pdfs,michelschep,1,0,0,0,0,0,0,0,0,0,0,0,0,0,[1]
alejandro-ao/ask-multiple-pdfs,akrichikov,1,0,0,0,0,0,0,0,0,0,0,0,0,0,[1]
alejandro-ao/ask-multiple-pdfs,alejandro-ao,1,0,0,0,0,0,0,0,0,0,0,0,0,0,[1]
alejandro-ao/ask-multiple-pdfs,simon-hng,1,0,0,0,0,0,0,0,0,0,0,0,0,0,[1]
alejandro-ao/ask-multiple-pdfs,wahajahmad,1,0,0,0,0,0,0,0,0,0,0,0,0,0,[1]
alejandro-ao/ask-multiple-pdfs,GavinChen1314,0,1,0,0,0,0,0,0,0,0,0,0,0,0,[1]
alejandro-ao/ask-multiple-pdfs,fermaf,1,1,0,0,0,0,0,0,0,0,0,0,0,0,[2]
alejandro-ao/ask-multiple-pdfs,C4EVA-SOG,1,0,0,0,0,0,0,0,0,0,0,0,0,0,[1]
alejandro-ao/ask-multiple-pdfs,siscanu,1,0,0,0,0,0,0,0,0,0,0,0,0,0,[1]
alejandro-ao/ask-multiple-pdfs,ja-perez,1,0,0,0,0,0,0,0,0,0,0,0,0,0,[1]
alejandro-ao/ask-multiple-pdfs,stevegyutyan,0,1,0,0,0,0,0,0,0,0,0,0,0,0,[1]
alejandro-ao/ask-multiple-pdfs,haubar,1,0,0,0,0,0,0,0,0,0,0,0,0,0,[1]
alejandro-ao/ask-multiple-pdfs,joeyposton,1,0,0,0,0,0,0,0,0,0,0,0,0,0,[1]
alejandro-ao/ask-multiple-pdfs,msblendorio,0,1,0,0,0,0,0,0,0,0,0,0,0,0,[1]
alejandro-ao/ask-multiple-pdfs,wbricker29,1,0,0,0,0,0,0,0,0,0,0,0,0,0,[1]
alejandro-ao/ask-multiple-pdfs,vanshika230,0,1,0,0,0,0,0,0,0,0,0,0,0,0,[1]
alejandro-ao/ask-multiple-pdfs,Ansgineo,1,0,0,0,0,0,0,0,0,0,0,0,0,0,[1]
alejandro-ao/ask-multiple-pdfs,mudittiwari255,1,0,0,0,0,0,0,0,0,0,0,0,0,0,[1]
alejandro-ao/ask-multiple-pdfs,ESK-01,1,0,0,0,0,0,0,0,0,0,0,0,0,0,[1]
alejandro-ao/ask-multiple-pdfs,brainable,1,0,0,0,0,0,0,0,0,0,0,0,0,0,[1]
alejandro-ao/ask-multiple-pdfs,nikolaaswillaert,0,1,0,0,0,0,0,0,0,0,0,0,0,0,[1]
alejandro-ao/ask-multiple-pdfs,ban94,1,0,0,0,0,0,0,0,0,0,0,0,0,0,[1]
alejandro-ao/ask-multiple-pdfs,zengbo,1,0,0,0,0,0,0,0,0,0,0,0,0,0,[1]
alejandro-ao/ask-multiple-pdfs,rul3rst4,1,0,0,0,0,0,0,0,0,0,0,0,0,0,[1]
alejandro-ao/ask-multiple-pdfs,miciba,1,0,0,0,0,0,0,0,0,0,0,0,0,0,[1]
alejandro-ao/ask-multiple-pdfs,skarl-api,1,0,0,0,0,0,0,0,0,0,0,0,0,0,[1]
alejandro-ao/ask-multiple-pdfs,CArranz314,1,0,0,0,0,0,0,0,0,0,0,0,0,0,[1]
alejandro-ao/ask-multiple-pdfs,tureki,1,0,0,0,0,0,0,0,0,0,0,0,0,0,[1]
alejandro-ao/ask-multiple-pdfs,jinglings,1,0,0,0,0,0,0,0,0,0,0,0,0,0,[1]
alejandro-ao/ask-multiple-pdfs,Trree,1,0,0,0,0,0,0,0,0,0,0,0,0,0,[1]
alejandro-ao/ask-multiple-pdfs,Rumozuk,1,0,0,0,0,0,0,0,0,0,0,0,0,0,[1]
alejandro-ao/ask-multiple-pdfs,xemesoft,1,0,0,0,0,0,0,0,0,0,0,0,0,0,[1]
alejandro-ao/ask-multiple-pdfs,motazsaad,1,0,0,0,0,0,0,0,0,0,0,0,0,0,[1]
alejandro-ao/ask-multiple-pdfs,dgo2dance,1,0,0,0,0,0,0,0,0,0,0,0,0,0,[1]
alejandro-ao/ask-multiple-pdfs,sateesh2020,0,1,0,0,0,0,0,0,0,0,0,0,0,0,[1]
alejandro-ao/ask-multiple-pdfs,maotoledo,1,0,1,1,0,0,0,0,0,0,0,0,0,0,[3]
alejandro-ao/ask-multiple-pdfs,vinapp,0,1,0,0,0,0,0,0,0,0,0,0,0,0,[1]
alejandro-ao/ask-multiple-pdfs,dylanxia2017,1,0,0,0,0,0,0,0,0,0,0,0,0,0,[1]
alejandro-ao/ask-multiple-pdfs,YousefMohassab,1,0,0,0,0,0,0,0,0,0,0,0,0,0,[1]
alejandro-ao/ask-multiple-pdfs,inproxima,1,0,0,0,0,0,0,0,0,0,0,0,0,0,[1]
alejandro-ao/ask-multiple-pdfs,Canerhan,1,0,0,0,0,0,0,0,0,0,0,0,0,0,[1]
alejandro-ao/ask-multiple-pdfs,ScottishFold007,1,0,0,0,0,0,0,0,0,0,0,0,0,0,[1]
alejandro-ao/ask-multiple-pdfs,faddy19,1,0,0,0,0,0,0,0,0,0,0,0,0,0,[1]
alejandro-ao/ask-multiple-pdfs,VirtualDylan,1,0,0,0,0,0,0,0,0,0,0,0,0,0,[1]
alejandro-ao/ask-multiple-pdfs,josephchang10,1,0,0,0,0,0,0,0,0,0,0,0,0,0,[1]
alejandro-ao/ask-multiple-pdfs,db1221,1,0,0,0,0,0,0,0,0,0,0,0,0,0,[1]
alejandro-ao/ask-multiple-pdfs,ALMARRI,1,0,0,0,0,0,0,0,0,0,0,0,0,0,[1]
alejandro-ao/ask-multiple-pdfs,federicopalma-pro,0,1,0,0,0,0,0,0,0,0,0,0,0,0,[1]
