bluesky-social/atproto,matteocargnelutti,1,0,0,0,0,0,0,0,0,0,0,0,0,0,[1]
bluesky-social/atproto,ysterbal,0,1,0,0,0,0,0,0,0,0,0,0,0,0,[1]
bluesky-social/atproto,Havoc24k,1,0,0,0,0,0,0,0,0,0,0,0,0,0,[1]
bluesky-social/atproto,Lawrenceku,1,1,0,0,0,0,0,0,0,0,0,0,0,0,[2]
bluesky-social/atproto,devlulcas,1,0,0,0,0,0,0,0,0,0,0,0,0,0,[1]
bluesky-social/atproto,mrhyperbit,1,0,0,0,0,0,0,0,0,0,0,0,0,0,[1]
bluesky-social/atproto,beeman,0,1,0,0,0,0,0,0,0,0,0,0,0,0,[1]
bluesky-social/atproto,nfa1,1,0,0,0,0,0,0,0,0,0,0,0,0,0,[1]
bluesky-social/atproto,ethanfuerst,1,0,0,0,0,0,0,0,0,0,0,0,0,0,[1]
bluesky-social/atproto,stevenferrer,1,0,0,0,0,0,0,0,0,0,0,0,0,0,[1]
bluesky-social/atproto,MattEagle95,1,0,0,0,0,0,0,0,0,0,0,0,0,0,[1]
bluesky-social/atproto,akoserwal,0,1,0,0,0,0,0,0,0,0,0,0,0,0,[1]
bluesky-social/atproto,avoidwork,1,0,0,0,0,0,0,0,0,0,0,0,0,0,[1]
bluesky-social/atproto,0bl,1,0,0,0,0,0,0,0,0,0,0,0,0,0,[1]
bluesky-social/atproto,Skarsh,1,0,0,0,0,0,0,0,0,0,0,0,0,0,[1]
bluesky-social/atproto,rockofox,1,0,0,0,0,0,0,0,0,0,0,0,0,0,[1]
bluesky-social/atproto,onursercanyilmaz,1,0,0,0,0,0,0,0,0,0,0,0,0,0,[1]
bluesky-social/atproto,astrolemonade,1,1,0,0,0,0,0,0,0,0,0,0,0,0,[2]
bluesky-social/atproto,QGIsK,1,0,0,0,0,0,0,0,0,0,0,0,0,0,[1]
bluesky-social/atproto,iantocristian,5,0,0,0,0,0,0,0,0,0,0,0,0,0,[5]
bluesky-social/atproto,bricesuazo,1,0,0,0,0,0,0,0,0,0,0,0,0,0,[1]
bluesky-social/atproto,joeledwards,1,0,0,0,0,0,0,0,0,0,0,0,0,0,[1]
bluesky-social/atproto,devinivy,0,0,5,1,49,20,0,10,9,0,0,0,20,0,[114]
bluesky-social/atproto,roj1512,1,1,8,0,0,2,0,0,0,0,0,0,0,0,[12]
bluesky-social/atproto,yonycalsin,1,0,0,0,0,0,0,0,0,0,0,0,0,0,[1]
bluesky-social/atproto,Praiz001,1,0,0,0,0,0,0,0,0,0,0,0,0,0,[1]
bluesky-social/atproto,ugurkorkmaz,1,0,0,0,0,0,0,0,0,0,0,0,0,0,[1]
bluesky-social/atproto,seanbarry-kso,1,0,0,0,0,0,0,0,0,0,0,0,0,0,[1]
bluesky-social/atproto,huamichaelchen,0,1,0,0,0,0,0,0,0,0,0,0,0,0,[1]
bluesky-social/atproto,dholms,0,0,1,2,56,22,0,11,13,0,0,0,5,0,[110]
bluesky-social/atproto,futsuuu,0,1,0,0,0,0,0,0,0,0,0,0,0,0,[1]
bluesky-social/atproto,illinifellow,1,0,0,0,0,0,0,0,0,0,0,0,0,0,[1]
bluesky-social/atproto,NOOBDY,1,0,0,0,0,0,0,0,0,0,0,0,0,0,[1]
bluesky-social/atproto,jorinvo,1,0,0,0,0,0,0,0,0,0,0,0,0,0,[1]
bluesky-social/atproto,paulbradish,1,0,0,0,0,0,0,0,0,0,0,0,0,0,[1]
bluesky-social/atproto,Dhul-Husni,1,0,0,0,0,0,0,0,0,0,0,0,0,0,[1]
bluesky-social/atproto,priom,1,0,0,0,0,0,0,0,0,0,0,0,0,0,[1]
bluesky-social/atproto,luisaugusto,1,0,0,0,0,0,0,0,0,0,0,0,0,0,[1]
bluesky-social/atproto,smith911-tech,0,0,0,1,0,0,0,0,0,0,0,0,0,0,[1]
bluesky-social/atproto,jerkovicl,1,0,0,0,0,0,0,0,0,0,0,0,0,0,[1]
bluesky-social/atproto,hoangtrung99,1,0,0,0,0,0,0,0,0,0,0,0,0,0,[1]
bluesky-social/atproto,discapacidad5,0,0,0,1,0,0,0,0,0,0,0,0,0,0,[1]
bluesky-social/atproto,Morpheusse,1,0,0,0,0,0,0,0,0,0,0,0,0,0,[1]
bluesky-social/atproto,victory-sokolov,1,0,0,0,0,0,0,0,0,0,0,0,0,0,[1]
bluesky-social/atproto,fratzinger,1,0,0,0,0,0,0,0,0,0,0,0,0,0,[1]
bluesky-social/atproto,mayrmax,1,0,0,0,0,0,0,0,0,0,0,0,0,0,[1]
bluesky-social/atproto,hasan93933,1,0,0,0,0,0,0,0,0,0,0,0,0,0,[1]
bluesky-social/atproto,snarfed,0,0,0,1,0,0,0,0,0,0,0,0,0,0,[1]
bluesky-social/atproto,ibgrav,1,0,0,0,0,0,0,0,0,0,0,0,0,0,[1]
bluesky-social/atproto,draaglom,1,0,0,0,0,0,0,0,0,0,0,0,0,0,[1]
bluesky-social/atproto,pxseu,1,0,0,0,0,0,0,0,0,0,0,0,0,0,[1]
bluesky-social/atproto,mxschll,1,0,0,0,0,0,0,0,0,0,0,0,0,0,[1]
bluesky-social/atproto,ThatOneBro,1,0,0,0,0,0,0,0,0,0,0,0,0,0,[1]
bluesky-social/atproto,merlinthecoin,1,0,0,0,0,0,0,0,0,0,0,0,0,0,[1]
bluesky-social/atproto,yusukebe,1,0,0,0,0,0,0,0,0,0,0,0,0,0,[1]
bluesky-social/atproto,colgin,1,0,0,0,0,0,0,0,0,0,0,0,0,0,[1]
bluesky-social/atproto,Adamkaram,1,0,0,0,0,0,0,0,0,0,0,0,0,0,[1]
bluesky-social/atproto,maxdemaio,1,0,0,0,0,0,0,0,0,0,0,0,0,0,[1]
bluesky-social/atproto,jiajia20,1,0,0,0,0,0,0,0,0,0,0,0,0,0,[1]
bluesky-social/atproto,lastzero,1,0,0,0,0,0,0,0,0,0,0,0,0,0,[1]
bluesky-social/atproto,Arindam200,1,0,0,0,0,0,0,0,0,0,0,0,0,0,[1]
bluesky-social/atproto,Abdulali97,1,0,0,0,0,0,0,0,0,0,0,0,0,0,[1]
bluesky-social/atproto,eymel,1,0,0,0,0,0,0,0,0,0,0,0,0,0,[1]
bluesky-social/atproto,steven-tey,1,0,0,0,0,0,0,0,0,0,0,0,0,0,[1]
bluesky-social/atproto,pfrazee,0,0,3,0,4,7,0,3,3,0,0,0,0,0,[20]
bluesky-social/atproto,frankievalentine,1,0,0,0,0,0,0,0,0,0,0,0,0,0,[1]
bluesky-social/atproto,ealmuina,1,0,0,0,0,0,0,0,0,0,0,0,0,0,[1]
bluesky-social/atproto,MichalMoravik,1,0,0,0,0,0,0,0,0,0,0,0,0,0,[1]
bluesky-social/atproto,zricethezav,1,0,0,0,0,0,0,0,0,0,0,0,0,0,[1]
bluesky-social/atproto,alexn-s,1,0,0,0,0,0,0,0,0,0,0,0,0,0,[1]
bluesky-social/atproto,digizeph,1,0,0,0,0,0,0,0,0,0,0,0,0,0,[1]
bluesky-social/atproto,thinkverse,0,1,0,0,0,1,0,0,0,0,0,0,0,0,[2]
bluesky-social/atproto,kripod,1,0,0,0,0,0,0,0,0,0,0,0,0,0,[1]
bluesky-social/atproto,antoinebou12,1,0,0,0,0,0,0,0,0,0,0,0,0,0,[1]
bluesky-social/atproto,brunojppb,1,0,0,0,0,0,0,0,0,0,0,0,0,0,[1]
bluesky-social/atproto,luvi,1,0,0,0,0,0,0,0,0,0,0,0,0,0,[1]
bluesky-social/atproto,cmoog,1,0,0,0,0,0,0,0,0,0,0,0,0,0,[1]
bluesky-social/atproto,bnewbold,0,0,3,0,3,4,0,3,1,0,0,0,0,0,[14]
bluesky-social/atproto,ramsaysewell,1,0,0,0,0,0,0,0,0,0,0,0,0,0,[1]
bluesky-social/atproto,marsidev,1,0,0,0,0,0,0,0,0,0,0,0,0,0,[1]
bluesky-social/atproto,TylersTech2020,1,0,0,0,0,0,0,0,0,0,0,0,0,0,[1]
bluesky-social/atproto,xyluis,1,0,0,0,0,0,0,0,0,0,0,0,0,0,[1]
bluesky-social/atproto,dscott1008,1,0,0,0,0,0,0,0,0,0,0,0,0,0,[1]
bluesky-social/atproto,nonkung51,1,0,0,0,0,0,0,0,0,0,0,0,0,0,[1]
bluesky-social/atproto,mohnish,1,0,0,0,0,0,0,0,0,0,0,0,0,0,[1]
bluesky-social/atproto,zmack,1,0,0,0,0,0,0,0,0,0,0,0,0,0,[1]
bluesky-social/atproto,yashsehgal-clamp,1,0,0,0,0,0,0,0,0,0,0,0,0,0,[1]
bluesky-social/atproto,skordyr,1,0,0,0,0,0,0,0,0,0,0,0,0,0,[1]
bluesky-social/atproto,yesmeck,1,0,0,0,0,0,0,0,0,0,0,0,0,0,[1]
bluesky-social/atproto,pupbrained,1,0,0,0,0,0,0,0,0,0,0,0,0,0,[1]
bluesky-social/atproto,rafaelmfonseca,1,0,0,0,0,0,0,0,0,0,0,0,0,0,[1]
bluesky-social/atproto,LaxmanSinghTomar,1,0,0,0,0,0,0,0,0,0,0,0,0,0,[1]
bluesky-social/atproto,Qs-F,1,0,0,0,0,0,0,0,0,0,0,0,0,0,[1]
bluesky-social/atproto,xiduoc,1,0,0,0,0,0,0,0,0,0,0,0,0,0,[1]
bluesky-social/atproto,esears97,1,0,0,0,0,0,0,0,0,0,0,0,0,0,[1]
bluesky-social/atproto,dritter,1,0,0,0,0,0,0,0,0,0,0,0,0,0,[1]
bluesky-social/atproto,AndrewRayCode,1,0,0,0,0,0,0,0,0,0,0,0,0,0,[1]
bluesky-social/atproto,ashish1500616,1,0,0,0,0,0,0,0,0,0,0,0,0,0,[1]
bluesky-social/atproto,piroz,1,0,0,0,0,0,0,0,0,0,0,0,0,0,[1]
bluesky-social/atproto,berzerkeer,1,0,0,0,0,0,0,0,0,0,0,0,0,0,[1]
bluesky-social/atproto,DaneAlex,1,0,0,0,0,0,0,0,0,0,0,0,0,0,[1]
bluesky-social/atproto,hyperupcall,1,0,0,0,0,0,0,0,0,0,0,0,0,0,[1]
bluesky-social/atproto,OguzhanAyar,1,0,0,0,0,0,0,0,0,0,0,0,0,0,[1]
bluesky-social/atproto,joonmo-you,1,0,0,0,0,0,0,0,0,0,0,0,0,0,[1]
bluesky-social/atproto,kssflow,1,0,0,0,0,0,0,0,0,0,0,0,0,0,[1]
bluesky-social/atproto,diabhey,1,0,0,0,0,0,0,0,0,0,0,0,0,0,[1]
bluesky-social/atproto,constantine-nikolaou,1,0,0,0,0,0,0,0,0,0,0,0,0,0,[1]
bluesky-social/atproto,PleahMaCaka,1,0,0,0,0,0,0,0,0,0,0,0,0,0,[1]
bluesky-social/atproto,aayushmau5,1,0,0,0,0,0,0,0,0,0,0,0,0,0,[1]
bluesky-social/atproto,0xtimosarkar,1,0,0,0,0,0,0,0,0,0,0,0,0,0,[1]
bluesky-social/atproto,Tom-Bonnike,1,0,0,0,0,0,0,0,0,0,0,0,0,0,[1]
bluesky-social/atproto,ju-c,1,0,0,0,0,0,0,0,0,0,0,0,0,0,[1]
bluesky-social/atproto,fyezool,1,0,0,0,0,0,0,0,0,0,0,0,0,0,[1]
bluesky-social/atproto,chribjel,1,0,0,0,0,0,0,0,0,0,0,0,0,0,[1]
bluesky-social/atproto,JUSTIVE,1,0,0,0,0,0,0,0,0,0,0,0,0,0,[1]
bluesky-social/atproto,fakoli,1,0,0,0,0,0,0,0,0,0,0,0,0,0,[1]
bluesky-social/atproto,jakewoodau,1,0,0,0,0,0,0,0,0,0,0,0,0,0,[1]
bluesky-social/atproto,JoeStover,1,0,0,0,0,0,0,0,0,0,0,0,0,0,[1]
bluesky-social/atproto,gcavanunez,1,0,0,0,0,0,0,0,0,0,0,0,0,0,[1]
bluesky-social/atproto,Naitry,1,0,0,0,0,0,0,0,0,0,0,0,0,0,[1]
bluesky-social/atproto,LauraLangdon,1,0,0,0,0,0,0,0,0,0,0,0,0,0,[1]
bluesky-social/atproto,bartfer,1,0,0,0,0,0,0,0,0,0,0,0,0,0,[1]
bluesky-social/atproto,Parham3679srsr,1,0,0,0,0,0,0,0,0,0,0,0,0,0,[1]
bluesky-social/atproto,bahadurh,1,0,0,0,0,0,0,0,0,0,0,0,0,0,[1]
bluesky-social/atproto,williamburns,1,0,0,0,0,0,0,0,0,0,0,0,0,0,[1]
bluesky-social/atproto,tchardonnens,1,0,0,0,0,0,0,0,0,0,0,0,0,0,[1]
bluesky-social/atproto,yafesdot,1,0,2,1,0,3,0,0,0,0,0,0,0,0,[7]
bluesky-social/atproto,taha-yassine,1,0,0,0,0,0,0,0,0,0,0,0,0,0,[1]
bluesky-social/atproto,bnchi,1,0,0,0,0,0,0,0,0,0,0,0,0,0,[1]
bluesky-social/atproto,seonglae,1,0,0,0,0,0,0,0,0,0,0,0,0,0,[1]
bluesky-social/atproto,carlogilmar,1,0,0,0,0,0,0,0,0,0,0,0,0,0,[1]
bluesky-social/atproto,M-Dahab,1,0,0,0,0,0,0,0,0,0,0,0,0,0,[1]
bluesky-social/atproto,zengzzzzz,1,0,0,0,0,0,0,0,0,0,0,0,0,0,[1]
bluesky-social/atproto,smonami,1,0,0,0,0,0,0,0,0,0,0,0,0,0,[1]
bluesky-social/atproto,DrSpaniel,1,0,0,0,0,0,0,0,0,0,0,0,0,0,[1]
bluesky-social/atproto,gyunggyung,1,0,0,0,0,0,0,0,0,0,0,0,0,0,[1]
bluesky-social/atproto,mpriscella,1,0,0,0,0,0,0,0,0,0,0,0,0,0,[1]
bluesky-social/atproto,wesbos,0,1,3,1,0,1,0,0,0,0,0,0,0,0,[6]
bluesky-social/atproto,Christopher2K,1,0,0,0,0,0,0,0,0,0,0,0,0,0,[1]
bluesky-social/atproto,clarkdave,1,0,0,0,0,0,0,0,0,0,0,0,0,0,[1]
bluesky-social/atproto,OakleyCord,1,0,0,0,0,0,0,0,0,0,0,0,0,0,[1]
bluesky-social/atproto,SoliMouse,1,0,0,0,0,0,0,0,0,0,0,0,0,0,[1]
bluesky-social/atproto,Jazzkid0,1,0,0,0,0,0,0,0,0,0,0,0,0,0,[1]
bluesky-social/atproto,rudeigerc,1,0,0,0,0,0,0,0,0,0,0,0,0,0,[1]
bluesky-social/atproto,rewrking,1,0,0,0,0,0,0,0,0,0,0,0,0,0,[1]
bluesky-social/atproto,filmgirl,1,0,0,0,0,0,0,0,0,0,0,0,0,0,[1]
bluesky-social/atproto,ibnuh,1,0,0,0,0,0,0,0,0,0,0,0,0,0,[1]
bluesky-social/atproto,alexismansilla,1,0,0,0,0,0,0,0,0,0,0,0,0,0,[1]
bluesky-social/atproto,mikesprague,1,0,0,0,0,0,0,0,0,0,0,0,0,0,[1]
bluesky-social/atproto,MuhammadSabah,1,0,0,0,0,0,0,0,0,0,0,0,0,0,[1]
bluesky-social/atproto,olivermontes,1,0,0,0,0,0,0,0,0,0,0,0,0,0,[1]
bluesky-social/atproto,syropian,1,0,0,0,0,0,0,0,0,0,0,0,0,0,[1]
bluesky-social/atproto,agnosticlines,1,0,0,0,0,0,0,0,0,0,0,0,0,0,[1]
bluesky-social/atproto,RobSchilderr,1,0,0,0,0,0,0,0,0,0,0,0,0,0,[1]
bluesky-social/atproto,maamalama,1,0,0,0,0,0,0,0,0,0,0,0,0,0,[1]
bluesky-social/atproto,Amadeus-Tenknown,1,0,0,0,0,0,0,0,0,0,0,0,0,0,[1]
bluesky-social/atproto,msekeris,1,0,0,0,0,0,0,0,0,0,0,0,0,0,[1]
bluesky-social/atproto,congdv,1,0,0,0,0,0,0,0,0,0,0,0,0,0,[1]
bluesky-social/atproto,TheMushrr00m,1,0,0,0,0,0,0,0,0,0,0,0,0,0,[1]
bluesky-social/atproto,NguyenHaiNam24082000,1,0,0,0,0,0,0,0,0,0,0,0,0,0,[1]
bluesky-social/atproto,guilhermebkel,1,0,0,0,0,0,0,0,0,0,0,0,0,0,[1]
bluesky-social/atproto,jmargeta,1,0,0,0,0,0,0,0,0,0,0,0,0,0,[1]
bluesky-social/atproto,Mirko185,1,0,0,0,0,0,0,0,0,0,0,0,0,0,[1]
bluesky-social/atproto,AlexxNica,1,0,0,0,0,0,0,0,0,0,0,0,0,0,[1]
bluesky-social/atproto,Ravenmoray,1,0,0,0,0,0,0,0,0,0,0,0,0,0,[1]
bluesky-social/atproto,sadamia,1,0,0,0,0,0,0,0,0,0,0,0,0,0,[1]
bluesky-social/atproto,SargeKhan,1,0,0,0,0,0,0,0,0,0,0,0,0,0,[1]
bluesky-social/atproto,SSven,1,0,0,0,0,0,0,0,0,0,0,0,0,0,[1]
bluesky-social/atproto,thawankeane,1,0,0,0,0,0,0,0,0,0,0,0,0,0,[1]
bluesky-social/atproto,evert-smit,1,0,0,0,0,0,0,0,0,0,0,0,0,0,[1]
bluesky-social/atproto,AndreaGriffiths11,1,0,0,0,0,0,0,0,0,0,0,0,0,0,[1]
bluesky-social/atproto,Pent,1,0,0,0,0,0,0,0,0,0,0,0,0,0,[1]
bluesky-social/atproto,dunxen,1,0,0,0,0,0,0,0,0,0,0,0,0,0,[1]
bluesky-social/atproto,AlexAdamov,1,0,0,0,0,0,0,0,0,0,0,0,0,0,[1]
bluesky-social/atproto,jeremydaly,1,0,0,0,0,0,0,0,0,0,0,0,0,0,[1]
bluesky-social/atproto,dirien,1,0,0,0,0,0,0,0,0,0,0,0,0,0,[1]
bluesky-social/atproto,apxbah,1,0,0,0,0,0,0,0,0,0,0,0,0,0,[1]
bluesky-social/atproto,llawall,1,0,0,0,0,0,0,0,0,0,0,0,0,0,[1]
bluesky-social/atproto,julianaijal,1,0,0,0,0,0,0,0,0,0,0,0,0,0,[1]
bluesky-social/atproto,stienman,1,0,0,0,0,0,0,0,0,0,0,0,0,0,[1]
bluesky-social/atproto,jemgold,0,0,3,0,0,0,0,0,0,0,0,0,0,0,[3]
bluesky-social/atproto,nichejambinn,1,0,0,0,0,0,0,0,0,0,0,0,0,0,[1]
bluesky-social/atproto,martinwoodward,1,0,0,0,0,0,0,0,0,0,0,0,0,0,[1]
bluesky-social/atproto,flbn,0,0,1,1,0,0,0,0,0,0,0,0,0,0,[2]
bluesky-social/atproto,diver-dev,0,1,0,0,0,0,0,0,0,0,0,0,0,0,[1]
bluesky-social/atproto,bryanbarrios,1,0,0,0,0,0,0,0,0,0,0,0,0,0,[1]
bluesky-social/atproto,creasel1ghtning,1,0,0,0,0,0,0,0,0,0,0,0,0,0,[1]
bluesky-social/atproto,jeverduzco,1,0,0,0,0,0,0,0,0,0,0,0,0,0,[1]
bluesky-social/atproto,guru-of-sound,1,0,0,0,0,0,0,0,0,0,0,0,0,0,[1]
bluesky-social/atproto,potatoqualitee,1,0,0,0,0,0,0,0,0,0,0,0,0,0,[1]
bluesky-social/atproto,AmrMohamad,1,0,0,0,0,0,0,0,0,0,0,0,0,0,[1]
bluesky-social/atproto,harupom,1,0,0,0,0,0,0,0,0,0,0,0,0,0,[1]
bluesky-social/atproto,muse-pub,0,1,0,0,0,0,0,0,0,0,0,0,0,0,[1]
bluesky-social/atproto,JAManfredi,1,0,0,0,0,0,0,0,0,0,0,0,0,0,[1]
bluesky-social/atproto,Machineric,1,0,0,0,0,0,0,0,0,0,0,0,0,0,[1]
bluesky-social/atproto,srcnix,1,0,0,0,0,0,0,0,0,0,0,0,0,0,[1]
bluesky-social/atproto,lizhiyu-me,1,0,0,0,0,0,0,0,0,0,0,0,0,0,[1]
bluesky-social/atproto,goz,1,0,0,0,0,0,0,0,0,0,0,0,0,0,[1]
bluesky-social/atproto,4cm4k1,1,0,0,0,0,0,0,0,0,0,0,0,0,0,[1]
bluesky-social/atproto,manV,1,0,0,0,0,0,0,0,0,0,0,0,0,0,[1]
bluesky-social/atproto,paularah,1,0,0,0,0,0,0,0,0,0,0,0,0,0,[1]
bluesky-social/atproto,laymonage,1,0,0,0,0,0,0,0,0,0,0,0,0,0,[1]
bluesky-social/atproto,soundsystems,2,0,0,0,0,0,0,0,0,0,0,0,0,0,[2]
bluesky-social/atproto,MonirAbuHilal,1,0,0,0,0,0,0,0,0,0,0,0,0,0,[1]
bluesky-social/atproto,sanamhub,1,0,0,0,0,0,0,0,0,0,0,0,0,0,[1]
bluesky-social/atproto,kylehowells,1,0,0,0,0,0,0,0,0,0,0,0,0,0,[1]
bluesky-social/atproto,Gisgar3,1,0,0,0,0,0,0,0,0,0,0,0,0,0,[1]
bluesky-social/atproto,sfenman,1,0,0,0,0,0,0,0,0,0,0,0,0,0,[1]
bluesky-social/atproto,aksalj,1,0,0,0,0,0,0,0,0,0,0,0,0,0,[1]
bluesky-social/atproto,aofei,1,0,0,0,0,0,0,0,0,0,0,0,0,0,[1]
bluesky-social/atproto,donokuda,1,0,0,0,0,0,0,0,0,0,0,0,0,0,[1]
bluesky-social/atproto,seolhw,1,0,0,0,0,0,0,0,0,0,0,0,0,0,[1]
bluesky-social/atproto,onetxpunch,1,0,0,0,0,0,0,0,0,0,0,0,0,0,[1]
bluesky-social/atproto,MithunArunan,1,0,0,0,0,0,0,0,0,0,0,0,0,0,[1]
bluesky-social/atproto,sgarciac,1,0,0,0,0,0,0,0,0,0,0,0,0,0,[1]
bluesky-social/atproto,VasuDevrani,1,0,0,0,0,0,0,0,0,0,0,0,0,0,[1]
bluesky-social/atproto,johnspurlock,0,0,0,1,0,0,0,0,0,0,0,0,0,0,[1]
bluesky-social/atproto,junaid33,1,0,0,0,0,0,0,0,0,0,0,0,0,0,[1]
bluesky-social/atproto,iCrawl,1,0,0,0,0,0,0,0,0,0,0,0,0,0,[1]
bluesky-social/atproto,philnash,1,0,0,0,0,0,0,0,0,0,0,0,0,0,[1]
bluesky-social/atproto,mohiqbalrafsanjani,1,0,0,0,0,0,0,0,0,0,0,0,0,0,[1]
bluesky-social/atproto,lorddev,1,0,0,0,0,0,0,0,0,0,0,0,0,0,[1]
bluesky-social/atproto,shivamsinghydv,0,1,0,0,0,0,0,0,0,0,0,0,0,0,[1]
bluesky-social/atproto,elohffa,1,0,0,0,0,0,0,0,0,0,0,0,0,0,[1]
bluesky-social/atproto,Jay9874,1,0,0,0,0,0,0,0,0,0,0,0,0,0,[1]
bluesky-social/atproto,DLRAM,1,0,0,0,0,0,0,0,0,0,0,0,0,0,[1]
bluesky-social/atproto,bradpurchase,1,0,0,0,0,0,0,0,0,0,0,0,0,0,[1]
bluesky-social/atproto,nikosun,1,0,0,0,0,0,0,0,0,0,0,0,0,0,[1]
bluesky-social/atproto,kauemendes,1,0,0,0,0,0,0,0,0,0,0,0,0,0,[1]
bluesky-social/atproto,datejer,1,0,0,0,0,0,0,0,0,0,0,0,0,0,[1]
bluesky-social/atproto,sarthakagrawal927,1,0,0,0,0,0,0,0,0,0,0,0,0,0,[1]
bluesky-social/atproto,amirsadeghi1,1,0,0,0,0,0,0,0,0,0,0,0,0,0,[1]
bluesky-social/atproto,cybaj,1,0,0,0,0,0,0,0,0,0,0,0,0,0,[1]
bluesky-social/atproto,sonyarianto,1,0,0,0,0,0,0,0,0,0,0,0,0,0,[1]
bluesky-social/atproto,hi-skittles,1,0,0,0,0,0,0,0,0,0,0,0,0,0,[1]
bluesky-social/atproto,I3aNgDiChSeLbSt,1,0,0,0,0,0,0,0,0,0,0,0,0,0,[1]
bluesky-social/atproto,flexsquee,1,0,0,0,0,0,0,0,0,0,0,0,0,0,[1]
bluesky-social/atproto,hecterbonha,1,0,0,0,0,0,0,0,0,0,0,0,0,0,[1]
bluesky-social/atproto,tcyrus,1,0,0,0,0,0,0,0,0,0,0,0,0,0,[1]
bluesky-social/atproto,mbaneshi,1,1,0,0,0,0,0,0,0,0,0,0,0,0,[2]
bluesky-social/atproto,tnguyen21,1,0,0,0,0,0,0,0,0,0,0,0,0,0,[1]
bluesky-social/atproto,RyanPaulGannon,1,0,0,0,0,0,0,0,0,0,0,0,0,0,[1]
bluesky-social/atproto,53jk1,1,0,0,0,0,0,0,0,0,0,0,0,0,0,[1]
bluesky-social/atproto,progrmoiz,1,0,0,0,0,0,0,0,0,0,0,0,0,0,[1]
bluesky-social/atproto,LukyVj,1,0,0,0,0,0,0,0,0,0,0,0,0,0,[1]
bluesky-social/atproto,javierferrersb,1,0,0,0,0,0,0,0,0,0,0,0,0,0,[1]
bluesky-social/atproto,wil93,1,0,0,0,0,0,0,0,0,0,0,0,0,0,[1]
bluesky-social/atproto,roccozanni,1,0,0,0,0,0,0,0,0,0,0,0,0,0,[1]
bluesky-social/atproto,coldter,1,0,0,0,0,0,0,0,0,0,0,0,0,0,[1]
bluesky-social/atproto,rdmurphy,1,0,0,0,0,0,0,0,0,0,0,0,0,0,[1]
bluesky-social/atproto,warricklo,1,0,0,0,0,0,0,0,0,0,0,0,0,0,[1]
bluesky-social/atproto,yellow-dragon-cloud,1,0,0,0,0,0,0,0,0,0,0,0,0,0,[1]
bluesky-social/atproto,L3-NR,0,0,0,1,0,0,0,0,0,0,0,0,0,0,[1]
bluesky-social/atproto,myugen,1,0,0,0,0,0,0,0,0,0,0,0,0,0,[1]
bluesky-social/atproto,jakiestfu,1,0,0,0,0,0,0,0,0,0,0,0,0,0,[1]
bluesky-social/atproto,Berrones-Edwin,1,0,0,0,0,0,0,0,0,0,0,0,0,0,[1]
bluesky-social/atproto,allansrc,1,0,0,0,0,0,0,0,0,0,0,0,0,0,[1]
bluesky-social/atproto,nunocoracao,1,0,0,0,0,0,0,0,0,0,0,0,0,0,[1]
bluesky-social/atproto,heyecs,1,0,0,0,0,0,0,0,0,0,0,0,0,0,[1]
bluesky-social/atproto,tarek-eg,1,0,0,0,0,0,0,0,0,0,0,0,0,0,[1]
bluesky-social/atproto,MichaelPriebe,0,0,0,2,0,0,0,0,0,0,0,0,0,0,[2]
bluesky-social/atproto,mojoaar,1,0,0,0,0,0,0,0,0,0,0,0,0,0,[1]
bluesky-social/atproto,tomByrer,1,0,0,0,0,0,0,0,0,0,0,0,0,0,[1]
bluesky-social/atproto,Ayush170-Future,1,0,0,0,0,0,0,0,0,0,0,0,0,0,[1]
bluesky-social/atproto,iolo,1,0,0,0,0,0,0,0,0,0,0,0,0,0,[1]
bluesky-social/atproto,neerajkumar161,1,0,0,0,0,0,0,0,0,0,0,0,0,0,[1]
bluesky-social/atproto,aleclarson,1,0,0,0,0,0,0,0,0,0,0,0,0,0,[1]
bluesky-social/atproto,Briones,1,0,0,0,0,0,0,0,0,0,0,0,0,0,[1]
bluesky-social/atproto,redblame315,1,0,0,0,0,0,0,0,0,0,0,0,0,0,[1]
bluesky-social/atproto,bmestanov,1,0,0,0,0,0,0,0,0,0,0,0,0,0,[1]
bluesky-social/atproto,xCodeR01,1,0,0,0,0,0,0,0,0,0,0,0,0,0,[1]
bluesky-social/atproto,varun701,1,0,0,0,0,0,0,0,0,0,0,0,0,0,[1]
bluesky-social/atproto,uterc,1,0,0,0,0,0,0,0,0,0,0,0,0,0,[1]
bluesky-social/atproto,sabatesduran,1,0,0,0,0,0,0,0,0,0,0,0,0,0,[1]
bluesky-social/atproto,saifalfalah,1,0,0,0,0,0,0,0,0,0,0,0,0,0,[1]
bluesky-social/atproto,iamshabell,1,0,0,0,0,0,0,0,0,0,0,0,0,0,[1]
bluesky-social/atproto,t04glovern,1,0,0,0,0,0,0,0,0,0,0,0,0,0,[1]
bluesky-social/atproto,gabemeola,1,0,0,0,0,0,0,0,0,0,0,0,0,0,[1]
bluesky-social/atproto,sco,0,1,0,0,0,0,0,0,0,0,0,0,0,0,[1]
bluesky-social/atproto,raftario,1,0,0,0,0,0,0,0,0,0,0,0,0,0,[1]
bluesky-social/atproto,momotaro98,1,0,0,0,0,0,0,0,0,0,0,0,0,0,[1]
bluesky-social/atproto,hrshshrma,1,0,0,0,0,0,0,0,0,0,0,0,0,0,[1]
bluesky-social/atproto,Ada1433,1,0,0,0,0,0,0,0,0,0,0,0,0,0,[1]
bluesky-social/atproto,azmodii,1,0,0,0,0,0,0,0,0,0,0,0,0,0,[1]
bluesky-social/atproto,Zyplos,1,0,0,0,0,0,0,0,0,0,0,0,0,0,[1]
bluesky-social/atproto,eTheRule,1,0,0,0,0,0,0,0,0,0,0,0,0,0,[1]
bluesky-social/atproto,davesbits,1,0,0,0,0,0,0,0,0,0,0,0,0,0,[1]
bluesky-social/atproto,vitorpiovezam,1,0,0,0,0,0,0,0,0,0,0,0,0,0,[1]
bluesky-social/atproto,ehourdebaigt,1,0,0,0,0,0,0,0,0,0,0,0,0,0,[1]
bluesky-social/atproto,alfrednerstu,1,0,0,0,0,0,0,0,0,0,0,0,0,0,[1]
bluesky-social/atproto,ericaddojr,1,0,0,0,0,0,0,0,0,0,0,0,0,0,[1]
bluesky-social/atproto,KevSlashNull,0,1,0,0,0,0,0,0,0,0,0,0,0,0,[1]
bluesky-social/atproto,midivue,1,0,0,0,0,0,0,0,0,0,0,0,0,0,[1]
bluesky-social/atproto,ryanwinchester-forks,0,1,0,0,0,0,0,0,0,0,0,0,0,0,[1]
bluesky-social/atproto,mckellyp,1,0,0,0,0,0,0,0,0,0,0,0,0,0,[1]
bluesky-social/atproto,mmathea1,0,1,0,0,0,0,0,0,0,0,0,0,0,0,[1]
bluesky-social/atproto,kevinswiber,1,0,0,0,0,0,0,0,0,0,0,0,0,0,[1]
bluesky-social/atproto,bennett-elder,1,0,0,0,0,0,0,0,0,0,0,0,0,0,[1]
bluesky-social/atproto,aodin,1,0,0,0,0,0,0,0,0,0,0,0,0,0,[1]
bluesky-social/atproto,ziloka,1,0,0,0,0,0,0,0,0,0,0,0,0,0,[1]
bluesky-social/atproto,gmgcoders,1,0,0,0,0,0,0,0,0,0,0,0,0,0,[1]
bluesky-social/atproto,jrt846,1,0,0,0,0,0,0,0,0,0,0,0,0,0,[1]
bluesky-social/atproto,markmartirosian,1,0,0,0,0,0,0,0,0,0,0,0,0,0,[1]
bluesky-social/atproto,Tomoli75,1,0,0,0,0,0,0,0,0,0,0,0,0,0,[1]
bluesky-social/atproto,SweetPalindrome,1,0,0,0,0,0,0,0,0,0,0,0,0,0,[1]
bluesky-social/atproto,ryanwinchester,0,0,0,0,0,1,0,0,0,0,0,0,0,0,[1]
bluesky-social/atproto,brentfrederick,1,0,0,0,0,0,0,0,0,0,0,0,0,0,[1]
bluesky-social/atproto,toxin-x,0,1,0,0,0,0,0,0,0,0,0,0,0,0,[1]
bluesky-social/atproto,abrinsmead,1,0,0,0,0,0,0,0,0,0,0,0,0,0,[1]
bluesky-social/atproto,Seshpenguin,1,0,0,0,0,0,0,0,0,0,0,0,0,0,[1]
bluesky-social/atproto,ArLough,1,0,0,0,0,0,0,0,0,0,0,0,0,0,[1]
bluesky-social/atproto,minhhung123,1,0,0,0,0,0,0,0,0,0,0,0,0,0,[1]
bluesky-social/atproto,abetwothree,1,0,0,0,0,0,0,0,0,0,0,0,0,0,[1]
bluesky-social/atproto,Naitotchi,1,0,0,0,0,0,0,0,0,0,0,0,0,0,[1]
bluesky-social/atproto,harrygallagher4,1,0,0,0,0,0,0,0,0,0,0,0,0,0,[1]
bluesky-social/atproto,zchbndcc9,1,0,0,0,0,0,0,0,0,0,0,0,0,0,[1]
bluesky-social/atproto,lastCoyotes,1,0,0,0,0,0,0,0,0,0,0,0,0,0,[1]
bluesky-social/atproto,standard-robot,1,0,0,0,0,0,0,0,0,0,0,0,0,0,[1]
bluesky-social/atproto,alula,1,0,0,0,0,0,0,0,0,0,0,0,0,0,[1]
bluesky-social/atproto,pmgriffin,1,0,0,0,0,0,0,0,0,0,0,0,0,0,[1]
bluesky-social/atproto,JongWasTaken,1,0,0,0,0,0,0,0,0,0,0,0,0,0,[1]
bluesky-social/atproto,Smalls1652,1,0,0,0,0,0,0,0,0,0,0,0,0,0,[1]
bluesky-social/atproto,fayazmiraz,1,0,0,0,0,0,0,0,0,0,0,0,0,0,[1]
bluesky-social/atproto,cinaxriver,1,0,0,0,0,0,0,0,0,0,0,0,0,0,[1]
bluesky-social/atproto,jeielcms,1,0,0,0,0,0,0,0,0,0,0,0,0,0,[1]
bluesky-social/atproto,tspannhw,1,0,0,0,0,0,0,0,0,0,0,0,0,0,[1]
bluesky-social/atproto,andrewcourtice,1,0,0,0,0,0,0,0,0,0,0,0,0,0,[1]
bluesky-social/atproto,Fahrni,1,0,0,0,0,0,0,0,0,0,0,0,0,0,[1]
bluesky-social/atproto,MarkS-intf,1,0,0,0,0,0,0,0,0,0,0,0,0,0,[1]
bluesky-social/atproto,ivandardi,1,0,0,0,0,0,0,0,0,0,0,0,0,0,[1]
bluesky-social/atproto,tomlnd,1,0,0,0,0,0,0,0,0,0,0,0,0,0,[1]
bluesky-social/atproto,myConsciousness,0,0,1,0,0,0,0,0,0,0,0,0,0,0,[1]
bluesky-social/atproto,milanmdev,1,0,0,0,0,0,0,0,0,0,0,0,0,0,[1]
bluesky-social/atproto,jfoshee,1,0,0,0,0,0,0,0,0,0,0,0,0,0,[1]
bluesky-social/atproto,nickytonline,1,0,0,0,0,0,0,0,0,0,0,0,0,0,[1]
bluesky-social/atproto,johnbarratt,1,0,0,0,0,0,0,0,0,0,0,0,0,0,[1]
bluesky-social/atproto,jerdog,1,0,0,0,0,0,0,0,0,0,0,0,0,0,[1]
bluesky-social/atproto,alexogeny,1,0,0,0,0,0,0,0,0,0,0,0,0,0,[1]
bluesky-social/atproto,state-machina,1,0,0,0,0,0,0,0,0,0,0,0,0,0,[1]
bluesky-social/atproto,nerdfiles,1,0,0,0,0,0,0,0,0,0,0,0,0,0,[1]
bluesky-social/atproto,tarunbod,1,0,0,0,0,0,0,0,0,0,0,0,0,0,[1]
bluesky-social/atproto,quinelladesuu,1,0,0,0,0,0,0,0,0,0,0,0,0,0,[1]
bluesky-social/atproto,MetzinAround,1,0,0,0,0,0,0,0,0,0,0,0,0,0,[1]
bluesky-social/atproto,eysk-io,1,0,0,0,0,0,0,0,0,0,0,0,0,0,[1]
bluesky-social/atproto,kisland00,1,0,0,0,0,0,0,0,0,0,0,0,0,0,[1]
bluesky-social/atproto,mcpar-land,1,0,0,0,0,0,0,0,0,0,0,0,0,0,[1]
bluesky-social/atproto,shubham1172,1,0,0,0,0,0,0,0,0,0,0,0,0,0,[1]
bluesky-social/atproto,abrar71,1,0,0,0,0,0,0,0,0,0,0,0,0,0,[1]
bluesky-social/atproto,dhayab,1,0,0,0,0,0,0,0,0,0,0,0,0,0,[1]
bluesky-social/atproto,boskeyacht,1,0,0,0,0,0,0,0,0,0,0,0,0,0,[1]
bluesky-social/atproto,ssg,1,0,0,0,0,0,0,0,0,0,0,0,0,0,[1]
bluesky-social/atproto,joeross,1,0,0,0,0,0,0,0,0,0,0,0,0,0,[1]
bluesky-social/atproto,hossamkarimo,0,0,1,0,0,0,0,0,0,0,0,0,0,0,[1]
bluesky-social/atproto,thulasirajkomminar,1,0,0,0,0,0,0,0,0,0,0,0,0,0,[1]
bluesky-social/atproto,rothgar,1,0,0,0,0,0,0,0,0,0,0,0,0,0,[1]
bluesky-social/atproto,sizumita,1,0,0,0,0,0,0,0,0,0,0,0,0,0,[1]
bluesky-social/atproto,rmonier,1,0,0,0,0,0,0,0,0,0,0,0,0,0,[1]
bluesky-social/atproto,autonome,1,0,0,0,0,0,0,0,0,0,0,0,0,0,[1]
bluesky-social/atproto,iethem,1,0,0,0,0,0,0,0,0,0,0,0,0,0,[1]
bluesky-social/atproto,wang-shun,1,0,0,0,0,0,0,0,0,0,0,0,0,0,[1]
bluesky-social/atproto,aydinozturk,1,0,0,0,0,0,0,0,0,0,0,0,0,0,[1]
bluesky-social/atproto,xnuk,0,0,0,1,0,0,0,0,0,0,0,0,0,0,[1]
bluesky-social/atproto,highflyer910,1,0,0,0,0,0,0,0,0,0,0,0,0,0,[1]
bluesky-social/atproto,BingoDeeVee,1,0,0,0,0,0,0,0,0,0,0,0,0,0,[1]
bluesky-social/atproto,rgordon95,1,0,0,0,0,0,0,0,0,0,0,0,0,0,[1]
bluesky-social/atproto,Fire-,1,0,0,0,0,0,0,0,0,0,0,0,0,0,[1]
bluesky-social/atproto,jeancarlos,1,0,0,0,0,0,0,0,0,0,0,0,0,0,[1]
bluesky-social/atproto,ZenithO-o,1,0,0,0,0,0,0,0,0,0,0,0,0,0,[1]
bluesky-social/atproto,jtcressy,1,0,0,0,0,0,0,0,0,0,0,0,0,0,[1]
bluesky-social/atproto,stevedsimkins,1,0,0,0,0,0,0,0,0,0,0,0,0,0,[1]
bluesky-social/atproto,HotBackDoor,1,0,0,0,0,0,0,0,0,0,0,0,0,0,[1]
bluesky-social/atproto,rharkor,1,0,0,0,0,0,0,0,0,0,0,0,0,0,[1]
bluesky-social/atproto,edsilv,1,0,0,0,0,0,0,0,0,0,0,0,0,0,[1]
bluesky-social/atproto,anderssjoberg97,1,0,0,0,0,0,0,0,0,0,0,0,0,0,[1]
bluesky-social/atproto,imperez,1,0,0,0,0,0,0,0,0,0,0,0,0,0,[1]
bluesky-social/atproto,ibx34,1,0,0,0,0,0,0,0,0,0,0,0,0,0,[1]
bluesky-social/atproto,akhileshnirapure,1,0,0,0,0,0,0,0,0,0,0,0,0,0,[1]
bluesky-social/atproto,tj-st,1,0,0,0,0,0,0,0,0,0,0,0,0,0,[1]
bluesky-social/atproto,jayempx,1,0,0,0,0,0,0,0,0,0,0,0,0,0,[1]
bluesky-social/atproto,mubashariqbal,1,0,0,0,0,0,0,0,0,0,0,0,0,0,[1]
bluesky-social/atproto,bout3fiddy,1,0,0,0,0,0,0,0,0,0,0,0,0,0,[1]
bluesky-social/atproto,nucle0tides,1,0,0,0,0,0,0,0,0,0,0,0,0,0,[1]
bluesky-social/atproto,CephalonCosmic,1,0,0,0,0,0,0,0,0,0,0,0,0,0,[1]
bluesky-social/atproto,TimePPT,1,0,0,0,0,0,0,0,0,0,0,0,0,0,[1]
bluesky-social/atproto,pedrohgmacedo,1,0,0,0,0,0,0,0,0,0,0,0,0,0,[1]
bluesky-social/atproto,altercation,1,0,0,0,0,0,0,0,0,0,0,0,0,0,[1]
bluesky-social/atproto,Harekrishnan,1,0,0,0,0,0,0,0,0,0,0,0,0,0,[1]
bluesky-social/atproto,ansh,0,0,0,0,0,0,0,1,0,0,0,0,0,0,[1]
bluesky-social/atproto,ejmg,1,0,0,0,0,0,0,0,0,0,0,0,0,0,[1]
bluesky-social/atproto,mrfabbri,1,0,0,0,0,0,0,0,0,0,0,0,0,0,[1]
bluesky-social/atproto,miraqk,1,0,0,0,0,0,0,0,0,0,0,0,0,0,[1]
bluesky-social/atproto,yanivel,1,0,0,0,0,0,0,0,0,0,0,0,0,0,[1]
bluesky-social/atproto,stefanvanburen,1,0,0,0,0,0,0,0,0,0,0,0,0,0,[1]
bluesky-social/atproto,mondalamit,1,0,0,0,0,0,0,0,0,0,0,0,0,0,[1]
bluesky-social/atproto,GiyoMoon,1,0,0,0,0,0,0,0,0,0,0,0,0,0,[1]
bluesky-social/atproto,PeterBLITZ,1,0,0,0,0,0,0,0,0,0,0,0,0,0,[1]
bluesky-social/atproto,copyrighthero,1,0,0,0,0,0,0,0,0,0,0,0,0,0,[1]
bluesky-social/atproto,ghostdevv,1,0,0,0,0,0,0,0,0,0,0,0,0,0,[1]
bluesky-social/atproto,lucasbento,1,0,0,0,0,0,0,0,0,0,0,0,0,0,[1]
bluesky-social/atproto,kimjoaoun,1,0,0,0,0,0,0,0,0,0,0,0,0,0,[1]
bluesky-social/atproto,cwest28,1,0,0,0,0,0,0,0,0,0,0,0,0,0,[1]
bluesky-social/atproto,auguwu,1,0,0,0,0,0,0,0,0,0,0,0,0,0,[1]
bluesky-social/atproto,azuline,1,0,0,0,0,0,0,0,0,0,0,0,0,0,[1]
bluesky-social/atproto,MikeyTy,1,0,0,0,0,0,0,0,0,0,0,0,0,0,[1]
bluesky-social/atproto,freiden,1,0,0,0,0,0,0,0,0,0,0,0,0,0,[1]
bluesky-social/atproto,Gugustinette,1,0,0,0,0,0,0,0,0,0,0,0,0,0,[1]
bluesky-social/atproto,rachelrly,1,0,0,0,0,0,0,0,0,0,0,0,0,0,[1]
bluesky-social/atproto,LucasHT22,1,0,0,0,0,0,0,0,0,0,0,0,0,0,[1]
bluesky-social/atproto,greavettey,1,0,0,0,0,0,0,0,0,0,0,0,0,0,[1]
bluesky-social/atproto,S0ulf3re,1,0,0,0,0,0,0,0,0,0,0,0,0,0,[1]
bluesky-social/atproto,okkdev,1,0,0,0,0,0,0,0,0,0,0,0,0,0,[1]
bluesky-social/atproto,ajbaldocchi,1,0,0,0,0,0,0,0,0,0,0,0,0,0,[1]
bluesky-social/atproto,aliceisjustplaying,0,0,0,0,0,0,0,0,0,0,0,0,0,0,[0]
bluesky-social/atproto,agustif,1,0,0,0,0,0,0,0,0,0,0,0,0,0,[1]
bluesky-social/atproto,Cherry,1,0,0,0,0,0,0,0,0,0,0,0,0,0,[1]
bluesky-social/atproto,billywhizz,1,0,0,0,0,0,0,0,0,0,0,0,0,0,[1]
bluesky-social/atproto,tgilland95,1,0,0,0,0,0,0,0,0,0,0,0,0,0,[1]
bluesky-social/atproto,dantheman0207,1,0,0,0,0,0,0,0,0,0,0,0,0,0,[1]
bluesky-social/atproto,priviple,0,1,0,0,0,0,0,0,0,0,0,0,0,0,[1]
bluesky-social/atproto,Kuruchy,1,0,0,0,0,0,0,0,0,0,0,0,0,0,[1]
bluesky-social/atproto,promotermusa,1,0,0,0,0,0,0,0,0,0,0,0,0,0,[1]
bluesky-social/atproto,uygaraktuna,1,0,0,0,0,0,0,0,0,0,0,0,0,0,[1]
bluesky-social/atproto,py7hon,1,0,0,0,0,0,0,0,0,0,0,0,0,0,[1]
bluesky-social/atproto,drbh,1,0,0,0,0,0,0,0,0,0,0,0,0,0,[1]
bluesky-social/atproto,gregnr,1,0,0,0,0,0,0,0,0,0,0,0,0,0,[1]
bluesky-social/atproto,jcallinan,1,0,0,0,0,0,0,0,0,0,0,0,0,0,[1]
bluesky-social/atproto,pooroligarch,1,0,0,0,0,0,0,0,0,0,0,0,0,0,[1]
bluesky-social/atproto,ichthyos,1,0,0,0,0,0,0,0,0,0,0,0,0,0,[1]
bluesky-social/atproto,hencter,1,0,0,0,0,0,0,0,0,0,0,0,0,0,[1]
bluesky-social/atproto,ColeTownsend,1,0,0,0,0,0,0,0,0,0,0,0,0,0,[1]
bluesky-social/atproto,nathpaiva,1,0,0,0,0,0,0,0,0,0,0,0,0,0,[1]
bluesky-social/atproto,pbennett,1,0,0,0,0,0,0,0,0,0,0,0,0,0,[1]
bluesky-social/atproto,rogertinch,1,0,0,0,0,0,0,0,0,0,0,0,0,0,[1]
bluesky-social/atproto,non-adj,1,0,0,0,0,0,0,0,0,0,0,0,0,0,[1]
bluesky-social/atproto,cassincruz,1,0,0,0,0,0,0,0,0,0,0,0,0,0,[1]
bluesky-social/atproto,Bakhtiyar-Garashov,1,0,0,0,0,0,0,0,0,0,0,0,0,0,[1]
bluesky-social/atproto,mvelbaum,1,0,0,0,0,0,0,0,0,0,0,0,0,0,[1]
bluesky-social/atproto,himbolion,1,0,0,0,0,0,0,0,0,0,0,0,0,0,[1]
bluesky-social/atproto,programmiri,1,0,0,0,0,0,0,0,0,0,0,0,0,0,[1]
bluesky-social/atproto,Torrniquet,1,0,0,0,0,0,0,0,0,0,0,0,0,0,[1]
bluesky-social/atproto,tonda13,1,0,0,0,0,0,0,0,0,0,0,0,0,0,[1]
bluesky-social/atproto,DownAndDoerrty,1,0,0,0,0,0,0,0,0,0,0,0,0,0,[1]
bluesky-social/atproto,sulyabtv,1,0,0,0,0,0,0,0,0,0,0,0,0,0,[1]
bluesky-social/atproto,ianklatzco,0,1,0,0,0,0,0,0,0,0,0,0,0,0,[1]
bluesky-social/atproto,aakashmanjrekar11,1,0,0,0,0,0,0,0,0,0,0,0,0,0,[1]
bluesky-social/atproto,tjconnelly,1,0,0,0,0,0,0,0,0,0,0,0,0,0,[1]
bluesky-social/atproto,ulf-frostypaw,1,0,0,0,0,0,0,0,0,0,0,0,0,0,[1]
bluesky-social/atproto,mmb0y,1,0,0,0,0,0,0,0,0,0,0,0,0,0,[1]
bluesky-social/atproto,timonsku,1,0,0,0,0,0,0,0,0,0,0,0,0,0,[1]
bluesky-social/atproto,CatDevz,1,0,0,0,0,0,0,0,0,0,0,0,0,0,[1]
bluesky-social/atproto,cagerton,1,0,0,0,0,0,0,0,0,0,0,0,0,0,[1]
bluesky-social/atproto,nictuku,1,0,0,0,0,0,0,0,0,0,0,0,0,0,[1]
bluesky-social/atproto,manikrathee,1,0,0,0,0,0,0,0,0,0,0,0,0,0,[1]
bluesky-social/atproto,hiiruki,1,0,0,0,0,0,0,0,0,0,0,0,0,0,[1]
bluesky-social/atproto,pojntfx,1,0,0,0,0,0,0,0,0,0,0,0,0,0,[1]
bluesky-social/atproto,sonnylazuardi,1,0,0,0,0,0,0,0,0,0,0,0,0,0,[1]
bluesky-social/atproto,CowLols,1,0,0,0,0,0,0,0,0,0,0,0,0,0,[1]
bluesky-social/atproto,WesSouza,1,0,0,0,0,0,0,0,0,0,0,0,0,0,[1]
bluesky-social/atproto,polyglotdev,1,0,0,0,0,0,0,0,0,0,0,0,0,0,[1]
bluesky-social/atproto,kgardn,1,0,0,0,0,0,0,0,0,0,0,0,0,0,[1]
bluesky-social/atproto,Padraic-O-Mhuiris,1,0,0,0,0,0,0,0,0,0,0,0,0,0,[1]
bluesky-social/atproto,kellyvaughn,1,0,0,0,0,0,0,0,0,0,0,0,0,0,[1]
bluesky-social/atproto,xiaohk,1,0,0,0,0,0,0,0,0,0,0,0,0,0,[1]
bluesky-social/atproto,steve-bate,1,0,0,0,0,0,0,0,0,0,0,0,0,0,[1]
bluesky-social/atproto,vintagesucks,0,1,0,0,0,0,0,0,0,0,0,0,0,0,[1]
bluesky-social/atproto,bvalosek,1,0,0,0,0,0,0,0,0,0,0,0,0,0,[1]
bluesky-social/atproto,Blinkuu,1,0,0,0,0,0,0,0,0,0,0,0,0,0,[1]
bluesky-social/atproto,AndrewDongminYoo,1,0,0,0,0,0,0,0,0,0,0,0,0,0,[1]
bluesky-social/atproto,wernersmit,1,0,0,0,0,0,0,0,0,0,0,0,0,0,[1]
bluesky-social/atproto,aatbip,1,0,0,0,0,0,0,0,0,0,0,0,0,0,[1]
bluesky-social/atproto,sergiospagnuolo,1,0,0,0,0,0,0,0,0,0,0,0,0,0,[1]
bluesky-social/atproto,mathiscode,0,1,0,0,0,0,0,0,0,0,0,0,0,0,[1]
bluesky-social/atproto,PG2000,1,0,0,0,0,0,0,0,0,0,0,0,0,0,[1]
bluesky-social/atproto,halchester,1,0,0,0,0,0,0,0,0,0,0,0,0,0,[1]
bluesky-social/atproto,IndisciplineHQ,1,0,0,0,0,0,0,0,0,0,0,0,0,0,[1]
bluesky-social/atproto,jawnsy,1,0,0,0,0,0,0,0,0,0,0,0,0,0,[1]
bluesky-social/atproto,yjose,1,0,0,0,0,0,0,0,0,0,0,0,0,0,[1]
bluesky-social/atproto,oberernst,1,0,0,0,0,0,0,0,0,0,0,0,0,0,[1]
bluesky-social/atproto,AlooTheAloo,1,0,0,0,0,0,0,0,0,0,0,0,0,0,[1]
bluesky-social/atproto,randominsomnia,1,0,0,0,0,0,0,0,0,0,0,0,0,0,[1]
bluesky-social/atproto,kwigley,1,0,0,0,0,0,0,0,0,0,0,0,0,0,[1]
bluesky-social/atproto,MarshalX,0,0,2,0,0,4,0,0,0,0,0,0,0,0,[6]
bluesky-social/atproto,spyhi,1,0,0,0,0,0,0,0,0,0,0,0,0,0,[1]
bluesky-social/atproto,nrupeshsoni,0,1,0,0,0,0,0,0,0,0,0,0,0,0,[1]
bluesky-social/atproto,petebachant,1,0,0,0,0,0,0,0,0,0,0,0,0,0,[1]
bluesky-social/atproto,pmorgan3,1,0,0,0,0,0,0,0,0,0,0,0,0,0,[1]
bluesky-social/atproto,Wyatt-Stanke,1,0,0,0,0,0,0,0,0,0,0,0,0,0,[1]
bluesky-social/atproto,jimcal,1,0,0,0,0,0,0,0,0,0,0,0,0,0,[1]
bluesky-social/atproto,mjpitz,1,0,0,0,0,0,0,0,0,0,0,0,0,0,[1]
bluesky-social/atproto,EDI1783,1,0,0,0,0,0,0,0,0,0,0,0,0,0,[1]
bluesky-social/atproto,jamigibbs,1,0,0,0,0,0,0,0,0,0,0,0,0,0,[1]
bluesky-social/atproto,MISTER-Unchained,1,0,0,0,0,0,0,0,0,0,0,0,0,0,[1]
bluesky-social/atproto,MolassesLover,1,0,0,0,0,0,0,0,0,0,0,0,0,0,[1]
bluesky-social/atproto,dananev,1,0,0,0,0,0,0,0,0,0,0,0,0,0,[1]
bluesky-social/atproto,mbStavola,1,0,0,0,0,0,0,0,0,0,0,0,0,0,[1]
bluesky-social/atproto,iancooper,0,1,0,0,0,0,0,0,0,0,0,0,0,0,[1]
bluesky-social/atproto,raphaelrk,1,0,0,0,0,0,0,0,0,0,0,0,0,0,[1]
bluesky-social/atproto,alexgaspard,1,0,0,0,0,0,0,0,0,0,0,0,0,0,[1]
bluesky-social/atproto,sueszli,1,0,0,0,0,0,0,0,0,0,0,0,0,0,[1]
bluesky-social/atproto,gtracy,1,0,0,0,0,0,0,0,0,0,0,0,0,0,[1]
bluesky-social/atproto,salpiras,1,0,0,0,0,0,0,0,0,0,0,0,0,0,[1]
bluesky-social/atproto,sandipanpanda,1,0,0,0,0,0,0,0,0,0,0,0,0,0,[1]
bluesky-social/atproto,georgewitteman,1,0,0,0,0,0,0,0,0,0,0,0,0,0,[1]
bluesky-social/atproto,jeradsloan,1,0,0,0,0,0,0,0,0,0,0,0,0,0,[1]
bluesky-social/atproto,blu3r4d0n,1,0,0,0,0,0,0,0,0,0,0,0,0,0,[1]
bluesky-social/atproto,brycefrank,1,0,0,0,0,0,0,0,0,0,0,0,0,0,[1]
bluesky-social/atproto,bnb,1,0,0,0,0,0,0,0,0,0,0,0,0,0,[1]
bluesky-social/atproto,quaintdev,1,0,0,0,0,0,0,0,0,0,0,0,0,0,[1]
bluesky-social/atproto,Mithered,1,0,0,0,0,0,0,0,0,0,0,0,0,0,[1]
bluesky-social/atproto,sellerscrisp,1,0,0,0,0,0,0,0,0,0,0,0,0,0,[1]
bluesky-social/atproto,Clivern,1,0,0,0,0,0,0,0,0,0,0,0,0,0,[1]
bluesky-social/atproto,kylestratis,1,0,0,0,0,0,0,0,0,0,0,0,0,0,[1]
bluesky-social/atproto,buresj,1,0,0,0,0,0,0,0,0,0,0,0,0,0,[1]
bluesky-social/atproto,sromanuk,1,0,0,0,0,0,0,0,0,0,0,0,0,0,[1]
bluesky-social/atproto,contact411,1,0,0,0,0,0,0,0,0,0,0,0,0,0,[1]
bluesky-social/atproto,dvnnorth,1,0,0,0,0,0,0,0,0,0,0,0,0,0,[1]
bluesky-social/atproto,dcanob,1,0,0,0,0,0,0,0,0,0,0,0,0,0,[1]
bluesky-social/atproto,JohnnyJayJay,1,0,0,0,0,0,0,0,0,0,0,0,0,0,[1]
bluesky-social/atproto,steventsao,1,0,0,0,0,0,0,0,0,0,0,0,0,0,[1]
bluesky-social/atproto,carlomunguia,1,0,0,0,0,0,0,0,0,0,0,0,0,0,[1]
bluesky-social/atproto,maxreuben,1,0,0,0,0,0,0,0,0,0,0,0,0,0,[1]
bluesky-social/atproto,M0nica,1,0,0,0,0,0,0,0,0,0,0,0,0,0,[1]
bluesky-social/atproto,sharkwheels,1,0,0,0,0,0,0,0,0,0,0,0,0,0,[1]
bluesky-social/atproto,nmastracola,1,0,0,0,0,0,0,0,0,0,0,0,0,0,[1]
bluesky-social/atproto,kyledrake,0,1,0,0,0,0,0,0,0,0,0,0,0,0,[1]
bluesky-social/atproto,cheeaun,1,0,0,0,0,0,0,0,0,0,0,0,0,0,[1]
bluesky-social/atproto,slideep,1,0,0,0,0,0,0,0,0,0,0,0,0,0,[1]
bluesky-social/atproto,i5heu,1,0,0,0,0,0,0,0,0,0,0,0,0,0,[1]
bluesky-social/atproto,AnotherGenZ,1,0,0,0,0,0,0,0,0,0,0,0,0,0,[1]
bluesky-social/atproto,zhuowei,0,0,0,0,0,1,0,0,0,0,0,0,0,0,[1]
bluesky-social/atproto,erechorse,0,1,0,0,0,0,0,0,0,0,0,0,0,0,[1]
bluesky-social/atproto,jessedorsey,1,0,0,0,0,0,0,0,0,0,0,0,0,0,[1]
bluesky-social/atproto,ChrisOh431,1,0,0,0,0,0,0,0,0,0,0,0,0,0,[1]
bluesky-social/atproto,siygle,0,1,0,0,0,0,0,0,0,0,0,0,0,0,[1]
bluesky-social/atproto,piggybox,1,0,0,0,0,0,0,0,0,0,0,0,0,0,[1]
bluesky-social/atproto,muhshahabipour,1,0,0,0,0,0,0,0,0,0,0,0,0,0,[1]
bluesky-social/atproto,antony,1,0,0,0,0,0,0,0,0,0,0,0,0,0,[1]
bluesky-social/atproto,lpil,1,0,0,0,0,0,0,0,0,0,0,0,0,0,[1]
bluesky-social/atproto,phlezk,1,0,0,0,0,0,0,0,0,0,0,0,0,0,[1]
bluesky-social/atproto,hota1024,1,0,0,0,0,0,0,0,0,0,0,0,0,0,[1]
bluesky-social/atproto,saravanaj,1,0,0,0,0,0,0,0,0,0,0,0,0,0,[1]
bluesky-social/atproto,n-queme,1,0,0,0,0,0,0,0,0,0,0,0,0,0,[1]
