OptimalScale/LMFlow,nmv587,1,0,0,0,0,0,0,0,0,0,0,0,0,0,[1]
OptimalScale/LMFlow,HarveyP123,1,0,0,0,0,0,0,0,0,0,0,0,0,0,[1]
OptimalScale/LMFlow,shizhediao,1,0,13,1,3,1,0,2,1,0,0,0,0,0,[22]
OptimalScale/LMFlow,980202006,1,0,0,0,0,0,0,0,0,0,0,0,0,0,[1]
OptimalScale/LMFlow,suay1113,1,0,0,0,0,0,0,0,0,0,0,0,0,0,[1]
OptimalScale/LMFlow,klykq111,0,0,1,1,0,0,0,0,0,0,0,0,0,0,[2]
OptimalScale/LMFlow,BGFGB,0,0,1,0,0,0,0,0,0,0,0,0,0,0,[1]
OptimalScale/LMFlow,snakelenas,1,0,0,0,0,0,0,0,0,0,0,0,0,0,[1]
OptimalScale/LMFlow,EmreOzkose,1,0,0,0,0,0,0,0,0,0,0,0,0,0,[1]
OptimalScale/LMFlow,homeant,1,0,0,0,0,0,0,0,0,0,0,0,0,0,[1]
OptimalScale/LMFlow,goodshileidev,1,0,0,0,0,0,0,0,0,0,0,0,0,0,[1]
OptimalScale/LMFlow,chenchun0629,1,0,0,0,0,0,0,0,0,0,0,0,0,0,[1]
OptimalScale/LMFlow,lianqing11,0,0,1,0,0,0,0,0,0,0,0,0,0,0,[1]
OptimalScale/LMFlow,mingxi1997,1,0,0,0,0,0,0,0,0,0,0,0,0,0,[1]
OptimalScale/LMFlow,huizhilei,0,0,0,1,0,0,0,0,0,0,0,0,0,0,[1]
OptimalScale/LMFlow,mchen725,1,0,0,0,0,0,0,0,0,0,0,0,0,0,[1]
OptimalScale/LMFlow,yyuanad,1,0,0,0,0,0,0,0,0,0,0,0,0,0,[1]
OptimalScale/LMFlow,VPeterV,0,1,0,0,0,0,0,0,0,0,0,0,0,0,[1]
OptimalScale/LMFlow,aZeroDoubleSeven,1,0,0,0,0,0,0,0,0,0,0,0,0,0,[1]
OptimalScale/LMFlow,rishikksh20,1,0,0,0,0,0,0,0,0,0,0,0,0,0,[1]
OptimalScale/LMFlow,RongkangXiong,1,0,0,0,0,0,0,0,0,0,0,0,0,0,[1]
OptimalScale/LMFlow,jstzwj,1,0,0,0,0,0,0,0,0,0,0,0,0,0,[1]
OptimalScale/LMFlow,boxbox-0427,0,0,1,0,0,0,0,0,0,0,0,0,0,0,[1]
OptimalScale/LMFlow,zhuiyi6,1,0,0,0,0,0,0,0,0,0,0,0,0,0,[1]
OptimalScale/LMFlow,AhmadKamal0,1,0,0,0,0,0,0,0,0,0,0,0,0,0,[1]
OptimalScale/LMFlow,research4pan,0,0,1,0,1,3,0,2,0,0,0,0,0,0,[7]
OptimalScale/LMFlow,github-actions[bot],0,0,0,0,18,0,0,0,0,0,0,0,0,0,[18]
OptimalScale/LMFlow,SHUMKASHUN,0,0,0,0,0,0,0,0,0,0,0,0,0,0,[0]
OptimalScale/LMFlow,gerjermun,1,0,0,0,0,0,0,0,0,0,0,0,0,0,[1]
OptimalScale/LMFlow,abc20220327,0,0,1,1,0,0,0,0,0,0,0,0,0,0,[2]
OptimalScale/LMFlow,lazykumasensei,1,1,0,0,0,0,0,0,0,0,0,0,0,0,[2]
OptimalScale/LMFlow,MingjieChen,1,0,0,0,0,0,0,0,0,0,0,0,0,0,[1]
OptimalScale/LMFlow,Chen001117,1,0,0,0,0,0,0,0,0,0,0,0,0,0,[1]
OptimalScale/LMFlow,lidanjing,1,0,0,0,0,0,0,0,0,0,0,0,0,0,[1]
OptimalScale/LMFlow,guanlisheng,1,0,0,0,0,0,0,0,0,0,0,0,0,0,[1]
OptimalScale/LMFlow,joveli,1,0,0,0,0,0,0,0,0,0,0,0,0,0,[1]
OptimalScale/LMFlow,Dominic789654,0,0,1,0,0,1,0,0,0,0,0,0,0,0,[2]
OptimalScale/LMFlow,DIX-7,1,0,0,0,0,0,0,0,0,0,0,0,0,0,[1]
OptimalScale/LMFlow,Shelton1013,0,0,1,0,0,0,0,0,0,0,0,0,0,0,[1]
OptimalScale/LMFlow,boxingYi,0,0,1,0,0,0,0,0,0,0,0,0,0,0,[1]
OptimalScale/LMFlow,leeyusheng,1,0,0,0,0,0,0,0,0,0,0,0,0,0,[1]
OptimalScale/LMFlow,waleking,0,1,0,0,0,0,0,0,0,0,0,0,0,0,[1]
OptimalScale/LMFlow,ZZR0,1,0,0,0,0,0,0,0,0,0,0,0,0,0,[1]
OptimalScale/LMFlow,SCUTE-ZZ,0,1,0,0,0,0,0,0,0,0,0,0,0,0,[1]
OptimalScale/LMFlow,Zero-coder,1,0,0,0,0,0,0,0,0,0,0,0,0,0,[1]
OptimalScale/LMFlow,fsi070614,1,0,0,0,0,0,0,0,0,0,0,0,0,0,[1]
OptimalScale/LMFlow,Pent,1,0,0,0,0,0,0,0,0,0,0,0,0,0,[1]
OptimalScale/LMFlow,Blbert,1,0,0,0,0,0,0,0,0,0,0,0,0,0,[1]
OptimalScale/LMFlow,GUSHUMING,1,0,0,0,0,0,0,0,0,0,0,0,0,0,[1]
OptimalScale/LMFlow,sungc1,1,0,0,0,0,0,0,0,0,0,0,0,0,0,[1]
OptimalScale/LMFlow,attitudechunfeng,1,0,0,0,0,0,0,0,0,0,0,0,0,0,[1]
OptimalScale/LMFlow,drmflying,1,0,0,0,0,0,0,0,0,0,0,0,0,0,[1]
OptimalScale/LMFlow,powerliu2020,1,0,0,0,0,0,0,0,0,0,0,0,0,0,[1]
OptimalScale/LMFlow,nifengcn,2,0,0,0,0,0,0,0,0,0,0,0,0,0,[2]
OptimalScale/LMFlow,cecil2,1,0,0,0,0,0,0,0,0,0,0,0,0,0,[1]
OptimalScale/LMFlow,zhwryan,1,0,0,0,0,0,0,0,0,0,0,0,0,0,[1]
OptimalScale/LMFlow,Johnson-You,1,0,0,0,0,0,0,0,0,0,0,0,0,0,[1]
OptimalScale/LMFlow,helplessness,1,0,0,0,0,0,0,0,0,0,0,0,0,0,[1]
OptimalScale/LMFlow,yurunsheng1,1,0,0,0,0,0,0,0,0,0,0,0,0,0,[1]
OptimalScale/LMFlow,CassieMai,1,0,0,0,0,0,0,0,0,0,0,0,0,0,[1]
OptimalScale/LMFlow,cookieshake,1,0,0,0,0,0,0,0,0,0,0,0,0,0,[1]
OptimalScale/LMFlow,YapWH1208,1,0,0,0,0,0,0,0,0,0,0,0,0,0,[1]
OptimalScale/LMFlow,humanlost,1,0,0,0,0,0,0,0,0,0,0,0,0,0,[1]
OptimalScale/LMFlow,likeboo,1,0,0,0,0,0,0,0,0,0,0,0,0,0,[1]
OptimalScale/LMFlow,ShiXiangXiang123,0,0,5,1,0,0,0,0,0,0,0,0,0,0,[6]
OptimalScale/LMFlow,qingkongzhiqian,1,0,0,0,0,0,0,0,0,0,0,0,0,0,[1]
OptimalScale/LMFlow,tonymhl,0,0,2,0,0,0,0,0,0,0,0,0,0,0,[2]
OptimalScale/LMFlow,hyben,1,0,0,0,0,0,0,0,0,0,0,0,0,0,[1]
OptimalScale/LMFlow,wengrx,1,0,0,0,0,0,0,0,0,0,0,0,0,0,[1]
OptimalScale/LMFlow,ilhamseptiadi227,0,1,0,0,0,0,0,0,0,0,0,0,0,0,[1]
OptimalScale/LMFlow,exceedzhang,1,0,0,0,0,0,0,0,0,0,0,0,0,0,[1]
OptimalScale/LMFlow,lingxufeng,1,0,0,0,0,0,0,0,0,0,0,0,0,0,[1]
OptimalScale/LMFlow,WeiXiongUST,0,0,0,0,2,1,0,0,0,0,0,0,0,0,[3]
OptimalScale/LMFlow,hendrydong,0,0,1,0,1,1,0,0,0,0,0,0,0,0,[3]
OptimalScale/LMFlow,openips,1,0,0,0,0,0,0,0,0,0,0,0,0,0,[1]
OptimalScale/LMFlow,commiot,1,0,0,0,0,0,0,0,0,0,0,0,0,0,[1]
OptimalScale/LMFlow,zzxslp,1,0,0,0,0,0,0,0,0,0,0,0,0,0,[1]
OptimalScale/LMFlow,JoeQian,1,0,0,0,0,0,0,0,0,0,0,0,0,0,[1]
OptimalScale/LMFlow,wwwhhh93,1,0,0,0,0,0,0,0,0,0,0,0,0,0,[1]
OptimalScale/LMFlow,shirley-wu,1,0,0,0,0,0,0,0,0,0,0,0,0,0,[1]
OptimalScale/LMFlow,zwy,1,0,0,0,0,0,0,0,0,0,0,0,0,0,[1]
OptimalScale/LMFlow,itcrazy0918,1,0,0,0,0,0,0,0,0,0,0,0,0,0,[1]
OptimalScale/LMFlow,getfox,1,0,0,0,0,0,0,0,0,0,0,0,0,0,[1]
OptimalScale/LMFlow,Andrew-Deng,1,0,0,0,0,0,0,0,0,0,0,0,0,0,[1]
OptimalScale/LMFlow,shadowkun,0,1,0,0,0,0,0,0,0,0,0,0,0,0,[1]
OptimalScale/LMFlow,csyourui,0,0,1,0,0,0,0,0,0,0,0,0,0,0,[1]
OptimalScale/LMFlow,sty1992928,1,0,0,0,0,0,0,0,0,0,0,0,0,0,[1]
OptimalScale/LMFlow,LoganLan0,1,0,0,0,0,0,0,0,0,0,0,0,0,0,[1]
OptimalScale/LMFlow,ddhhxx,1,0,0,0,0,0,0,0,0,0,0,0,0,0,[1]
OptimalScale/LMFlow,0three,1,0,0,0,0,0,0,0,0,0,0,0,0,0,[1]
OptimalScale/LMFlow,gsyzycww,1,0,0,0,0,0,0,0,0,0,0,0,0,0,[1]
OptimalScale/LMFlow,zhuangz-ma,1,0,0,0,0,0,0,0,0,0,0,0,0,0,[1]
OptimalScale/LMFlow,equationdz,1,0,1,1,0,0,0,0,0,0,0,0,0,0,[3]
OptimalScale/LMFlow,hwangato,1,0,0,0,0,0,0,0,0,0,0,0,0,0,[1]
OptimalScale/LMFlow,Alec-WangLi,1,0,0,0,0,0,0,0,0,0,0,0,0,0,[1]
OptimalScale/LMFlow,lianrzh,1,0,0,0,0,0,0,0,0,0,0,0,0,0,[1]
OptimalScale/LMFlow,Suparjie,1,0,0,0,0,0,0,0,0,0,0,0,0,0,[1]
OptimalScale/LMFlow,spytensor,1,0,0,0,0,0,0,0,0,0,0,0,0,0,[1]
OptimalScale/LMFlow,kawatsao,1,0,0,0,0,0,0,0,0,0,0,0,0,0,[1]
OptimalScale/LMFlow,liupion,1,0,0,0,0,0,0,0,0,0,0,0,0,0,[1]
OptimalScale/LMFlow,zwmJohn,1,0,0,0,0,0,0,0,0,0,0,0,0,0,[1]
OptimalScale/LMFlow,deepgoyal19,1,0,0,0,0,0,0,0,0,0,0,0,0,0,[1]
OptimalScale/LMFlow,panademo,1,0,0,0,0,0,0,0,0,0,0,0,0,0,[1]
OptimalScale/LMFlow,Rinoahu,1,0,0,0,0,0,0,0,0,0,0,0,0,0,[1]
OptimalScale/LMFlow,buhe,1,0,0,0,0,0,0,0,0,0,0,0,0,0,[1]
OptimalScale/LMFlow,grej,1,0,0,0,0,0,0,0,0,0,0,0,0,0,[1]
OptimalScale/LMFlow,hollstein,1,0,0,0,0,0,0,0,0,0,0,0,0,0,[1]
OptimalScale/LMFlow,EricLXP,1,0,0,0,0,0,0,0,0,0,0,0,0,0,[1]
OptimalScale/LMFlow,sasikiran,1,0,0,0,0,0,0,0,0,0,0,0,0,0,[1]
OptimalScale/LMFlow,abedkhooli,1,0,0,0,0,0,0,0,0,0,0,0,0,0,[1]
OptimalScale/LMFlow,shashankpr,1,0,0,0,0,0,0,0,0,0,0,0,0,0,[1]
OptimalScale/LMFlow,rupurt,1,0,0,0,0,0,0,0,0,0,0,0,0,0,[1]
OptimalScale/LMFlow,aminorex,1,0,0,0,0,0,0,0,0,0,0,0,0,0,[1]
OptimalScale/LMFlow,TheSeamau5,1,0,0,0,0,0,0,0,0,0,0,0,0,0,[1]
OptimalScale/LMFlow,mc0ps,1,0,0,0,0,0,0,0,0,0,0,0,0,0,[1]
OptimalScale/LMFlow,bratao,1,0,0,0,0,0,0,0,0,0,0,0,0,0,[1]
OptimalScale/LMFlow,yberreby,1,0,0,0,0,0,0,0,0,0,0,0,0,0,[1]
OptimalScale/LMFlow,charles-glanceable,1,0,0,0,0,0,0,0,0,0,0,0,0,0,[1]
OptimalScale/LMFlow,KevinWang676,1,0,0,0,0,0,0,0,0,0,0,0,0,0,[1]
OptimalScale/LMFlow,srthiru,1,0,0,0,0,0,0,0,0,0,0,0,0,0,[1]
OptimalScale/LMFlow,tonydavis629,1,0,0,0,0,0,0,0,0,0,0,0,0,0,[1]
OptimalScale/LMFlow,danboarder,1,0,0,0,0,0,0,0,0,0,0,0,0,0,[1]
OptimalScale/LMFlow,mono-111,1,0,0,0,0,0,0,0,0,0,0,0,0,0,[1]
OptimalScale/LMFlow,xiaoyunwu,0,0,0,1,0,0,0,0,0,0,0,0,0,0,[1]
OptimalScale/LMFlow,Zalmighty,1,0,0,0,0,0,0,0,0,0,0,0,0,0,[1]
OptimalScale/LMFlow,sslevins,1,0,0,0,0,0,0,0,0,0,0,0,0,0,[1]
OptimalScale/LMFlow,tokestermw,1,0,0,0,0,0,0,0,0,0,0,0,0,0,[1]
OptimalScale/LMFlow,Vguang,1,0,0,0,0,0,0,0,0,0,0,0,0,0,[1]
OptimalScale/LMFlow,tujintao,1,0,0,0,0,0,0,0,0,0,0,0,0,0,[1]
OptimalScale/LMFlow,wxyv,1,0,0,0,0,0,0,0,0,0,0,0,0,0,[1]
OptimalScale/LMFlow,Mr-Jack82,1,0,0,0,0,0,0,0,0,0,0,0,0,0,[1]
OptimalScale/LMFlow,Qubitium,1,0,0,0,0,0,0,0,0,0,0,0,0,0,[1]
OptimalScale/LMFlow,zeinxs,1,0,0,0,0,0,0,0,0,0,0,0,0,0,[1]
OptimalScale/LMFlow,cjl99,1,0,0,0,0,0,0,0,0,0,0,0,0,0,[1]
OptimalScale/LMFlow,Chenzongchao,2,0,0,0,0,0,0,0,0,0,0,0,0,0,[2]
OptimalScale/LMFlow,u-brixton,1,0,0,0,0,0,0,0,0,0,0,0,0,0,[1]
OptimalScale/LMFlow,mikeluck,1,0,0,0,0,0,0,0,0,0,0,0,0,0,[1]
OptimalScale/LMFlow,gotzmann,1,0,0,0,0,0,0,0,0,0,0,0,0,0,[1]
OptimalScale/LMFlow,traddo,1,0,0,0,0,0,0,0,0,0,0,0,0,0,[1]
OptimalScale/LMFlow,zhk233,1,0,0,0,0,0,0,0,0,0,0,0,0,0,[1]
OptimalScale/LMFlow,emigmo,1,0,0,0,0,0,0,0,0,0,0,0,0,0,[1]
OptimalScale/LMFlow,cidrugHug8,1,0,0,0,0,0,0,0,0,0,0,0,0,0,[1]
OptimalScale/LMFlow,redraiment,1,0,0,0,0,0,0,0,0,0,0,0,0,0,[1]
OptimalScale/LMFlow,tiendung,1,0,0,0,0,0,0,0,0,0,0,0,0,0,[1]
OptimalScale/LMFlow,Chezhi7858,1,0,0,0,0,0,0,0,0,0,0,0,0,0,[1]
OptimalScale/LMFlow,tobiascornille,1,0,0,0,0,0,0,0,0,0,0,0,0,0,[1]
OptimalScale/LMFlow,ifrit98,1,0,0,0,0,0,0,0,0,0,0,0,0,0,[1]
OptimalScale/LMFlow,jijianghui,1,0,0,0,0,0,0,0,0,0,0,0,0,0,[1]
OptimalScale/LMFlow,forestbat,1,0,0,0,0,0,0,0,0,0,0,0,0,0,[1]
OptimalScale/LMFlow,indiejoseph,1,0,0,0,0,0,0,0,0,0,0,0,0,0,[1]
OptimalScale/LMFlow,wangxinhan,1,0,0,0,0,0,0,0,0,0,0,0,0,0,[1]
OptimalScale/LMFlow,ebihoseini,1,0,0,0,0,0,0,0,0,0,0,0,0,0,[1]
OptimalScale/LMFlow,croumegous,1,0,0,0,0,0,0,0,0,0,0,0,0,0,[1]
OptimalScale/LMFlow,ostix360,1,0,0,0,0,0,0,0,0,0,0,0,0,0,[1]
OptimalScale/LMFlow,claychinasky,1,0,0,0,0,0,0,0,0,0,0,0,0,0,[1]
OptimalScale/LMFlow,fblissjr,1,0,0,0,0,0,0,0,0,0,0,0,0,0,[1]
OptimalScale/LMFlow,marcel12bell,1,0,0,0,0,0,0,0,0,0,0,0,0,0,[1]
OptimalScale/LMFlow,mintisan,1,0,0,0,0,0,0,0,0,0,0,0,0,0,[1]
OptimalScale/LMFlow,zakkor,1,0,0,0,0,0,0,0,0,0,0,0,0,0,[1]
OptimalScale/LMFlow,melsiddieg,1,0,0,0,0,0,0,0,0,0,0,0,0,0,[1]
OptimalScale/LMFlow,NoahXuHui,1,0,0,0,0,0,0,0,0,0,0,0,0,0,[1]
OptimalScale/LMFlow,shreyasvinaya,1,0,0,0,0,0,0,0,0,0,0,0,0,0,[1]
OptimalScale/LMFlow,wxmvv,1,0,0,0,0,0,0,0,0,0,0,0,0,0,[1]
OptimalScale/LMFlow,2465622629,1,0,0,0,0,0,0,0,0,0,0,0,0,0,[1]
OptimalScale/LMFlow,vasnt,1,0,0,0,0,0,0,0,0,0,0,0,0,0,[1]
OptimalScale/LMFlow,eisenzopf,1,0,0,0,0,0,0,0,0,0,0,0,0,0,[1]
OptimalScale/LMFlow,zebrajack,1,1,0,0,0,0,0,0,0,0,0,0,0,0,[2]
OptimalScale/LMFlow,MaYufei-NPU,1,0,0,0,0,0,0,0,0,0,0,0,0,0,[1]
OptimalScale/LMFlow,PkuRainBow,1,0,0,0,0,0,0,0,0,0,0,0,0,0,[1]
OptimalScale/LMFlow,BenfengXu,1,0,0,0,0,0,0,0,0,0,0,0,0,0,[1]
OptimalScale/LMFlow,Hemanthkumar2112,1,0,0,0,0,0,0,0,0,0,0,0,0,0,[1]
OptimalScale/LMFlow,AngryGrape3,1,1,0,0,0,0,0,0,0,0,0,0,0,0,[2]
OptimalScale/LMFlow,sytelus,1,0,0,0,0,0,0,0,0,0,0,0,0,0,[1]
OptimalScale/LMFlow,liu2359,1,0,0,0,0,0,0,0,0,0,0,0,0,0,[1]
OptimalScale/LMFlow,buaabarty,1,0,0,0,0,0,0,0,0,0,0,0,0,0,[1]
OptimalScale/LMFlow,alienfist,1,0,0,0,0,0,0,0,0,0,0,0,0,0,[1]
OptimalScale/LMFlow,BigJe8,1,1,0,0,0,0,0,0,0,0,0,0,0,0,[2]
OptimalScale/LMFlow,codeliam-wan,1,0,0,0,0,0,0,0,0,0,0,0,0,0,[1]
OptimalScale/LMFlow,awesley,1,1,0,0,0,0,0,0,0,0,0,0,0,0,[2]
OptimalScale/LMFlow,dawmster,1,0,0,0,0,0,0,0,0,0,0,0,0,0,[1]
