wong2/chatgpt-google-extension,hsss1924,1,0,0,0,0,0,0,0,0,0,0,0,0,0,[1]
wong2/chatgpt-google-extension,lucoo01,1,0,0,0,0,0,0,0,0,0,0,0,0,0,[1]
wong2/chatgpt-google-extension,sogud,1,0,0,0,0,0,0,0,0,0,0,0,0,0,[1]
wong2/chatgpt-google-extension,hwshim0810,1,0,0,0,0,0,0,0,0,0,0,0,0,0,[1]
wong2/chatgpt-google-extension,nknguyengl,0,1,0,0,0,0,0,0,0,0,0,0,0,0,[1]
wong2/chatgpt-google-extension,lmjnels,1,0,0,0,0,0,0,0,0,0,0,0,0,0,[1]
wong2/chatgpt-google-extension,AndreiCauthon,1,0,0,0,0,0,0,0,0,0,0,0,0,0,[1]
wong2/chatgpt-google-extension,Naramsim,1,0,0,0,0,0,0,0,0,0,0,0,0,0,[1]
wong2/chatgpt-google-extension,isichan0501,1,0,0,0,0,0,0,0,0,0,0,0,0,0,[1]
wong2/chatgpt-google-extension,duke79,1,0,0,0,0,0,0,0,0,0,0,0,0,0,[1]
wong2/chatgpt-google-extension,qwe8312022,0,1,0,0,0,0,0,0,0,0,0,0,0,0,[1]
wong2/chatgpt-google-extension,weiguangchao,1,0,0,0,0,0,0,0,0,0,0,0,0,0,[1]
wong2/chatgpt-google-extension,waker0086,1,0,0,0,0,0,0,0,0,0,0,0,0,0,[1]
wong2/chatgpt-google-extension,wenstionly,1,0,0,0,0,0,0,0,0,0,0,0,0,0,[1]
wong2/chatgpt-google-extension,shuaisunny,1,0,0,0,0,0,0,0,0,0,0,0,0,0,[1]
wong2/chatgpt-google-extension,pauladeanda111,1,0,0,0,0,0,0,0,0,0,0,0,0,0,[1]
wong2/chatgpt-google-extension,c0nstantLee,1,0,0,0,0,0,0,0,0,0,0,0,0,0,[1]
wong2/chatgpt-google-extension,HyperJJJ,1,0,0,0,0,0,0,0,0,0,0,0,0,0,[1]
wong2/chatgpt-google-extension,blucegoh,1,0,0,0,0,0,0,0,0,0,0,0,0,0,[1]
wong2/chatgpt-google-extension,wait10000y,1,0,0,0,0,0,0,0,0,0,0,0,0,0,[1]
wong2/chatgpt-google-extension,brownst,1,0,0,0,0,0,0,0,0,0,0,0,0,0,[1]
wong2/chatgpt-google-extension,wong2,0,0,19,17,8,9,0,4,1,0,0,0,0,0,[58]
wong2/chatgpt-google-extension,hunkimForks,0,2,0,0,0,0,0,0,0,0,0,0,0,0,[2]
wong2/chatgpt-google-extension,fdy7n,1,0,0,0,0,0,0,0,0,0,0,0,0,0,[1]
wong2/chatgpt-google-extension,W2725730722,1,0,0,0,0,0,0,0,0,0,0,0,0,0,[1]
wong2/chatgpt-google-extension,shantoroy,1,0,0,0,0,0,0,0,0,0,0,0,0,0,[1]
wong2/chatgpt-google-extension,NetManDE,0,0,0,0,0,1,0,0,0,0,0,0,0,0,[1]
wong2/chatgpt-google-extension,soon14,0,1,0,0,0,0,0,0,0,0,0,0,0,0,[1]
wong2/chatgpt-google-extension,yyh1102,1,0,0,0,0,0,0,0,0,0,0,0,0,0,[1]
wong2/chatgpt-google-extension,clonn,1,0,0,0,0,0,0,0,0,0,0,0,0,0,[1]
wong2/chatgpt-google-extension,jackywei1228,1,1,0,0,0,0,0,0,0,0,0,0,0,0,[2]
wong2/chatgpt-google-extension,pbbqdd,1,0,0,0,0,0,0,0,0,0,0,0,0,0,[1]
wong2/chatgpt-google-extension,meodemsao,1,0,0,0,0,0,0,0,0,0,0,0,0,0,[1]
wong2/chatgpt-google-extension,c4p-n1ck,1,0,0,0,0,0,0,0,0,0,0,0,0,0,[1]
wong2/chatgpt-google-extension,fredpedroso,1,0,0,0,0,0,0,0,0,0,0,0,0,0,[1]
wong2/chatgpt-google-extension,BristoFK,1,0,0,0,0,0,0,0,0,0,0,0,0,0,[1]
wong2/chatgpt-google-extension,nmtrang,1,0,0,0,0,0,0,0,0,0,0,0,0,0,[1]
wong2/chatgpt-google-extension,Lcc1ccl,1,0,0,0,0,0,0,0,0,0,0,0,0,0,[1]
wong2/chatgpt-google-extension,KDF5000,2,0,0,0,0,0,0,0,0,0,0,0,0,0,[2]
wong2/chatgpt-google-extension,looksgood,1,1,0,0,0,0,0,0,0,0,0,0,0,0,[2]
wong2/chatgpt-google-extension,Eklir,1,0,0,0,0,0,0,0,0,0,0,0,0,0,[1]
wong2/chatgpt-google-extension,cristianmusica,2,1,0,0,0,0,0,0,0,0,0,0,0,0,[3]
wong2/chatgpt-google-extension,ghkghkghk,1,0,0,0,0,0,0,0,0,0,0,0,0,0,[1]
wong2/chatgpt-google-extension,wadenian,1,0,0,0,0,0,0,0,0,0,0,0,0,0,[1]
wong2/chatgpt-google-extension,Ashsur,1,0,0,0,0,0,0,0,0,0,0,0,0,0,[1]
wong2/chatgpt-google-extension,ztflmm,1,0,0,0,0,0,0,0,0,0,0,0,0,0,[1]
wong2/chatgpt-google-extension,Kunhe-tes,1,0,0,0,0,0,0,0,0,0,0,0,0,0,[1]
wong2/chatgpt-google-extension,bailongwang1,1,0,0,0,0,0,0,0,0,0,0,0,0,0,[1]
wong2/chatgpt-google-extension,ccpu,1,1,0,0,0,0,0,0,0,0,0,0,0,0,[2]
wong2/chatgpt-google-extension,zyhicn,1,0,0,0,0,0,0,0,0,0,0,0,0,0,[1]
wong2/chatgpt-google-extension,phenotypic,1,0,0,0,0,0,0,0,0,0,0,0,0,0,[1]
wong2/chatgpt-google-extension,shubhamsingla27,0,0,0,1,0,0,0,0,0,0,0,0,0,0,[1]
wong2/chatgpt-google-extension,jianyu-li,1,0,0,0,0,0,0,0,0,0,0,0,0,0,[1]
wong2/chatgpt-google-extension,wellington1993,1,0,0,0,0,0,0,0,0,0,0,0,0,0,[1]
wong2/chatgpt-google-extension,arkilis,0,1,0,0,0,0,0,0,0,0,0,0,0,0,[1]
wong2/chatgpt-google-extension,raulmenezes,1,0,0,0,0,0,0,0,0,0,0,0,0,0,[1]
wong2/chatgpt-google-extension,pjq,1,0,0,0,0,0,0,0,0,0,0,0,0,0,[1]
wong2/chatgpt-google-extension,jamestang23,1,0,0,0,0,0,0,0,0,0,0,0,0,0,[1]
wong2/chatgpt-google-extension,FebKumo,1,1,0,0,0,0,0,0,0,0,0,0,0,0,[2]
wong2/chatgpt-google-extension,davidsong1979,1,0,0,0,0,0,0,0,0,0,0,0,0,0,[1]
wong2/chatgpt-google-extension,AdamShi,1,0,0,0,0,0,0,0,0,0,0,0,0,0,[1]
wong2/chatgpt-google-extension,shikhir-arora,1,0,0,0,0,0,0,0,0,0,0,0,0,0,[1]
wong2/chatgpt-google-extension,shadowor1982a,1,0,0,0,0,0,0,0,0,0,0,0,0,0,[1]
wong2/chatgpt-google-extension,youngchief-btw,1,0,0,0,0,0,0,0,0,0,0,0,0,0,[1]
wong2/chatgpt-google-extension,pedant235,1,0,0,0,0,0,0,0,0,0,0,0,0,0,[1]
wong2/chatgpt-google-extension,gaoran1209,1,0,0,0,0,0,0,0,0,0,0,0,0,0,[1]
wong2/chatgpt-google-extension,meesyice,1,0,0,0,0,0,0,0,0,0,0,0,0,0,[1]
wong2/chatgpt-google-extension,dom-bro,1,0,0,0,0,0,0,0,0,0,0,0,0,0,[1]
wong2/chatgpt-google-extension,xcTorres,1,0,0,0,0,0,0,0,0,0,0,0,0,0,[1]
wong2/chatgpt-google-extension,Sh4Nn0n-cn,1,0,0,0,0,0,0,0,0,0,0,0,0,0,[1]
wong2/chatgpt-google-extension,yy0827-mengjiang,1,0,0,0,0,0,0,0,0,0,0,0,0,0,[1]
wong2/chatgpt-google-extension,Sten-Frisk,1,0,0,0,0,0,0,0,0,0,0,0,0,0,[1]
wong2/chatgpt-google-extension,manssorr,1,0,0,0,0,0,0,0,0,0,0,0,0,0,[1]
wong2/chatgpt-google-extension,prameshbajra,1,0,0,0,0,0,0,0,0,0,0,0,0,0,[1]
wong2/chatgpt-google-extension,Temanor,0,0,1,0,0,0,0,0,0,0,0,0,0,0,[1]
wong2/chatgpt-google-extension,ansnonRock,1,0,0,0,0,0,0,0,0,0,0,0,0,0,[1]
wong2/chatgpt-google-extension,ant-arktis,1,0,0,0,0,0,0,0,0,0,0,0,0,0,[1]
wong2/chatgpt-google-extension,wangwuqi,1,0,0,0,0,0,0,0,0,0,0,0,0,0,[1]
wong2/chatgpt-google-extension,pompel123,1,0,0,0,0,0,0,0,0,0,0,0,0,0,[1]
wong2/chatgpt-google-extension,spe-or-feed,1,0,0,0,0,0,0,0,0,0,0,0,0,0,[1]
wong2/chatgpt-google-extension,balataTree,1,0,0,0,0,0,0,0,0,0,0,0,0,0,[1]
wong2/chatgpt-google-extension,chingye,0,1,0,0,0,0,0,0,0,0,0,0,0,0,[1]
wong2/chatgpt-google-extension,paladinguo,1,0,0,0,0,0,0,0,0,0,0,0,0,0,[1]
wong2/chatgpt-google-extension,totoroot,1,0,0,0,0,0,0,0,0,0,0,0,0,0,[1]
wong2/chatgpt-google-extension,bullock,1,0,0,0,0,0,0,0,0,0,0,0,0,0,[1]
wong2/chatgpt-google-extension,Bin-Huang,1,0,0,0,0,0,0,0,0,0,0,0,0,0,[1]
wong2/chatgpt-google-extension,Dev-Bobbie,0,1,0,0,0,0,0,0,0,0,0,0,0,0,[1]
wong2/chatgpt-google-extension,xzants,1,0,0,0,0,0,0,0,0,0,0,0,0,0,[1]
wong2/chatgpt-google-extension,commander-boar,1,0,0,0,0,0,0,0,0,0,0,0,0,0,[1]
wong2/chatgpt-google-extension,hihiyf,1,0,0,0,0,0,0,0,0,0,0,0,0,0,[1]
wong2/chatgpt-google-extension,K0098,1,0,0,0,0,0,0,0,0,0,0,0,0,0,[1]
wong2/chatgpt-google-extension,jarry,1,0,0,0,0,0,0,0,0,0,0,0,0,0,[1]
wong2/chatgpt-google-extension,seomago,1,0,0,0,0,0,0,0,0,0,0,0,0,0,[1]
wong2/chatgpt-google-extension,fullforcejordy,1,0,0,0,0,0,0,0,0,0,0,0,0,0,[1]
wong2/chatgpt-google-extension,EgeBalci,1,0,0,0,0,0,0,0,0,0,0,0,0,0,[1]
wong2/chatgpt-google-extension,lxs0209,1,0,0,0,0,0,0,0,0,0,0,0,0,0,[1]
wong2/chatgpt-google-extension,odin1314,1,0,0,0,0,0,0,0,0,0,0,0,0,0,[1]
wong2/chatgpt-google-extension,lifenglin123,1,0,0,0,0,0,0,0,0,0,0,0,0,0,[1]
wong2/chatgpt-google-extension,yushimatenjin,1,0,0,0,0,0,0,0,0,0,0,0,0,0,[1]
wong2/chatgpt-google-extension,NeesonD,1,0,0,0,0,0,0,0,0,0,0,0,0,0,[1]
wong2/chatgpt-google-extension,dongd0ng,1,0,0,0,0,0,0,0,0,0,0,0,0,0,[1]
wong2/chatgpt-google-extension,tomi-kid,0,1,0,0,0,0,0,0,0,0,0,0,0,0,[1]
wong2/chatgpt-google-extension,gloriaok00,1,0,0,0,0,0,0,0,0,0,0,0,0,0,[1]
wong2/chatgpt-google-extension,santiarias,1,0,0,0,0,0,0,0,0,0,0,0,0,0,[1]
wong2/chatgpt-google-extension,sohamdata,1,0,0,0,0,0,0,0,0,0,0,0,0,0,[1]
wong2/chatgpt-google-extension,titorgla,1,0,0,0,0,0,0,0,0,0,0,0,0,0,[1]
wong2/chatgpt-google-extension,zlseu-edu,1,0,0,0,0,0,0,0,0,0,0,0,0,0,[1]
wong2/chatgpt-google-extension,yangfengKAUST,0,1,0,0,0,0,0,0,0,0,0,0,0,0,[1]
wong2/chatgpt-google-extension,piaoyun0223,0,1,0,0,0,0,0,0,0,0,0,0,0,0,[1]
wong2/chatgpt-google-extension,alphax11,1,0,0,0,0,0,0,0,0,0,0,0,0,0,[1]
wong2/chatgpt-google-extension,LivioYueh,1,0,0,0,0,0,0,0,0,0,0,0,0,0,[1]
wong2/chatgpt-google-extension,ReGetALife,1,0,0,0,0,0,0,0,0,0,0,0,0,0,[1]
wong2/chatgpt-google-extension,sharanxP,1,0,0,0,0,0,0,0,0,0,0,0,0,0,[1]
wong2/chatgpt-google-extension,lin-s,1,0,0,0,0,0,0,0,0,0,0,0,0,0,[1]
wong2/chatgpt-google-extension,ZhanXiaoFeng,1,0,0,0,0,0,0,0,0,0,0,0,0,0,[1]
wong2/chatgpt-google-extension,harrytran998,1,0,0,0,0,0,0,0,0,0,0,0,0,0,[1]
wong2/chatgpt-google-extension,kaizoku-oh,1,0,0,0,0,0,0,0,0,0,0,0,0,0,[1]
wong2/chatgpt-google-extension,chenssy,1,0,0,0,0,0,0,0,0,0,0,0,0,0,[1]
wong2/chatgpt-google-extension,ELPSI,0,1,0,0,0,0,0,0,0,0,0,0,0,0,[1]
wong2/chatgpt-google-extension,ncccai,1,0,0,0,0,0,0,0,0,0,0,0,0,0,[1]
wong2/chatgpt-google-extension,paigeadelethompson,1,0,0,0,0,0,0,0,0,0,0,0,0,0,[1]
wong2/chatgpt-google-extension,storyjack,0,1,0,0,0,0,0,0,0,0,0,0,0,0,[1]
wong2/chatgpt-google-extension,oxoxlol,1,0,0,0,0,0,0,0,0,0,0,0,0,0,[1]
wong2/chatgpt-google-extension,shirdey,1,0,0,0,0,0,0,0,0,0,0,0,0,0,[1]
wong2/chatgpt-google-extension,lxjthu,0,1,0,0,0,0,0,0,0,0,0,0,0,0,[1]
wong2/chatgpt-google-extension,m0nd0CH1CK3N,1,0,0,0,0,0,0,0,0,0,0,0,0,0,[1]
wong2/chatgpt-google-extension,Luce7,1,0,0,0,0,0,0,0,0,0,0,0,0,0,[1]
wong2/chatgpt-google-extension,DiceNay,1,0,0,0,0,0,0,0,0,0,0,0,0,0,[1]
wong2/chatgpt-google-extension,6QM,1,0,0,0,0,0,0,0,0,0,0,0,0,0,[1]
wong2/chatgpt-google-extension,meliber,1,1,0,0,0,0,0,0,0,0,0,0,0,0,[2]
wong2/chatgpt-google-extension,SaeedYasin,1,0,0,0,0,0,0,0,0,0,0,0,0,0,[1]
wong2/chatgpt-google-extension,Tuzkiss,1,0,0,0,0,0,0,0,0,0,0,0,0,0,[1]
wong2/chatgpt-google-extension,zguitao,1,0,0,0,0,0,0,0,0,0,0,0,0,0,[1]
wong2/chatgpt-google-extension,divyanshusahu,1,0,0,0,0,0,0,0,0,0,0,0,0,0,[1]
wong2/chatgpt-google-extension,bopai,1,0,0,0,0,0,0,0,0,0,0,0,0,0,[1]
wong2/chatgpt-google-extension,tutq8118,1,0,0,0,0,0,0,0,0,0,0,0,0,0,[1]
wong2/chatgpt-google-extension,lhartbcps,1,0,0,0,0,0,0,0,0,0,0,0,0,0,[1]
wong2/chatgpt-google-extension,fuxiaoguo,0,1,0,0,0,0,0,0,0,0,0,0,0,0,[1]
wong2/chatgpt-google-extension,zjy19961103,1,0,0,0,0,0,0,0,0,0,0,0,0,0,[1]
wong2/chatgpt-google-extension,tainaragent007,1,0,0,0,0,0,0,0,0,0,0,0,0,0,[1]
wong2/chatgpt-google-extension,adityavs,1,0,0,0,0,0,0,0,0,0,0,0,0,0,[1]
wong2/chatgpt-google-extension,tpj2018,1,0,0,0,0,0,0,0,0,0,0,0,0,0,[1]
wong2/chatgpt-google-extension,Cornel777,1,0,0,0,0,0,0,0,0,0,0,0,0,0,[1]
wong2/chatgpt-google-extension,Martpkong,1,1,0,0,0,0,0,0,0,0,0,0,0,0,[2]
wong2/chatgpt-google-extension,delveper,1,0,0,0,0,0,0,0,0,0,0,0,0,0,[1]
wong2/chatgpt-google-extension,baizeit,1,0,0,0,0,0,0,0,0,0,0,0,0,0,[1]
wong2/chatgpt-google-extension,EvanNotFound,1,0,0,0,0,0,0,0,0,0,0,0,0,0,[1]
wong2/chatgpt-google-extension,Hothit1,0,1,0,0,0,0,0,0,0,0,0,0,0,0,[1]
wong2/chatgpt-google-extension,Chanzhaoyu,1,0,0,0,0,0,0,0,0,0,0,0,0,0,[1]
wong2/chatgpt-google-extension,yodaluca23,0,0,2,0,0,0,0,0,0,0,0,0,0,0,[2]
wong2/chatgpt-google-extension,calmriver,1,0,0,0,0,0,0,0,0,0,0,0,0,0,[1]
wong2/chatgpt-google-extension,luokebi,1,0,0,0,0,0,0,0,0,0,0,0,0,0,[1]
wong2/chatgpt-google-extension,ZexiFangkong,1,0,0,0,0,0,0,0,0,0,0,0,0,0,[1]
wong2/chatgpt-google-extension,srinitude,1,0,0,0,0,0,0,0,0,0,0,0,0,0,[1]
wong2/chatgpt-google-extension,Whitelisted1,1,0,0,0,0,0,0,0,0,0,0,0,0,0,[1]
wong2/chatgpt-google-extension,STomi838,1,0,0,0,0,0,0,0,0,0,0,0,0,0,[1]
wong2/chatgpt-google-extension,tsutsarin,1,0,0,0,0,0,0,0,0,0,0,0,0,0,[1]
wong2/chatgpt-google-extension,chindris-mihai-alexandru,1,0,0,0,0,0,0,0,0,0,0,0,0,0,[1]
wong2/chatgpt-google-extension,mesh7s,1,0,0,0,0,0,0,0,0,0,0,0,0,0,[1]
wong2/chatgpt-google-extension,HyperDondon,0,0,0,1,0,0,0,0,0,0,0,0,0,0,[1]
wong2/chatgpt-google-extension,davideuler,1,0,0,0,0,0,0,0,0,0,0,0,0,0,[1]
wong2/chatgpt-google-extension,CreatorMetaSky,1,0,0,0,0,0,0,0,0,0,0,0,0,0,[1]
wong2/chatgpt-google-extension,5852305,1,0,0,0,0,0,0,0,0,0,0,0,0,0,[1]
wong2/chatgpt-google-extension,liyu158163,1,1,0,0,0,0,0,0,0,0,0,0,0,0,[2]
wong2/chatgpt-google-extension,slongzhang,2,1,0,0,0,0,0,0,0,0,0,0,0,0,[3]
wong2/chatgpt-google-extension,xtcuiyd,1,0,0,0,0,0,0,0,0,0,0,0,0,0,[1]
wong2/chatgpt-google-extension,Givo29,1,0,0,0,0,0,0,0,0,0,0,0,0,0,[1]
wong2/chatgpt-google-extension,Jing--Li,1,0,0,0,0,0,0,0,0,0,0,0,0,0,[1]
wong2/chatgpt-google-extension,Kcin1993,0,0,1,0,0,0,0,0,0,0,0,0,0,0,[1]
wong2/chatgpt-google-extension,dukejh,1,0,0,0,0,0,0,0,0,0,0,0,0,0,[1]
wong2/chatgpt-google-extension,QYAdam-theo,1,0,0,0,0,0,0,0,0,0,0,0,0,0,[1]
wong2/chatgpt-google-extension,jzhao62,0,1,1,3,0,0,0,0,0,0,0,0,0,0,[5]
wong2/chatgpt-google-extension,bapon3115,0,0,0,1,0,0,0,0,0,0,0,0,0,0,[1]
wong2/chatgpt-google-extension,CongNguyen086,1,0,0,0,0,0,0,0,0,0,0,0,0,0,[1]
wong2/chatgpt-google-extension,DDDlk,1,0,0,0,0,0,0,0,0,0,0,0,0,0,[1]
wong2/chatgpt-google-extension,hiwepy,1,0,0,0,0,0,0,0,0,0,0,0,0,0,[1]
wong2/chatgpt-google-extension,k3nd0,1,0,0,0,0,0,0,0,0,0,0,0,0,0,[1]
wong2/chatgpt-google-extension,aTreey,0,0,1,0,0,0,0,0,0,0,0,0,0,0,[1]
wong2/chatgpt-google-extension,SahilQaiser,1,0,0,0,0,0,0,0,0,0,0,0,0,0,[1]
wong2/chatgpt-google-extension,yaojingdeweiba,1,0,0,0,0,0,0,0,0,0,0,0,0,0,[1]
wong2/chatgpt-google-extension,Jurio0304,1,0,0,0,0,0,0,0,0,0,0,0,0,0,[1]
wong2/chatgpt-google-extension,JeffKong,1,0,0,0,0,0,0,0,0,0,0,0,0,0,[1]
wong2/chatgpt-google-extension,zoeldu,1,0,0,0,0,0,0,0,0,0,0,0,0,0,[1]
wong2/chatgpt-google-extension,llwwllnn,1,0,0,0,0,0,0,0,0,0,0,0,0,0,[1]
wong2/chatgpt-google-extension,jingjing12110,1,0,0,0,0,0,0,0,0,0,0,0,0,0,[1]
wong2/chatgpt-google-extension,cuitingyuan,1,0,0,0,0,0,0,0,0,0,0,0,0,0,[1]
wong2/chatgpt-google-extension,szsean,1,0,0,0,0,0,0,0,0,0,0,0,0,0,[1]
wong2/chatgpt-google-extension,hellomrjia,1,0,0,0,0,0,0,0,0,0,0,0,0,0,[1]
wong2/chatgpt-google-extension,RedBoneZhang,1,0,0,0,0,0,0,0,0,0,0,0,0,0,[1]
wong2/chatgpt-google-extension,Hiihere,1,0,0,0,0,0,0,0,0,0,0,0,0,0,[1]
wong2/chatgpt-google-extension,qazxcdswe123,1,0,0,0,0,0,0,0,0,0,0,0,0,0,[1]
wong2/chatgpt-google-extension,everest33,1,0,0,0,0,0,0,0,0,0,0,0,0,0,[1]
wong2/chatgpt-google-extension,xiaomaotoua5,1,0,0,0,0,0,0,0,0,0,0,0,0,0,[1]
wong2/chatgpt-google-extension,swelzh,1,0,0,0,0,0,0,0,0,0,0,0,0,0,[1]
wong2/chatgpt-google-extension,Tuz10,1,0,0,0,0,0,0,0,0,0,0,0,0,0,[1]
wong2/chatgpt-google-extension,leehanmo,1,0,0,0,0,0,0,0,0,0,0,0,0,0,[1]
wong2/chatgpt-google-extension,dz85,1,0,0,0,0,0,0,0,0,0,0,0,0,0,[1]
wong2/chatgpt-google-extension,Chaoasis,1,0,0,0,0,0,0,0,0,0,0,0,0,0,[1]
wong2/chatgpt-google-extension,dudor,1,0,0,0,0,0,0,0,0,0,0,0,0,0,[1]
wong2/chatgpt-google-extension,hystest,1,0,0,0,0,0,0,0,0,0,0,0,0,0,[1]
wong2/chatgpt-google-extension,zhongcaiwei,1,0,0,0,0,0,0,0,0,0,0,0,0,0,[1]
wong2/chatgpt-google-extension,wangyang2154,1,0,0,0,0,0,0,0,0,0,0,0,0,0,[1]
wong2/chatgpt-google-extension,kojaks43,0,0,1,1,0,0,0,0,0,0,0,0,0,0,[2]
wong2/chatgpt-google-extension,GoodGas,1,0,0,0,0,0,0,0,0,0,0,0,0,0,[1]
wong2/chatgpt-google-extension,LWJ3806,1,0,0,0,0,0,0,0,0,0,0,0,0,0,[1]
wong2/chatgpt-google-extension,LeeSeongJinCa,1,0,0,0,0,0,0,0,0,0,0,0,0,0,[1]
wong2/chatgpt-google-extension,Sophie521,1,0,0,0,0,0,0,0,0,0,0,0,0,0,[1]
wong2/chatgpt-google-extension,TalentJack,1,0,0,0,0,0,0,0,0,0,0,0,0,0,[1]
wong2/chatgpt-google-extension,achalmed,1,0,0,0,0,0,0,0,0,0,0,0,0,0,[1]
wong2/chatgpt-google-extension,kildk,0,1,0,0,0,0,0,0,0,0,0,0,0,0,[1]
wong2/chatgpt-google-extension,coontiect,1,0,0,0,0,0,0,0,0,0,0,0,0,0,[1]
wong2/chatgpt-google-extension,woshiguoxiaolv,1,1,0,0,0,0,0,0,0,0,0,0,0,0,[2]
wong2/chatgpt-google-extension,Aymkdn,0,0,0,1,0,0,0,0,0,0,0,0,0,0,[1]
wong2/chatgpt-google-extension,xiday,1,0,0,0,0,0,0,0,0,0,0,0,0,0,[1]
wong2/chatgpt-google-extension,sleepinghua,1,0,0,0,0,0,0,0,0,0,0,0,0,0,[1]
wong2/chatgpt-google-extension,flXu12,1,0,0,0,0,0,0,0,0,0,0,0,0,0,[1]
wong2/chatgpt-google-extension,imlida,0,1,0,0,0,0,0,0,0,0,0,0,0,0,[1]
wong2/chatgpt-google-extension,SuhwanCha,1,0,0,0,0,0,0,0,0,0,0,0,0,0,[1]
wong2/chatgpt-google-extension,Qin-shihuang,1,0,0,0,0,0,0,0,0,0,0,0,0,0,[1]
wong2/chatgpt-google-extension,pseudocodes,1,0,0,0,0,0,0,0,0,0,0,0,0,0,[1]
wong2/chatgpt-google-extension,aaron-wnkim,1,1,0,0,0,1,0,0,0,0,0,0,0,0,[3]
wong2/chatgpt-google-extension,Seondong,1,0,0,0,0,0,0,0,0,0,0,0,0,0,[1]
wong2/chatgpt-google-extension,Gail-peng,1,0,0,0,0,0,0,0,0,0,0,0,0,0,[1]
wong2/chatgpt-google-extension,hello-guregorio,1,0,0,0,0,0,0,0,0,0,0,0,0,0,[1]
wong2/chatgpt-google-extension,tanminggang,0,1,0,0,0,0,0,0,0,0,0,0,0,0,[1]
wong2/chatgpt-google-extension,sxfss,1,0,0,0,0,0,0,0,0,0,0,0,0,0,[1]
wong2/chatgpt-google-extension,joshuawe,1,0,0,0,0,0,0,0,0,0,0,0,0,0,[1]
wong2/chatgpt-google-extension,Kjeld,1,0,0,0,0,0,0,0,0,0,0,0,0,0,[1]
wong2/chatgpt-google-extension,fidesosu,1,0,0,0,0,0,0,0,0,0,0,0,0,0,[1]
wong2/chatgpt-google-extension,happy240,1,0,0,0,0,0,0,0,0,0,0,0,0,0,[1]
wong2/chatgpt-google-extension,xiang687,1,0,0,0,0,0,0,0,0,0,0,0,0,0,[1]
wong2/chatgpt-google-extension,MKrabs,0,0,0,1,0,0,0,0,0,0,0,0,0,0,[1]
wong2/chatgpt-google-extension,xtralz,1,0,0,0,0,0,0,0,0,0,0,0,0,0,[1]
wong2/chatgpt-google-extension,Nizwe,1,0,0,0,0,0,0,0,0,0,0,0,0,0,[1]
wong2/chatgpt-google-extension,HRronaldo,0,1,0,0,0,0,0,0,0,0,0,0,0,0,[1]
wong2/chatgpt-google-extension,EstebanFuentealba,1,0,0,0,0,0,0,0,0,0,0,0,0,0,[1]
wong2/chatgpt-google-extension,kong6001,1,0,0,0,0,0,0,0,0,0,0,0,0,0,[1]
wong2/chatgpt-google-extension,TrongVi1999,1,0,0,0,0,0,0,0,0,0,0,0,0,0,[1]
wong2/chatgpt-google-extension,S8M1T,1,0,0,0,0,0,0,0,0,0,0,0,0,0,[1]
wong2/chatgpt-google-extension,balaceb,0,1,0,0,0,0,0,0,0,0,0,0,0,0,[1]
wong2/chatgpt-google-extension,jydm,1,0,0,0,0,0,0,0,0,0,0,0,0,0,[1]
wong2/chatgpt-google-extension,jryals579,1,0,0,0,0,0,0,0,0,0,0,0,0,0,[1]
wong2/chatgpt-google-extension,kone-net,1,0,0,0,0,0,0,0,0,0,0,0,0,0,[1]
wong2/chatgpt-google-extension,xamddewey,1,0,0,0,0,0,0,0,0,0,0,0,0,0,[1]
wong2/chatgpt-google-extension,steven64521,1,0,0,0,0,0,0,0,0,0,0,0,0,0,[1]
wong2/chatgpt-google-extension,WillYujin,0,0,1,0,0,0,0,0,0,0,0,0,0,0,[1]
wong2/chatgpt-google-extension,NeverMoreShadowFiend,0,1,0,0,0,0,0,0,0,0,0,0,0,0,[1]
wong2/chatgpt-google-extension,xasx,1,0,0,0,0,0,0,0,0,0,0,0,0,0,[1]
wong2/chatgpt-google-extension,bigplayer-ai,0,0,1,0,0,0,0,0,0,0,0,0,0,0,[1]
wong2/chatgpt-google-extension,buresj,1,0,0,0,0,0,0,0,0,0,0,0,0,0,[1]
wong2/chatgpt-google-extension,sparkbold,1,0,0,0,0,0,0,0,0,0,0,0,0,0,[1]
wong2/chatgpt-google-extension,Anjuice666,1,0,0,0,0,0,0,0,0,0,0,0,0,0,[1]
wong2/chatgpt-google-extension,jjoeldaniel,1,0,0,0,0,0,0,0,0,0,0,0,0,0,[1]
wong2/chatgpt-google-extension,R4yGM,1,0,0,0,0,0,0,0,0,0,0,0,0,0,[1]
wong2/chatgpt-google-extension,xeransis,0,1,0,0,0,0,0,0,0,0,0,0,0,0,[1]
wong2/chatgpt-google-extension,OlyoshaOlyosha,0,0,0,1,0,0,0,0,0,0,0,0,0,0,[1]
wong2/chatgpt-google-extension,LLAiden,1,0,0,0,0,0,0,0,0,0,0,0,0,0,[1]
wong2/chatgpt-google-extension,ajsdhfb,1,0,0,0,0,0,0,0,0,0,0,0,0,0,[1]
wong2/chatgpt-google-extension,lirun-sat,0,1,0,0,0,0,0,0,0,0,0,0,0,0,[1]
wong2/chatgpt-google-extension,Ribliyo,1,0,0,0,0,0,0,0,0,0,0,0,0,0,[1]
wong2/chatgpt-google-extension,Sirbab,0,0,0,1,0,0,0,0,0,0,0,0,0,0,[1]
wong2/chatgpt-google-extension,lucidiousgibs,1,0,0,0,0,0,0,0,0,0,0,0,0,0,[1]
wong2/chatgpt-google-extension,moarblur,1,0,0,0,0,0,0,0,0,0,0,0,0,0,[1]
wong2/chatgpt-google-extension,ChaorongC,1,0,0,0,0,0,0,0,0,0,0,0,0,0,[1]
wong2/chatgpt-google-extension,Vincevdb1,1,1,0,0,0,0,0,0,0,0,0,0,0,0,[2]
wong2/chatgpt-google-extension,dean-ab,1,0,0,0,0,0,0,0,0,0,0,0,0,0,[1]
wong2/chatgpt-google-extension,TfeiSong,1,0,0,0,0,0,0,0,0,0,0,0,0,0,[1]
wong2/chatgpt-google-extension,itdabai,0,1,0,0,0,0,0,0,0,0,0,0,0,0,[1]
wong2/chatgpt-google-extension,treeos001,1,0,0,0,0,0,0,0,0,0,0,0,0,0,[1]
wong2/chatgpt-google-extension,HuLang-Zero,1,0,0,0,0,0,0,0,0,0,0,0,0,0,[1]
wong2/chatgpt-google-extension,jackhe16,1,0,0,0,0,0,0,0,0,0,0,0,0,0,[1]
wong2/chatgpt-google-extension,Doubi222,0,1,0,0,0,0,0,0,0,0,0,0,0,0,[1]
wong2/chatgpt-google-extension,adams-github,1,0,0,0,0,0,0,0,0,0,0,0,0,0,[1]
wong2/chatgpt-google-extension,vaimalaviya1233,0,1,0,0,0,0,0,0,0,0,0,0,0,0,[1]
wong2/chatgpt-google-extension,samstarnes,1,0,0,0,0,0,0,0,0,0,0,0,0,0,[1]
wong2/chatgpt-google-extension,taijichadao,0,1,0,0,0,0,0,0,0,0,0,0,0,0,[1]
wong2/chatgpt-google-extension,sayed-solshare,1,0,0,0,0,0,0,0,0,0,0,0,0,0,[1]
wong2/chatgpt-google-extension,MonveChen,0,1,0,0,0,0,0,0,0,0,0,0,0,0,[1]
wong2/chatgpt-google-extension,seekerrc,1,0,0,0,0,0,0,0,0,0,0,0,0,0,[1]
wong2/chatgpt-google-extension,Bobo-Jia,1,0,0,0,0,0,0,0,0,0,0,0,0,0,[1]
wong2/chatgpt-google-extension,LLJJTT,1,1,0,0,0,0,0,0,0,0,0,0,0,0,[2]
wong2/chatgpt-google-extension,localhost777,1,0,0,0,0,0,0,0,0,0,0,0,0,0,[1]
wong2/chatgpt-google-extension,bobqiu,0,1,0,0,0,0,0,0,0,0,0,0,0,0,[1]
wong2/chatgpt-google-extension,Vekixx,1,0,0,0,0,0,0,0,0,0,0,0,0,0,[1]
wong2/chatgpt-google-extension,freyhill,1,0,0,0,0,0,0,0,0,0,0,0,0,0,[1]
wong2/chatgpt-google-extension,Sabbir,0,1,0,0,0,0,0,0,0,0,0,0,0,0,[1]
wong2/chatgpt-google-extension,sandyvis34,0,1,0,0,0,0,0,0,0,0,0,0,0,0,[1]
wong2/chatgpt-google-extension,MMudrako,1,0,0,0,0,0,0,0,0,0,0,0,0,0,[1]
wong2/chatgpt-google-extension,ghostsquad,1,0,0,0,0,0,0,0,0,0,0,0,0,0,[1]
wong2/chatgpt-google-extension,blacktip2000,1,1,0,0,0,0,0,0,0,0,0,0,0,0,[2]
wong2/chatgpt-google-extension,Dr-Bryant-24,1,0,0,0,0,0,0,0,0,0,0,0,0,0,[1]
wong2/chatgpt-google-extension,JiubanA1,1,0,0,0,0,0,0,0,0,0,0,0,0,0,[1]
wong2/chatgpt-google-extension,wang-85,1,0,0,0,0,0,0,0,0,0,0,0,0,0,[1]
wong2/chatgpt-google-extension,znlbwo,0,1,0,0,0,0,0,0,0,0,0,0,0,0,[1]
wong2/chatgpt-google-extension,LeoBardini,0,1,0,0,0,0,0,0,0,0,0,0,0,0,[1]
wong2/chatgpt-google-extension,MarsToken,0,1,0,0,0,0,0,0,0,0,0,0,0,0,[1]
wong2/chatgpt-google-extension,tigerdavid,1,0,0,0,0,0,0,0,0,0,0,0,0,0,[1]
wong2/chatgpt-google-extension,ToolsCN,0,1,0,0,0,0,0,0,0,0,0,0,0,0,[1]
wong2/chatgpt-google-extension,trojancoding,1,0,0,0,0,0,0,0,0,0,0,0,0,0,[1]
wong2/chatgpt-google-extension,memorate,1,0,0,0,0,0,0,0,0,0,0,0,0,0,[1]
wong2/chatgpt-google-extension,wangrocky,1,0,0,0,0,0,0,0,0,0,0,0,0,0,[1]
wong2/chatgpt-google-extension,ueumd,1,0,0,0,0,0,0,0,0,0,0,0,0,0,[1]
wong2/chatgpt-google-extension,guoyongchang,1,0,0,0,0,0,0,0,0,0,0,0,0,0,[1]
wong2/chatgpt-google-extension,acsoto,1,0,0,0,0,0,0,0,0,0,0,0,0,0,[1]
wong2/chatgpt-google-extension,Qstar,1,0,0,0,0,0,0,0,0,0,0,0,0,0,[1]
wong2/chatgpt-google-extension,land007,0,1,0,0,0,0,0,0,0,0,0,0,0,0,[1]
wong2/chatgpt-google-extension,imsxx,1,0,0,0,0,0,0,0,0,0,0,0,0,0,[1]
wong2/chatgpt-google-extension,Tembero11,1,0,0,0,0,0,0,0,0,0,0,0,0,0,[1]
wong2/chatgpt-google-extension,gemini-mouse,1,0,0,0,0,0,0,0,0,0,0,0,0,0,[1]
wong2/chatgpt-google-extension,Yoname,0,1,0,0,0,0,0,0,0,0,0,0,0,0,[1]
wong2/chatgpt-google-extension,l3lackcurtains,1,0,0,0,0,0,0,0,0,0,0,0,0,0,[1]
wong2/chatgpt-google-extension,qiuqiu112,1,0,0,0,0,0,0,0,0,0,0,0,0,0,[1]
wong2/chatgpt-google-extension,HehuanAndroid,1,0,0,0,0,0,0,0,0,0,0,0,0,0,[1]
wong2/chatgpt-google-extension,greyhond,1,1,0,0,0,0,0,0,0,0,0,0,0,0,[2]
wong2/chatgpt-google-extension,github-forks-codes,0,1,0,0,0,0,0,0,0,0,0,0,0,0,[1]
wong2/chatgpt-google-extension,a-varich,1,0,0,0,0,0,0,0,0,0,0,0,0,0,[1]
wong2/chatgpt-google-extension,chibinjiang,1,0,0,0,0,0,0,0,0,0,0,0,0,0,[1]
wong2/chatgpt-google-extension,usaweili,0,1,0,0,0,0,0,0,0,0,0,0,0,0,[1]
wong2/chatgpt-google-extension,maydaykai,1,0,0,0,0,0,0,0,0,0,0,0,0,0,[1]
wong2/chatgpt-google-extension,congeeZHOU,1,0,0,0,0,0,0,0,0,0,0,0,0,0,[1]
wong2/chatgpt-google-extension,leckiesun,1,0,0,0,0,0,0,0,0,0,0,0,0,0,[1]
wong2/chatgpt-google-extension,liangshuai123,1,1,0,0,0,0,0,0,0,0,0,0,0,0,[2]
wong2/chatgpt-google-extension,iphysresearch,1,0,0,0,0,0,0,0,0,0,0,0,0,0,[1]
wong2/chatgpt-google-extension,nidedekesasi,1,0,0,0,0,0,0,0,0,0,0,0,0,0,[1]
wong2/chatgpt-google-extension,Motang,1,0,0,0,0,0,0,0,0,0,0,0,0,0,[1]
wong2/chatgpt-google-extension,DLUT-yyc,1,0,0,0,0,0,0,0,0,0,0,0,0,0,[1]
wong2/chatgpt-google-extension,jtagaca,0,0,0,1,0,0,0,0,0,0,0,0,0,0,[1]
wong2/chatgpt-google-extension,raremiroir,1,0,0,0,0,0,0,0,0,0,0,0,0,0,[1]
wong2/chatgpt-google-extension,Nithur-M,1,0,0,0,0,0,0,0,0,0,0,0,0,0,[1]
wong2/chatgpt-google-extension,liberty1997,1,0,0,0,0,0,0,0,0,0,0,0,0,0,[1]
wong2/chatgpt-google-extension,ricklei2777,1,0,0,0,0,0,0,0,0,0,0,0,0,0,[1]
wong2/chatgpt-google-extension,Gong-Bao-Chicken,1,0,0,0,0,0,0,0,0,0,0,0,0,0,[1]
wong2/chatgpt-google-extension,fiveedu,1,0,0,0,0,0,0,0,0,0,0,0,0,0,[1]
wong2/chatgpt-google-extension,yi-Xu-0100,1,0,0,0,0,0,0,0,0,0,0,0,0,0,[1]
wong2/chatgpt-google-extension,Mershana,1,0,0,0,0,0,0,0,0,0,0,0,0,0,[1]
wong2/chatgpt-google-extension,neighbaa,1,0,0,0,0,0,0,0,0,0,0,0,0,0,[1]
wong2/chatgpt-google-extension,bluescopedata,0,1,0,0,0,0,0,0,0,0,0,0,0,0,[1]
wong2/chatgpt-google-extension,LaelWang,1,0,0,0,0,0,0,0,0,0,0,0,0,0,[1]
wong2/chatgpt-google-extension,FakeTrader,1,0,0,0,0,0,0,0,0,0,0,0,0,0,[1]
wong2/chatgpt-google-extension,wei-wang-develop,0,1,0,0,0,0,0,0,0,0,0,0,0,0,[1]
wong2/chatgpt-google-extension,harishamdani,1,0,0,0,0,0,0,0,0,0,0,0,0,0,[1]
wong2/chatgpt-google-extension,kyoto7250,1,0,0,0,0,0,0,0,0,0,0,0,0,0,[1]
wong2/chatgpt-google-extension,klaaay,1,0,0,0,0,0,0,0,0,0,0,0,0,0,[1]
wong2/chatgpt-google-extension,ejjjjkang,0,1,0,0,0,0,0,0,0,0,0,0,0,0,[1]
wong2/chatgpt-google-extension,samir-dahal,1,0,0,0,0,0,0,0,0,0,0,0,0,0,[1]
wong2/chatgpt-google-extension,KOAJON,1,0,0,0,0,0,0,0,0,0,0,0,0,0,[1]
wong2/chatgpt-google-extension,zoey-on-github,1,0,0,0,0,0,0,0,0,0,0,0,0,0,[1]
wong2/chatgpt-google-extension,aiotceo,1,0,0,0,0,0,0,0,0,0,0,0,0,0,[1]
wong2/chatgpt-google-extension,an-handouts,1,0,0,0,0,0,0,0,0,0,0,0,0,0,[1]
wong2/chatgpt-google-extension,thoroc,1,0,0,0,0,0,0,0,0,0,0,0,0,0,[1]
wong2/chatgpt-google-extension,Len-Li,1,0,0,0,0,0,0,0,0,0,0,0,0,0,[1]
wong2/chatgpt-google-extension,RobberJJ,1,0,0,0,0,0,0,0,0,0,0,0,0,0,[1]
wong2/chatgpt-google-extension,xs1997zju,1,0,0,0,0,0,0,0,0,0,0,0,0,0,[1]
wong2/chatgpt-google-extension,wzlove,1,0,0,0,0,0,0,0,0,0,0,0,0,0,[1]
wong2/chatgpt-google-extension,AidanAllen,1,0,0,0,0,0,0,0,0,0,0,0,0,0,[1]
wong2/chatgpt-google-extension,vanwhebin,1,0,0,0,0,0,0,0,0,0,0,0,0,0,[1]
wong2/chatgpt-google-extension,Lokyluck,1,0,0,0,0,0,0,0,0,0,0,0,0,0,[1]
wong2/chatgpt-google-extension,STiansy,1,0,0,0,0,0,0,0,0,0,0,0,0,0,[1]
wong2/chatgpt-google-extension,torkay,1,0,0,0,0,0,0,0,0,0,0,0,0,0,[1]
wong2/chatgpt-google-extension,fnhe,0,0,1,0,0,0,0,0,0,0,0,0,0,0,[1]
wong2/chatgpt-google-extension,hfl112,0,0,1,0,0,0,0,0,0,0,0,0,0,0,[1]
wong2/chatgpt-google-extension,scxliu,0,1,0,0,0,0,0,0,0,0,0,0,0,0,[1]
wong2/chatgpt-google-extension,LLJlife,1,0,0,0,0,0,0,0,0,0,0,0,0,0,[1]
wong2/chatgpt-google-extension,Licky939,1,0,0,0,0,0,0,0,0,0,0,0,0,0,[1]
wong2/chatgpt-google-extension,shuaihuaiyi,0,0,1,0,0,0,0,0,0,0,0,0,0,0,[1]
wong2/chatgpt-google-extension,GHCharlesLau,1,0,0,0,0,0,0,0,0,0,0,0,0,0,[1]
wong2/chatgpt-google-extension,ywang2014,0,1,0,0,0,0,0,0,0,0,0,0,0,0,[1]
wong2/chatgpt-google-extension,rei-lena,1,0,0,0,0,0,0,0,0,0,0,0,0,0,[1]
wong2/chatgpt-google-extension,crapulence,1,0,0,0,0,0,0,0,0,0,0,0,0,0,[1]
wong2/chatgpt-google-extension,diki816,1,1,0,0,0,0,0,0,0,0,0,0,0,0,[2]
wong2/chatgpt-google-extension,jeremyoverman,1,0,0,0,0,0,0,0,0,0,0,0,0,0,[1]
wong2/chatgpt-google-extension,mShining,1,0,0,0,0,0,0,0,0,0,0,0,0,0,[1]
wong2/chatgpt-google-extension,MyNetdisk,1,0,0,0,0,0,0,0,0,0,0,0,0,0,[1]
wong2/chatgpt-google-extension,eddy8,1,0,0,0,0,0,0,0,0,0,0,0,0,0,[1]
wong2/chatgpt-google-extension,Teamo996,0,1,0,0,0,0,0,0,0,0,0,0,0,0,[1]
wong2/chatgpt-google-extension,helly100,1,0,0,0,0,0,0,0,0,0,0,0,0,0,[1]
wong2/chatgpt-google-extension,XIAN214,1,0,0,0,0,0,0,0,0,0,0,0,0,0,[1]
wong2/chatgpt-google-extension,lupguo,1,0,0,0,0,0,0,0,0,0,0,0,0,0,[1]
wong2/chatgpt-google-extension,aceslup,1,0,0,0,0,0,0,0,0,0,0,0,0,0,[1]
wong2/chatgpt-google-extension,sectionzhu,1,0,0,0,0,0,0,0,0,0,0,0,0,0,[1]
wong2/chatgpt-google-extension,dennisxiaoding,1,0,0,0,0,0,0,0,0,0,0,0,0,0,[1]
wong2/chatgpt-google-extension,lthirty,0,1,0,0,0,0,0,0,0,0,0,0,0,0,[1]
wong2/chatgpt-google-extension,xadm1n,1,0,0,0,0,0,0,0,0,0,0,0,0,0,[1]
wong2/chatgpt-google-extension,lw3088,1,0,0,0,0,0,0,0,0,0,0,0,0,0,[1]
wong2/chatgpt-google-extension,zoecyf,1,0,0,0,0,0,0,0,0,0,0,0,0,0,[1]
wong2/chatgpt-google-extension,JackeyLove1,1,0,0,0,0,0,0,0,0,0,0,0,0,0,[1]
wong2/chatgpt-google-extension,CODe5753,1,1,0,0,0,1,0,0,0,0,0,0,0,0,[3]
wong2/chatgpt-google-extension,diwangtseb,1,0,0,0,0,0,0,0,0,0,0,0,0,0,[1]
wong2/chatgpt-google-extension,Maxon-Zou,1,0,0,0,0,0,0,0,0,0,0,0,0,0,[1]
wong2/chatgpt-google-extension,yellowhuang,1,0,0,0,0,0,0,0,0,0,0,0,0,0,[1]
wong2/chatgpt-google-extension,bekars,1,0,0,0,0,0,0,0,0,0,0,0,0,0,[1]
wong2/chatgpt-google-extension,xingchenzhao,1,0,0,0,0,0,0,0,0,0,0,0,0,0,[1]
wong2/chatgpt-google-extension,flysoso,1,0,0,0,0,0,0,0,0,0,0,0,0,0,[1]
wong2/chatgpt-google-extension,ArthurADDDDD,1,0,0,0,0,0,0,0,0,0,0,0,0,0,[1]
wong2/chatgpt-google-extension,thrlkm,0,1,0,0,0,0,0,0,0,0,0,0,0,0,[1]
wong2/chatgpt-google-extension,sup-lh,0,0,1,0,0,0,0,0,0,0,0,0,0,0,[1]
wong2/chatgpt-google-extension,dbudaiya,1,0,0,0,0,0,0,0,0,0,0,0,0,0,[1]
wong2/chatgpt-google-extension,limelect,0,0,0,1,0,0,0,0,0,0,0,0,0,0,[1]
wong2/chatgpt-google-extension,ivanorezac,1,0,0,0,0,0,0,0,0,0,0,0,0,0,[1]
wong2/chatgpt-google-extension,yulongtzzz,1,0,0,0,0,0,0,0,0,0,0,0,0,0,[1]
wong2/chatgpt-google-extension,tize-72,0,1,0,0,0,0,0,0,0,0,0,0,0,0,[1]
wong2/chatgpt-google-extension,Gusted,1,0,0,0,0,0,0,0,0,0,0,0,0,0,[1]
wong2/chatgpt-google-extension,TonyApuzzo,0,1,0,0,0,0,0,0,0,0,0,0,0,0,[1]
wong2/chatgpt-google-extension,rockse,1,0,0,0,0,0,0,0,0,0,0,0,0,0,[1]
wong2/chatgpt-google-extension,liubin18911671739,1,0,0,0,0,0,0,0,0,0,0,0,0,0,[1]
wong2/chatgpt-google-extension,sktmurdock37,1,0,0,0,0,0,0,0,0,0,0,0,0,0,[1]
wong2/chatgpt-google-extension,ax-sh,1,0,0,0,0,0,0,0,0,0,0,0,0,0,[1]
wong2/chatgpt-google-extension,gsfish,2,0,0,0,0,0,0,0,0,0,0,0,0,0,[2]
wong2/chatgpt-google-extension,Victor2038,1,0,0,0,0,0,0,0,0,0,0,0,0,0,[1]
wong2/chatgpt-google-extension,sspro-lldream,0,0,1,0,0,0,0,0,0,0,0,0,0,0,[1]
wong2/chatgpt-google-extension,fwcd,1,0,0,0,0,0,0,0,0,0,0,0,0,0,[1]
wong2/chatgpt-google-extension,shengxiaozi,1,0,0,0,0,0,0,0,0,0,0,0,0,0,[1]
wong2/chatgpt-google-extension,shartechs,1,0,0,0,0,0,0,0,0,0,0,0,0,0,[1]
wong2/chatgpt-google-extension,106FaceEater106,0,1,0,0,0,0,0,0,0,0,0,0,0,0,[1]
wong2/chatgpt-google-extension,JackDinn,0,0,2,0,0,0,0,0,0,0,0,0,0,0,[2]
wong2/chatgpt-google-extension,peterspbr,1,0,0,0,0,0,0,0,0,0,0,0,0,0,[1]
wong2/chatgpt-google-extension,cjude62,1,0,0,0,0,0,0,0,0,0,0,0,0,0,[1]
wong2/chatgpt-google-extension,zcypgy,1,0,0,0,0,0,0,0,0,0,0,0,0,0,[1]
wong2/chatgpt-google-extension,liushaoyang,1,0,0,0,0,0,0,0,0,0,0,0,0,0,[1]
wong2/chatgpt-google-extension,sssaaa123,1,0,0,0,0,0,0,0,0,0,0,0,0,0,[1]
wong2/chatgpt-google-extension,kylin-ink,1,0,0,0,0,0,0,0,0,0,0,0,0,0,[1]
wong2/chatgpt-google-extension,shaahink,1,0,0,0,0,0,0,0,0,0,0,0,0,0,[1]
wong2/chatgpt-google-extension,XFBear77,0,1,0,0,0,0,0,0,0,0,0,0,0,0,[1]
wong2/chatgpt-google-extension,zhMoody,1,1,0,0,0,0,0,0,0,0,0,0,0,0,[2]
wong2/chatgpt-google-extension,martin-braun,0,0,1,0,0,0,0,0,0,0,0,0,0,0,[1]
wong2/chatgpt-google-extension,EatmeIon,1,0,0,0,0,0,0,0,0,0,0,0,0,0,[1]
wong2/chatgpt-google-extension,ARTYR555,1,0,0,0,0,0,0,0,0,0,0,0,0,0,[1]
wong2/chatgpt-google-extension,Linyh0115,1,0,0,0,0,0,0,0,0,0,0,0,0,0,[1]
wong2/chatgpt-google-extension,zqisheng,1,0,0,0,0,0,0,0,0,0,0,0,0,0,[1]
wong2/chatgpt-google-extension,trungkien006,1,1,0,0,0,0,0,0,0,0,0,0,0,0,[2]
wong2/chatgpt-google-extension,Ty-lerCox,1,0,0,0,0,0,0,0,0,0,0,0,0,0,[1]
wong2/chatgpt-google-extension,RiddlerM,1,0,0,0,0,0,0,0,0,0,0,0,0,0,[1]
wong2/chatgpt-google-extension,ic-agouveia,1,0,0,0,0,0,0,0,0,0,0,0,0,0,[1]
wong2/chatgpt-google-extension,l1v0n1,1,1,0,0,0,0,0,0,0,0,0,0,0,0,[2]
wong2/chatgpt-google-extension,vedant-z,1,0,0,0,0,0,0,0,0,0,0,0,0,0,[1]
wong2/chatgpt-google-extension,jjxbag,1,0,0,0,0,0,0,0,0,0,0,0,0,0,[1]
wong2/chatgpt-google-extension,Makstarr,0,1,0,0,0,0,0,0,0,0,0,0,0,0,[1]
wong2/chatgpt-google-extension,HancockY,1,0,1,0,0,0,0,0,0,0,0,0,0,0,[2]
wong2/chatgpt-google-extension,robator0127,0,1,0,0,0,0,0,0,0,0,0,0,0,0,[1]
wong2/chatgpt-google-extension,ClockIsReady,1,0,0,0,0,0,0,0,0,0,0,0,0,0,[1]
wong2/chatgpt-google-extension,LuckHard,1,0,0,0,0,0,0,0,0,0,0,0,0,0,[1]
wong2/chatgpt-google-extension,khoiln218,0,1,0,0,0,0,0,0,0,0,0,0,0,0,[1]
wong2/chatgpt-google-extension,followfork,1,0,0,0,0,0,0,0,0,0,0,0,0,0,[1]
wong2/chatgpt-google-extension,zhw1987,1,0,0,0,0,0,0,0,0,0,0,0,0,0,[1]
wong2/chatgpt-google-extension,douggreer,1,0,0,0,0,0,0,0,0,0,0,0,0,0,[1]
wong2/chatgpt-google-extension,jlia0,1,0,0,0,0,0,0,0,0,0,0,0,0,0,[1]
wong2/chatgpt-google-extension,nate456789,0,0,0,1,0,0,0,0,0,0,0,0,0,0,[1]
wong2/chatgpt-google-extension,Karim4567,1,0,0,0,0,0,0,0,0,0,0,0,0,0,[1]
wong2/chatgpt-google-extension,AngeloTadeucci,1,0,0,0,0,0,0,0,0,0,0,0,0,0,[1]
wong2/chatgpt-google-extension,SmallBoyPeko,1,0,0,0,0,0,0,0,0,0,0,0,0,0,[1]
wong2/chatgpt-google-extension,erseyang,1,0,0,0,0,0,0,0,0,0,0,0,0,0,[1]
wong2/chatgpt-google-extension,wang1504626,1,0,0,0,0,0,0,0,0,0,0,0,0,0,[1]
wong2/chatgpt-google-extension,hhsba,1,0,0,0,0,0,0,0,0,0,0,0,0,0,[1]
wong2/chatgpt-google-extension,xpartacvs,1,0,0,0,0,0,0,0,0,0,0,0,0,0,[1]
wong2/chatgpt-google-extension,paperage,1,0,0,0,0,0,0,0,0,0,0,0,0,0,[1]
wong2/chatgpt-google-extension,Lancomebro,1,0,0,0,0,0,0,0,0,0,0,0,0,0,[1]
wong2/chatgpt-google-extension,Kocher-JGC,1,0,0,0,0,0,0,0,0,0,0,0,0,0,[1]
wong2/chatgpt-google-extension,fourhu,1,0,0,0,0,0,0,0,0,0,0,0,0,0,[1]
wong2/chatgpt-google-extension,solozorro,1,0,0,0,0,0,0,0,0,0,0,0,0,0,[1]
wong2/chatgpt-google-extension,g29times,1,0,0,0,0,0,0,0,0,0,0,0,0,0,[1]
wong2/chatgpt-google-extension,herostoky,1,0,0,0,0,0,0,0,0,0,0,0,0,0,[1]
wong2/chatgpt-google-extension,yong2khoo-lm,1,0,0,0,0,0,0,0,0,0,0,0,0,0,[1]
wong2/chatgpt-google-extension,MsterDC,1,0,0,0,0,0,0,0,0,0,0,0,0,0,[1]
wong2/chatgpt-google-extension,jiacc12,1,1,0,0,0,0,0,0,0,0,0,0,0,0,[2]
wong2/chatgpt-google-extension,qleenju,1,0,0,0,0,0,0,0,0,0,0,0,0,0,[1]
wong2/chatgpt-google-extension,rime6102,0,0,1,0,0,0,0,0,0,0,0,0,0,0,[1]
wong2/chatgpt-google-extension,coding-pelican,1,0,0,0,0,0,0,0,0,0,0,0,0,0,[1]
wong2/chatgpt-google-extension,lulululbj,1,0,0,0,0,0,0,0,0,0,0,0,0,0,[1]
wong2/chatgpt-google-extension,5ZSQ,1,0,0,0,0,0,0,0,0,0,0,0,0,0,[1]
wong2/chatgpt-google-extension,Waji-97,0,1,0,0,0,0,0,0,0,0,0,0,0,0,[1]
wong2/chatgpt-google-extension,andy-lab,1,0,0,0,0,0,0,0,0,0,0,0,0,0,[1]
wong2/chatgpt-google-extension,cd3415302466,1,0,0,0,0,0,0,0,0,0,0,0,0,0,[1]
wong2/chatgpt-google-extension,gengjiawen,0,0,1,0,0,0,0,0,0,0,0,0,0,0,[1]
wong2/chatgpt-google-extension,icchold,1,0,0,0,0,0,0,0,0,0,0,0,0,0,[1]
wong2/chatgpt-google-extension,wjloveylw,1,0,0,0,0,0,0,0,0,0,0,0,0,0,[1]
wong2/chatgpt-google-extension,zhexinlv,1,0,0,0,0,0,0,0,0,0,0,0,0,0,[1]
wong2/chatgpt-google-extension,HAOGRE,1,0,0,0,0,0,0,0,0,0,0,0,0,0,[1]
wong2/chatgpt-google-extension,zxuanyizi,1,0,0,0,0,0,0,0,0,0,0,0,0,0,[1]
wong2/chatgpt-google-extension,peterGGone,1,0,0,0,0,0,0,0,0,0,0,0,0,0,[1]
wong2/chatgpt-google-extension,Haxine,0,1,0,0,0,0,0,0,0,0,0,0,0,0,[1]
wong2/chatgpt-google-extension,EdytoDyte,1,0,0,0,0,0,0,0,0,0,0,0,0,0,[1]
wong2/chatgpt-google-extension,kotychok,1,0,0,0,0,0,0,0,0,0,0,0,0,0,[1]
wong2/chatgpt-google-extension,quarkape,1,0,0,0,0,0,0,0,0,0,0,0,0,0,[1]
wong2/chatgpt-google-extension,HoangTran0410,1,1,0,0,0,0,0,0,0,0,0,0,0,0,[2]
wong2/chatgpt-google-extension,smmousavi76,1,0,0,0,0,0,0,0,0,0,0,0,0,0,[1]
wong2/chatgpt-google-extension,JoeyZhao317,1,0,0,0,0,0,0,0,0,0,0,0,0,0,[1]
wong2/chatgpt-google-extension,AbhiInvades,0,1,0,0,0,0,0,0,0,0,0,0,0,0,[1]
wong2/chatgpt-google-extension,SirLuciousLeftFoot,1,0,0,0,0,0,0,0,0,0,0,0,0,0,[1]
wong2/chatgpt-google-extension,Heyz6,1,0,0,0,0,0,0,0,0,0,0,0,0,0,[1]
wong2/chatgpt-google-extension,ngocphuphamm,1,0,0,0,0,0,0,0,0,0,0,0,0,0,[1]
wong2/chatgpt-google-extension,weichen12345,1,0,0,0,0,0,0,0,0,0,0,0,0,0,[1]
wong2/chatgpt-google-extension,BEYOwki,1,0,0,0,0,0,0,0,0,0,0,0,0,0,[1]
wong2/chatgpt-google-extension,szzlyl,1,0,0,0,0,0,0,0,0,0,0,0,0,0,[1]
wong2/chatgpt-google-extension,linyuntian,1,0,0,0,0,0,0,0,0,0,0,0,0,0,[1]
wong2/chatgpt-google-extension,Inigo-13,1,0,0,0,0,0,0,0,0,0,0,0,0,0,[1]
wong2/chatgpt-google-extension,mburakergenc,0,0,1,0,0,0,0,0,0,0,0,0,0,0,[1]
wong2/chatgpt-google-extension,wind34012614,1,0,0,0,0,0,0,0,0,0,0,0,0,0,[1]
wong2/chatgpt-google-extension,Akselinc,1,0,0,0,0,0,0,0,0,0,0,0,0,0,[1]
wong2/chatgpt-google-extension,7sne,1,0,0,0,0,0,0,0,0,0,0,0,0,0,[1]
wong2/chatgpt-google-extension,xiaocuong,1,0,0,0,0,0,0,0,0,0,0,0,0,0,[1]
wong2/chatgpt-google-extension,flumpus-dev,1,0,0,0,0,0,0,0,0,0,0,0,0,0,[1]
wong2/chatgpt-google-extension,SjoerdS,1,0,0,0,0,0,0,0,0,0,0,0,0,0,[1]
wong2/chatgpt-google-extension,higuseonhye,1,1,0,0,0,0,0,0,0,0,0,0,0,0,[2]
wong2/chatgpt-google-extension,dromlik,1,0,0,0,0,0,0,0,0,0,0,0,0,0,[1]
wong2/chatgpt-google-extension,misamilly160,1,0,0,0,0,0,0,0,0,0,0,0,0,0,[1]
wong2/chatgpt-google-extension,IMpcuong,1,0,0,0,0,0,0,0,0,0,0,0,0,0,[1]
wong2/chatgpt-google-extension,thebestofAKB,0,1,0,0,0,0,0,0,0,0,0,0,0,0,[1]
wong2/chatgpt-google-extension,zhao0419,1,0,0,0,0,0,0,0,0,0,0,0,0,0,[1]
wong2/chatgpt-google-extension,JesseRWeigel,1,0,0,0,0,0,0,0,0,0,0,0,0,0,[1]
wong2/chatgpt-google-extension,ZhonglinChen,0,1,0,0,0,0,0,0,0,0,0,0,0,0,[1]
wong2/chatgpt-google-extension,Robboman93,1,0,0,0,0,0,0,0,0,0,0,0,0,0,[1]
wong2/chatgpt-google-extension,archiewang0,1,0,0,0,0,0,0,0,0,0,0,0,0,0,[1]
wong2/chatgpt-google-extension,hanxie-crypto,1,0,0,0,0,0,0,0,0,0,0,0,0,0,[1]
wong2/chatgpt-google-extension,Terrychian,1,0,0,0,0,0,0,0,0,0,0,0,0,0,[1]
wong2/chatgpt-google-extension,royxu1972,1,0,0,0,0,0,0,0,0,0,0,0,0,0,[1]
wong2/chatgpt-google-extension,yunbujian,1,0,0,0,0,0,0,0,0,0,0,0,0,0,[1]
wong2/chatgpt-google-extension,phamquiluan,0,0,1,0,0,0,0,0,0,0,0,0,0,0,[1]
wong2/chatgpt-google-extension,as1688816,1,0,0,0,0,0,0,0,0,0,0,0,0,0,[1]
wong2/chatgpt-google-extension,Anuj-Kundar,1,0,0,0,0,0,0,0,0,0,0,0,0,0,[1]
wong2/chatgpt-google-extension,hhhhandsome,1,0,0,0,0,0,0,0,0,0,0,0,0,0,[1]
wong2/chatgpt-google-extension,bzhanghh,0,1,0,0,0,0,0,0,0,0,0,0,0,0,[1]
wong2/chatgpt-google-extension,wuyang158158,1,1,0,0,0,0,0,0,0,0,0,0,0,0,[2]
wong2/chatgpt-google-extension,bete7512,1,0,0,0,0,0,0,0,0,0,0,0,0,0,[1]
wong2/chatgpt-google-extension,BartInTheField,0,1,0,0,0,0,0,0,0,0,0,0,0,0,[1]
wong2/chatgpt-google-extension,climber-bot,1,0,0,0,0,0,0,0,0,0,0,0,0,0,[1]
wong2/chatgpt-google-extension,Diullei,0,1,0,0,0,0,0,0,0,0,0,0,0,0,[1]
wong2/chatgpt-google-extension,Leiqtcv,0,1,0,0,0,0,0,0,0,0,0,0,0,0,[1]
wong2/chatgpt-google-extension,forb1dden,1,0,0,0,0,0,0,0,0,0,0,0,0,0,[1]
wong2/chatgpt-google-extension,webong,1,0,0,0,0,0,0,0,0,0,0,0,0,0,[1]
wong2/chatgpt-google-extension,Saghen,1,0,0,0,0,0,0,0,0,0,0,0,0,0,[1]
wong2/chatgpt-google-extension,scalabw,1,0,0,0,0,0,0,0,0,0,0,0,0,0,[1]
wong2/chatgpt-google-extension,airacle,1,1,0,0,0,0,0,0,0,0,0,0,0,0,[2]
wong2/chatgpt-google-extension,quannguyen79,0,1,0,0,0,0,0,0,0,0,0,0,0,0,[1]
wong2/chatgpt-google-extension,XYZZpro,1,0,0,0,0,0,0,0,0,0,0,0,0,0,[1]
wong2/chatgpt-google-extension,LamForest,0,0,0,1,0,0,0,0,0,0,0,0,0,0,[1]
wong2/chatgpt-google-extension,thinhbuicong,1,0,0,0,0,0,0,0,0,0,0,0,0,0,[1]
wong2/chatgpt-google-extension,blaster9786,1,0,0,0,0,0,0,0,0,0,0,0,0,0,[1]
wong2/chatgpt-google-extension,katistix,1,0,0,0,0,0,0,0,0,0,0,0,0,0,[1]
wong2/chatgpt-google-extension,andrescaro16,1,0,0,0,0,0,0,0,0,0,0,0,0,0,[1]
wong2/chatgpt-google-extension,ennyholla,0,0,0,1,0,0,0,0,0,0,0,0,0,0,[1]
wong2/chatgpt-google-extension,luongtt,1,0,0,0,0,0,0,0,0,0,0,0,0,0,[1]
wong2/chatgpt-google-extension,GreekRa,0,1,0,0,0,0,0,0,0,0,0,0,0,0,[1]
wong2/chatgpt-google-extension,WeizhengZhou,1,0,0,0,0,0,0,0,0,0,0,0,0,0,[1]
wong2/chatgpt-google-extension,go-xoxo,1,0,0,0,0,0,0,0,0,0,0,0,0,0,[1]
wong2/chatgpt-google-extension,arbitragedlife,0,1,0,0,0,0,0,0,0,0,0,0,0,0,[1]
wong2/chatgpt-google-extension,ligohan,1,0,0,0,0,0,0,0,0,0,0,0,0,0,[1]
wong2/chatgpt-google-extension,sina-yeganeh,1,0,0,0,0,0,0,0,0,0,0,0,0,0,[1]
wong2/chatgpt-google-extension,feverdestiny,1,0,0,0,0,0,0,0,0,0,0,0,0,0,[1]
wong2/chatgpt-google-extension,v-nhandt21,1,0,0,0,0,0,0,0,0,0,0,0,0,0,[1]
wong2/chatgpt-google-extension,3433848894,1,0,0,0,0,0,0,0,0,0,0,0,0,0,[1]
wong2/chatgpt-google-extension,Irom1,1,0,0,0,0,0,0,0,0,0,0,0,0,0,[1]
wong2/chatgpt-google-extension,gwc12412,1,0,0,0,0,0,0,0,0,0,0,0,0,0,[1]
wong2/chatgpt-google-extension,khuongsatou,1,1,0,0,0,0,0,0,0,0,0,0,0,0,[2]
wong2/chatgpt-google-extension,WLyKan,1,0,0,0,0,0,0,0,0,0,0,0,0,0,[1]
wong2/chatgpt-google-extension,jamie-cao,1,0,1,0,0,0,0,0,0,0,0,0,0,0,[2]
wong2/chatgpt-google-extension,CoderAWei,1,0,0,0,0,0,0,0,0,0,0,0,0,0,[1]
wong2/chatgpt-google-extension,lamhoangtung,1,0,0,0,0,0,0,0,0,0,0,0,0,0,[1]
wong2/chatgpt-google-extension,jasperzhong,1,0,0,0,0,0,0,0,0,0,0,0,0,0,[1]
wong2/chatgpt-google-extension,nlebang,0,1,0,0,0,0,0,0,0,0,0,0,0,0,[1]
wong2/chatgpt-google-extension,Banou26,1,0,0,0,0,0,0,0,0,0,0,0,0,0,[1]
wong2/chatgpt-google-extension,cool-chill,1,0,0,0,0,0,0,0,0,0,0,0,0,0,[1]
wong2/chatgpt-google-extension,seekincs,1,0,0,0,0,0,0,0,0,0,0,0,0,0,[1]
wong2/chatgpt-google-extension,khanghn,1,0,0,0,0,0,0,0,0,0,0,0,0,0,[1]
wong2/chatgpt-google-extension,ferrarif1,1,0,0,0,0,0,0,0,0,0,0,0,0,0,[1]
wong2/chatgpt-google-extension,MoRevolution,1,0,0,0,0,0,0,0,0,0,0,0,0,0,[1]
wong2/chatgpt-google-extension,qxln-tangbx,0,1,0,0,0,0,0,0,0,0,0,0,0,0,[1]
wong2/chatgpt-google-extension,Jarsen136,1,0,0,0,0,0,0,0,0,0,0,0,0,0,[1]
wong2/chatgpt-google-extension,Git-liugang,1,0,0,0,0,0,0,0,0,0,0,0,0,0,[1]
wong2/chatgpt-google-extension,bennettluo,1,0,0,0,0,0,0,0,0,0,0,0,0,0,[1]
wong2/chatgpt-google-extension,sieugene,1,0,0,0,0,0,0,0,0,0,0,0,0,0,[1]
wong2/chatgpt-google-extension,Bairuoche,1,1,0,0,0,0,0,0,0,0,0,0,0,0,[2]
wong2/chatgpt-google-extension,Xuefeng122,1,0,0,0,0,0,0,0,0,0,0,0,0,0,[1]
wong2/chatgpt-google-extension,Fadyio,1,0,0,0,0,0,0,0,0,0,0,0,0,0,[1]
wong2/chatgpt-google-extension,xuqian6078,1,0,0,0,0,0,0,0,0,0,0,0,0,0,[1]
wong2/chatgpt-google-extension,springasa,1,0,0,0,0,0,0,0,0,0,0,0,0,0,[1]
wong2/chatgpt-google-extension,Adiousm,1,0,0,0,0,0,0,0,0,0,0,0,0,0,[1]
wong2/chatgpt-google-extension,IBMer,0,1,0,0,0,0,0,0,0,0,0,0,0,0,[1]
wong2/chatgpt-google-extension,leigaoyi,1,0,0,0,0,0,0,0,0,0,0,0,0,0,[1]
wong2/chatgpt-google-extension,leeJiawen,1,0,0,0,0,0,0,0,0,0,0,0,0,0,[1]
wong2/chatgpt-google-extension,aGeekInDevelopment,0,0,0,1,0,0,0,0,0,0,0,0,0,0,[1]
wong2/chatgpt-google-extension,a4kz,1,0,0,0,0,0,0,0,0,0,0,0,0,0,[1]
wong2/chatgpt-google-extension,giyyapan,0,0,0,0,0,0,0,0,0,0,0,0,0,0,[0]
wong2/chatgpt-google-extension,Wprofessor,1,0,0,0,0,0,0,0,0,0,0,0,0,0,[1]
wong2/chatgpt-google-extension,JTCJTCC,0,1,0,0,0,0,0,0,0,0,0,0,0,0,[1]
wong2/chatgpt-google-extension,docongminh,1,0,0,0,0,0,0,0,0,0,0,0,0,0,[1]
wong2/chatgpt-google-extension,randomsnowflake,0,0,0,1,0,0,0,0,0,0,0,0,0,0,[1]
wong2/chatgpt-google-extension,luckyxu98,1,0,0,0,0,0,0,0,0,0,0,0,0,0,[1]
wong2/chatgpt-google-extension,cosin2077,1,0,0,0,0,0,0,0,0,0,0,0,0,0,[1]
wong2/chatgpt-google-extension,Monkw1ck,1,0,0,0,0,0,0,0,0,0,0,0,0,0,[1]
wong2/chatgpt-google-extension,ngxhuyhoang,1,0,0,0,0,0,0,0,0,0,0,0,0,0,[1]
wong2/chatgpt-google-extension,caoanlong,1,0,0,0,0,0,0,0,0,0,0,0,0,0,[1]
wong2/chatgpt-google-extension,andykwesi,1,0,0,0,0,0,0,0,0,0,0,0,0,0,[1]
