aptos-labs/aptos-core,github-actions[bot],0,0,558,0,24,4,0,3,0,0,0,0,0,0,[589]
aptos-labs/aptos-core,rajkaramchedu,0,0,9,0,25,7,0,7,0,0,0,0,7,0,[55]
aptos-labs/aptos-core,Worfare13,0,1,0,0,0,0,0,0,0,0,0,0,0,0,[1]
aptos-labs/aptos-core,kent-white,0,0,0,0,0,0,0,0,0,0,0,0,0,0,[0]
aptos-labs/aptos-core,jjleng,0,0,0,0,5,5,0,2,1,0,0,0,4,0,[17]
aptos-labs/aptos-core,tzxyz,1,0,0,0,0,0,0,0,0,0,0,0,0,0,[1]
aptos-labs/aptos-core,davidiw,0,0,10,4,7,18,0,0,8,0,0,0,1,0,[48]
aptos-labs/aptos-core,dhruvja,0,1,0,0,0,1,0,0,0,0,0,0,0,0,[2]
aptos-labs/aptos-core,zhenfeng-zhu,1,0,0,0,0,2,0,0,0,0,0,0,1,0,[4]
aptos-labs/aptos-core,alinush,0,0,3,0,0,0,0,0,0,0,0,0,25,0,[28]
aptos-labs/aptos-core,gregnazario,0,0,3,0,29,25,0,9,16,0,0,0,9,0,[91]
aptos-labs/aptos-core,areshand,0,0,2,0,5,10,0,0,0,0,0,0,5,0,[22]
aptos-labs/aptos-core,rustielin,0,0,0,0,32,18,0,6,7,0,0,0,3,0,[66]
aptos-labs/aptos-core,movekevin,0,0,0,0,4,3,0,2,0,0,0,0,22,0,[31]
aptos-labs/aptos-core,geekflyer,0,0,0,0,30,8,0,3,2,0,0,0,3,0,[46]
aptos-labs/aptos-core,georgemitenkov,0,0,1,0,3,2,0,1,0,0,0,0,0,0,[7]
aptos-labs/aptos-core,Markuze,0,0,0,0,21,3,0,1,1,0,0,0,3,0,[29]
aptos-labs/aptos-core,clay-aptos,0,0,8,0,40,19,0,13,0,0,0,0,7,0,[87]
aptos-labs/aptos-core,vgao1996,0,0,3,0,3,4,0,0,0,0,0,0,1,0,[11]
aptos-labs/aptos-core,fmhall,0,0,0,0,0,2,0,0,0,0,0,0,0,0,[2]
aptos-labs/aptos-core,sherry-x,0,0,0,0,17,8,0,0,5,0,0,0,1,0,[31]
aptos-labs/aptos-core,chloeqjz,0,0,2,0,52,10,0,6,5,0,0,0,31,0,[106]
aptos-labs/aptos-core,igor-aptos,0,0,0,0,43,16,0,12,5,0,0,0,3,0,[79]
aptos-labs/aptos-core,banool,0,0,1,1,10,3,0,2,1,0,0,0,3,0,[21]
aptos-labs/aptos-core,ibalajiarun,0,0,0,0,2,0,0,0,0,0,0,0,1,0,[3]
aptos-labs/aptos-core,gelash,0,0,0,0,0,0,0,0,0,0,0,0,0,0,[0]
aptos-labs/aptos-core,perryjrandall,0,0,1,0,25,14,0,3,8,0,0,0,33,0,[84]
aptos-labs/aptos-core,danielxiangzl,0,0,0,0,23,0,0,0,0,0,0,0,0,0,[23]
aptos-labs/aptos-core,alnoki,0,0,1,1,0,1,0,0,0,0,0,0,0,0,[3]
aptos-labs/aptos-core,msmouse,0,0,1,0,12,8,0,6,1,0,0,0,1,0,[29]
aptos-labs/aptos-core,JoshLind,0,0,0,1,9,9,0,4,5,0,0,0,7,0,[35]
aptos-labs/aptos-core,grao1991,0,0,0,0,3,3,0,2,0,0,0,0,0,0,[8]
aptos-labs/aptos-core,MartianSiddharth,0,0,0,0,0,0,0,0,0,0,0,0,1,0,[1]
aptos-labs/aptos-core,sitalkedia,0,0,1,0,1,2,0,1,0,0,0,0,2,0,[7]
aptos-labs/aptos-core,zekun000,0,0,0,0,0,1,0,1,0,0,0,0,5,0,[7]
aptos-labs/aptos-core,wrwg,0,0,2,1,0,3,0,0,0,0,0,0,0,0,[6]
aptos-labs/aptos-core,CapCap,0,0,0,0,4,4,0,1,5,0,0,0,2,0,[16]
aptos-labs/aptos-core,zouguangxian,0,0,0,0,0,0,0,0,0,0,0,0,1,0,[1]
aptos-labs/aptos-core,nujabes403,0,0,0,0,0,1,0,0,0,0,0,0,0,0,[1]
aptos-labs/aptos-core,lightmark,0,0,2,0,6,4,0,2,1,0,0,0,6,0,[21]
aptos-labs/aptos-core,ZeroEarl,1,0,0,0,0,0,0,0,0,0,0,0,0,0,[1]
aptos-labs/aptos-core,uvd,0,0,0,1,0,0,0,0,0,0,0,0,0,0,[1]
aptos-labs/aptos-core,aiden-cao,1,0,0,0,0,0,0,0,0,0,0,0,0,0,[1]
aptos-labs/aptos-core,gacondimua,1,0,0,0,0,0,0,0,0,0,0,0,0,0,[1]
aptos-labs/aptos-core,Vshows,1,0,0,0,0,0,0,0,0,0,0,0,0,0,[1]
aptos-labs/aptos-core,thunderlike,1,0,0,0,0,0,0,0,0,0,0,0,0,0,[1]
aptos-labs/aptos-core,mashharuki,1,1,0,0,0,1,0,0,0,0,0,0,0,0,[3]
aptos-labs/aptos-core,ravirathore,1,0,0,0,0,0,0,0,0,0,0,0,0,0,[1]
aptos-labs/aptos-core,liuxiaobleach,0,0,0,1,0,0,0,0,0,0,0,0,0,0,[1]
aptos-labs/aptos-core,sasha8,0,0,0,0,3,0,0,0,0,0,0,0,1,0,[4]
aptos-labs/aptos-core,daweth,0,0,0,1,0,0,0,0,0,0,0,0,0,0,[1]
aptos-labs/aptos-core,bchocho,0,0,4,1,24,23,0,14,8,0,0,0,1,0,[75]
aptos-labs/aptos-core,bowenyang007,0,0,1,0,12,6,0,4,1,0,0,0,1,0,[25]
aptos-labs/aptos-core,KirisakiAria,1,0,0,0,0,0,0,0,0,0,0,0,0,0,[1]
aptos-labs/aptos-core,K-Pomian,0,0,0,0,0,4,0,0,0,0,0,0,0,0,[4]
aptos-labs/aptos-core,icodezjb,0,0,2,0,0,1,0,0,0,0,0,0,0,0,[3]
aptos-labs/aptos-core,butabara,0,1,2,0,0,1,0,0,0,0,0,0,0,0,[4]
aptos-labs/aptos-core,IriArt,0,1,0,0,0,0,0,0,0,0,0,0,0,0,[1]
aptos-labs/aptos-core,runtian-zhou,0,0,3,0,11,1,0,0,1,0,0,0,1,0,[17]
aptos-labs/aptos-core,codecov[bot],0,0,1,0,0,0,0,0,0,0,0,0,0,0,[1]
aptos-labs/aptos-core,in74mz,1,0,0,0,0,0,0,0,0,0,0,0,0,0,[1]
aptos-labs/aptos-core,madams42,1,0,0,0,0,0,0,0,0,0,0,0,0,0,[1]
aptos-labs/aptos-core,zjma,0,0,1,0,16,3,0,2,1,0,0,0,3,0,[26]
aptos-labs/aptos-core,Disperito,1,0,0,0,0,0,0,0,0,0,0,0,0,0,[1]
aptos-labs/aptos-core,uvfive,1,0,0,0,0,0,0,0,0,0,0,0,0,0,[1]
aptos-labs/aptos-core,Astrapolis-peasant,0,0,1,0,0,0,0,0,0,0,0,0,0,0,[1]
aptos-labs/aptos-core,c0wjay,0,1,0,0,0,2,0,0,0,0,0,0,0,0,[3]
aptos-labs/aptos-core,jay3183,1,0,0,0,0,0,0,0,0,0,0,0,0,0,[1]
aptos-labs/aptos-core,phantomk,1,0,0,0,0,0,0,0,0,0,0,0,0,0,[1]
aptos-labs/aptos-core,beautyfree,1,0,0,0,0,0,0,0,0,0,0,0,0,0,[1]
aptos-labs/aptos-core,jali31-bit,0,1,0,0,0,0,0,0,0,0,0,0,0,0,[1]
aptos-labs/aptos-core,Gostycw,1,0,0,0,0,0,0,0,0,0,0,0,0,0,[1]
aptos-labs/aptos-core,kiennd,0,0,0,1,0,0,0,0,0,0,0,0,0,0,[1]
aptos-labs/aptos-core,xianminx,1,0,0,0,0,0,0,0,0,0,0,0,0,0,[1]
aptos-labs/aptos-core,decentra1ized,1,0,0,0,0,0,0,0,0,0,0,0,0,0,[1]
aptos-labs/aptos-core,fontm2,0,0,1,0,0,0,0,0,0,0,0,0,0,0,[1]
aptos-labs/aptos-core,LineMyCoins,1,0,0,0,0,0,0,0,0,0,0,0,0,0,[1]
aptos-labs/aptos-core,WGB5445,0,1,0,0,0,1,0,0,0,0,0,0,0,0,[2]
aptos-labs/aptos-core,bwhour,1,0,0,0,0,0,0,0,0,0,0,0,0,0,[1]
aptos-labs/aptos-core,null-ref-ex,0,0,0,2,0,0,0,0,0,0,0,0,0,0,[2]
aptos-labs/aptos-core,fengland,0,0,1,1,0,0,0,0,0,0,0,0,0,0,[2]
aptos-labs/aptos-core,Mowa-zee,1,0,0,0,0,0,0,0,0,0,0,0,0,0,[1]
aptos-labs/aptos-core,Flyy-yu,0,0,0,1,0,0,0,0,0,0,0,0,0,0,[1]
aptos-labs/aptos-core,AptinLabs,0,1,0,0,0,0,0,0,0,0,0,0,0,0,[1]
aptos-labs/aptos-core,magnum6actual,0,0,1,0,0,0,0,0,0,0,0,0,0,0,[1]
aptos-labs/aptos-core,zacharydenton,0,0,0,0,0,0,0,0,0,0,0,0,0,0,[0]
aptos-labs/aptos-core,hariria,0,0,0,0,0,0,0,0,0,0,0,0,0,0,[0]
aptos-labs/aptos-core,mjezzy,1,0,0,0,0,0,0,0,0,0,0,0,0,0,[1]
aptos-labs/aptos-core,cathyaptos,0,0,0,0,0,0,0,0,0,0,0,0,4,0,[4]
aptos-labs/aptos-core,xiaozzz,0,0,1,0,0,0,0,0,0,0,0,0,0,0,[1]
aptos-labs/aptos-core,Vunguyen090,0,1,0,0,0,0,0,0,0,0,0,0,0,0,[1]
aptos-labs/aptos-core,cuishanzhang,1,1,0,0,0,0,0,0,0,0,0,0,0,0,[2]
aptos-labs/aptos-core,nampdn,1,0,0,0,0,0,0,0,0,0,0,0,0,0,[1]
aptos-labs/aptos-core,ilumitr,1,0,0,0,0,0,0,0,0,0,0,0,0,0,[1]
aptos-labs/aptos-core,jomozz,0,1,0,0,0,0,0,0,0,0,0,0,0,0,[1]
aptos-labs/aptos-core,0xChucky,0,0,0,0,0,0,0,0,0,0,0,0,0,0,[0]
aptos-labs/aptos-core,caoxmm,0,1,0,0,0,0,0,0,0,0,0,0,0,0,[1]
aptos-labs/aptos-core,blackcon,1,0,0,0,0,0,0,0,0,0,0,0,0,0,[1]
aptos-labs/aptos-core,marcello33,1,0,0,0,0,0,0,0,0,0,0,0,0,0,[1]
aptos-labs/aptos-core,coca2018,0,1,0,0,0,0,0,0,0,0,0,0,0,0,[1]
aptos-labs/aptos-core,enumerateee,1,0,0,0,0,0,0,0,0,0,0,0,0,0,[1]
aptos-labs/aptos-core,PQMISSCMP,1,0,0,0,0,0,0,0,0,0,0,0,0,0,[1]
aptos-labs/aptos-core,KeystoneHQ,0,1,0,0,0,0,0,0,0,0,0,0,0,0,[1]
aptos-labs/aptos-core,aslangencer,1,0,0,0,0,0,0,0,0,0,0,0,0,0,[1]
aptos-labs/aptos-core,endaye,1,0,0,0,0,0,0,0,0,0,0,0,0,0,[1]
aptos-labs/aptos-core,JackyWYX,0,0,4,1,0,0,0,0,0,0,0,0,0,0,[5]
aptos-labs/aptos-core,GraphicalDot,1,0,0,0,0,0,0,0,0,0,0,0,0,0,[1]
aptos-labs/aptos-core,marvinguo,0,1,0,0,0,0,0,0,0,0,0,0,0,0,[1]
aptos-labs/aptos-core,wjw12,0,0,1,0,0,0,0,0,0,0,0,0,0,0,[1]
aptos-labs/aptos-core,juanbono,1,0,0,0,0,0,0,0,0,0,0,0,0,0,[1]
aptos-labs/aptos-core,mkurnikov,0,0,0,1,0,0,0,0,0,0,0,0,0,0,[1]
aptos-labs/aptos-core,dinorain,1,0,0,0,0,0,0,0,0,0,0,0,0,0,[1]
aptos-labs/aptos-core,cooperability,1,0,0,0,0,0,0,0,0,0,0,0,0,0,[1]
aptos-labs/aptos-core,Turbo-Gus,0,0,0,1,0,0,0,0,0,0,0,0,0,0,[1]
aptos-labs/aptos-core,SteMak,0,0,2,1,0,0,0,0,0,0,0,0,0,0,[3]
aptos-labs/aptos-core,fabiosvm,1,0,0,0,0,0,0,0,0,0,0,0,0,0,[1]
aptos-labs/aptos-core,rahxephon89,0,0,0,0,0,0,0,1,0,0,0,0,0,0,[1]
aptos-labs/aptos-core,stopWarByWar,0,0,0,1,0,0,0,0,0,0,0,0,0,0,[1]
aptos-labs/aptos-core,Fomalhauthmj,0,1,0,0,0,0,0,0,0,0,0,0,0,0,[1]
aptos-labs/aptos-core,yoyoping,1,0,0,0,0,0,0,0,0,0,0,0,0,0,[1]
aptos-labs/aptos-core,sonny2k,1,0,0,0,0,0,0,0,0,0,0,0,0,0,[1]
aptos-labs/aptos-core,grueegg,1,0,0,0,0,0,0,0,0,0,0,0,0,0,[1]
aptos-labs/aptos-core,DFL-annie,1,0,0,0,0,0,0,0,0,0,0,0,0,0,[1]
aptos-labs/aptos-core,jonathan-bna,1,0,0,0,0,0,0,0,0,0,0,0,0,0,[1]
aptos-labs/aptos-core,adif2010,1,0,0,0,0,0,0,0,0,0,0,0,0,0,[1]
aptos-labs/aptos-core,AeroXi,0,1,0,0,0,1,0,0,0,0,0,0,0,0,[2]
aptos-labs/aptos-core,ChessyKing001,1,0,0,0,0,0,0,0,0,0,0,0,0,0,[1]
aptos-labs/aptos-core,richardliu7,1,1,0,0,0,0,0,0,0,0,0,0,0,0,[2]
aptos-labs/aptos-core,yekai9527,1,0,0,0,0,0,0,0,0,0,0,0,0,0,[1]
aptos-labs/aptos-core,s7v7nislands,0,1,0,0,0,1,0,0,0,0,0,0,0,0,[2]
aptos-labs/aptos-core,lchau1017,1,0,0,0,0,0,0,0,0,0,0,0,0,0,[1]
aptos-labs/aptos-core,zihan-aptos,0,0,0,0,0,0,0,0,0,0,0,0,0,0,[0]
aptos-labs/aptos-core,Pa1amar,0,0,0,1,0,0,0,0,0,0,0,0,0,0,[1]
aptos-labs/aptos-core,Rocknrostov,1,0,0,0,0,0,0,0,0,0,0,0,0,0,[1]
aptos-labs/aptos-core,ilhamfp,1,0,0,0,0,0,0,0,0,0,0,0,0,0,[1]
aptos-labs/aptos-core,feelgoodsoo,0,1,0,0,0,0,0,0,0,0,0,0,0,0,[1]
aptos-labs/aptos-core,valpaq,0,0,1,0,0,0,0,0,0,0,0,0,0,0,[1]
