gchq/CyberChef,huyz,1,0,0,1,0,0,0,0,0,0,0,0,0,0,[2]
gchq/CyberChef,fazlearefin,1,0,0,0,0,0,0,0,0,0,0,0,0,0,[1]
gchq/CyberChef,ankris812,0,1,0,0,0,0,0,0,0,0,0,0,0,0,[1]
gchq/CyberChef,walery,1,0,0,0,0,0,0,0,0,0,0,0,0,0,[1]
gchq/CyberChef,babaika123,1,0,0,0,0,0,0,0,0,0,0,0,0,0,[1]
gchq/CyberChef,CloudnuY,1,0,0,0,0,0,0,0,0,0,0,0,0,0,[1]
gchq/CyberChef,senier,1,0,0,0,0,0,0,0,0,0,0,0,0,0,[1]
gchq/CyberChef,mcspud,1,0,0,0,0,0,0,0,0,0,0,0,0,0,[1]
gchq/CyberChef,KoSanFai,1,0,0,0,0,0,0,0,0,0,0,0,0,0,[1]
gchq/CyberChef,OkazakiNagisa,1,0,0,0,0,0,0,0,0,0,0,0,0,0,[1]
gchq/CyberChef,gabieyov,1,0,0,0,0,0,0,0,0,0,0,0,0,0,[1]
gchq/CyberChef,youngnishant,1,0,0,0,0,0,0,0,0,0,0,0,0,0,[1]
gchq/CyberChef,Xiao-Mie,1,0,0,0,0,0,0,0,0,0,0,0,0,0,[1]
gchq/CyberChef,lupinuss,1,0,0,0,0,0,0,0,0,0,0,0,0,0,[1]
gchq/CyberChef,Phoenix-flame,1,0,0,0,0,0,0,0,0,0,0,0,0,0,[1]
gchq/CyberChef,MohammadHadi2031,1,0,0,0,0,0,0,0,0,0,0,0,0,0,[1]
gchq/CyberChef,yarik0chka,1,0,0,0,0,0,0,0,0,0,0,0,0,0,[1]
gchq/CyberChef,jiayuqi7813,0,0,0,1,0,0,0,0,0,0,0,0,0,0,[1]
gchq/CyberChef,d-Rickyy-b,0,0,2,0,0,0,0,0,0,0,0,0,0,0,[2]
gchq/CyberChef,styluo,1,0,0,0,0,0,0,0,0,0,0,0,0,0,[1]
gchq/CyberChef,QuentinHuber,1,0,0,0,0,0,0,0,0,0,0,0,0,0,[1]
gchq/CyberChef,Parker-Brother,1,0,0,0,0,0,0,0,0,0,0,0,0,0,[1]
gchq/CyberChef,Dnvidia,1,0,0,0,0,0,0,0,0,0,0,0,0,0,[1]
gchq/CyberChef,bormaxi8080,1,0,0,0,0,0,0,0,0,0,0,0,0,0,[1]
gchq/CyberChef,sean-mcl,1,0,0,0,0,0,0,0,0,0,0,0,0,0,[1]
gchq/CyberChef,MarcusGoldschmidt,1,0,0,0,0,0,0,0,0,0,0,0,0,0,[1]
gchq/CyberChef,EricJaiinThai,1,0,0,0,0,0,0,0,0,0,0,0,0,0,[1]
gchq/CyberChef,mastaginger,1,0,0,0,0,0,0,0,0,0,0,0,0,0,[1]
gchq/CyberChef,w0rmh0l3,1,0,0,0,0,0,0,0,0,0,0,0,0,0,[1]
gchq/CyberChef,songal15,2,0,0,0,0,0,0,0,0,0,0,0,0,0,[2]
gchq/CyberChef,Johnmaras,1,0,0,0,0,0,0,0,0,0,0,0,0,0,[1]
gchq/CyberChef,xikong-mubai,1,0,0,0,0,0,0,0,0,0,0,0,0,0,[1]
gchq/CyberChef,crazyxw,1,0,0,0,0,0,0,0,0,0,0,0,0,0,[1]
gchq/CyberChef,gaily1,1,1,0,0,0,0,0,0,0,0,0,0,0,0,[2]
gchq/CyberChef,jerinja,1,0,0,0,0,0,0,0,0,0,0,0,0,0,[1]
gchq/CyberChef,suoyuan666,1,0,0,0,0,0,0,0,0,0,0,0,0,0,[1]
gchq/CyberChef,MilkClouds,1,0,0,0,0,0,0,0,0,0,0,0,0,0,[1]
gchq/CyberChef,yifengchen-cc,1,0,0,0,0,0,0,0,0,0,0,0,0,0,[1]
gchq/CyberChef,weisuoke,1,0,0,0,0,0,0,0,0,0,0,0,0,0,[1]
gchq/CyberChef,YaoweiZou,1,0,0,0,0,0,0,0,0,0,0,0,0,0,[1]
gchq/CyberChef,tehmasta,1,1,0,0,0,0,0,0,0,0,0,0,0,0,[2]
gchq/CyberChef,myyangang,1,0,0,0,0,0,0,0,0,0,0,0,0,0,[1]
gchq/CyberChef,YeSilin,1,0,0,0,0,0,0,0,0,0,0,0,0,0,[1]
gchq/CyberChef,zero32jager,1,0,0,0,0,0,0,0,0,0,0,0,0,0,[1]
gchq/CyberChef,lovidad,0,1,0,0,0,0,0,0,0,0,0,0,0,0,[1]
gchq/CyberChef,Osw1n,1,0,0,0,0,0,0,0,0,0,0,0,0,0,[1]
gchq/CyberChef,HuskYzPinto,0,1,0,0,0,0,0,0,0,0,0,0,0,0,[1]
gchq/CyberChef,aihacker,1,0,0,0,0,0,0,0,0,0,0,0,0,0,[1]
gchq/CyberChef,Lazzzaro,0,0,1,0,0,0,0,0,0,0,0,0,0,0,[1]
gchq/CyberChef,TheCakeChicken,1,0,0,0,0,0,0,0,0,0,0,0,0,0,[1]
gchq/CyberChef,Arvind0099,0,1,0,0,0,0,0,0,0,0,0,0,0,0,[1]
gchq/CyberChef,taw420,1,0,0,0,0,0,0,0,0,0,0,0,0,0,[1]
gchq/CyberChef,itning,1,0,0,0,0,0,0,0,0,0,0,0,0,0,[1]
gchq/CyberChef,DmitriyMaksimov,1,0,0,0,0,0,0,0,0,0,0,0,0,0,[1]
gchq/CyberChef,schmidt-software,0,1,0,0,0,0,0,0,0,0,0,0,0,0,[1]
gchq/CyberChef,tarunesh1234,1,0,0,0,0,0,0,0,0,0,0,0,0,0,[1]
gchq/CyberChef,iraklid,1,0,0,0,0,0,0,0,0,0,0,0,0,0,[1]
gchq/CyberChef,wale1454,1,0,0,0,0,0,0,0,0,0,0,0,0,0,[1]
gchq/CyberChef,tk823,1,0,0,0,0,0,0,0,0,0,0,0,0,0,[1]
gchq/CyberChef,zhuxi1965,0,1,0,0,0,0,0,0,0,0,0,0,0,0,[1]
gchq/CyberChef,sWski,1,0,0,0,0,0,0,0,0,0,0,0,0,0,[1]
gchq/CyberChef,lgs3137,1,0,0,0,0,0,0,0,0,0,0,0,0,0,[1]
gchq/CyberChef,laurielylourenco,1,0,0,0,0,0,0,0,0,0,0,0,0,0,[1]
gchq/CyberChef,ece-mohammad,1,0,0,0,0,0,0,0,0,0,0,0,0,0,[1]
gchq/CyberChef,oledjiks,1,0,0,0,0,0,0,0,0,0,0,0,0,0,[1]
gchq/CyberChef,thomasxmeng,1,1,0,0,0,0,0,0,0,0,0,0,0,0,[2]
gchq/CyberChef,n1474335,0,0,0,0,1,0,0,0,0,0,0,0,0,0,[1]
gchq/CyberChef,nightowl286,0,0,0,1,0,0,0,0,0,0,0,0,0,0,[1]
gchq/CyberChef,mBarony,1,0,0,0,0,0,0,0,0,0,0,0,0,0,[1]
gchq/CyberChef,yurivish,1,0,0,0,0,0,0,0,0,0,0,0,0,0,[1]
gchq/CyberChef,quinndiggity,0,1,0,0,0,0,0,0,0,0,0,0,0,0,[1]
gchq/CyberChef,DarkMagicSource,1,0,0,0,0,0,0,0,0,0,0,0,0,0,[1]
gchq/CyberChef,thequietlife,1,0,0,0,0,0,0,0,0,0,0,0,0,0,[1]
gchq/CyberChef,rsmohamad,1,0,0,0,0,0,0,0,0,0,0,0,0,0,[1]
gchq/CyberChef,daydreamheart,1,0,0,0,0,0,0,0,0,0,0,0,0,0,[1]
gchq/CyberChef,igaozp,1,0,0,0,0,0,0,0,0,0,0,0,0,0,[1]
gchq/CyberChef,cutestar0701,0,1,0,0,0,0,0,0,0,0,0,0,0,0,[1]
gchq/CyberChef,mofm,1,0,0,0,0,0,0,0,0,0,0,0,0,0,[1]
gchq/CyberChef,victorstanciu,1,0,0,0,0,0,0,0,0,0,0,0,0,0,[1]
gchq/CyberChef,sebthom,1,0,0,0,0,0,0,0,0,0,0,0,0,0,[1]
gchq/CyberChef,phrozen77,1,0,0,0,0,0,0,0,0,0,0,0,0,0,[1]
gchq/CyberChef,bdmbdsm,1,0,0,0,0,0,0,0,0,0,0,0,0,0,[1]
gchq/CyberChef,ykiran,1,0,0,0,0,0,0,0,0,0,0,0,0,0,[1]
gchq/CyberChef,kiistala,1,0,0,0,0,0,0,0,0,0,0,0,0,0,[1]
gchq/CyberChef,DavidFricker,1,0,0,0,0,0,0,0,0,0,0,0,0,0,[1]
gchq/CyberChef,nicklaj,1,0,0,0,0,0,0,0,0,0,0,0,0,0,[1]
gchq/CyberChef,stpkys,1,0,0,0,0,0,0,0,0,0,0,0,0,0,[1]
gchq/CyberChef,TGRush,1,0,0,0,0,0,0,0,0,0,0,0,0,0,[1]
gchq/CyberChef,guicattani,1,0,0,0,0,0,0,0,0,0,0,0,0,0,[1]
gchq/CyberChef,dblazeka,1,0,0,0,0,0,0,0,0,0,0,0,0,0,[1]
gchq/CyberChef,Spone,1,0,0,0,0,0,0,0,0,0,0,0,0,0,[1]
gchq/CyberChef,farrajota,1,0,0,0,0,0,0,0,0,0,0,0,0,0,[1]
gchq/CyberChef,ambiguous48,1,0,0,0,0,0,0,0,0,0,0,0,0,0,[1]
gchq/CyberChef,fayizk1,1,1,0,0,0,0,0,0,0,0,0,0,0,0,[2]
gchq/CyberChef,YavuzSelimGugen,1,0,0,0,0,0,0,0,0,0,0,0,0,0,[1]
gchq/CyberChef,SaberZA,1,0,0,0,0,0,0,0,0,0,0,0,0,0,[1]
gchq/CyberChef,venkatchand,1,0,0,0,0,0,0,0,0,0,0,0,0,0,[1]
gchq/CyberChef,IMLaoJI,1,0,0,0,0,0,0,0,0,0,0,0,0,0,[1]
gchq/CyberChef,richardtop,1,0,0,0,0,0,0,0,0,0,0,0,0,0,[1]
gchq/CyberChef,thomaseizinger,1,0,0,0,0,0,0,0,0,0,0,0,0,0,[1]
gchq/CyberChef,johnnoel,1,0,0,0,0,0,0,0,0,0,0,0,0,0,[1]
gchq/CyberChef,PanosKrokodilos,1,0,0,0,0,0,0,0,0,0,0,0,0,0,[1]
gchq/CyberChef,abbaselmas,0,2,0,0,0,0,0,0,0,0,0,0,0,0,[2]
gchq/CyberChef,kadewe,1,0,0,0,0,0,0,0,0,0,0,0,0,0,[1]
gchq/CyberChef,giovanniberti,2,0,0,0,0,0,0,0,0,0,0,0,0,0,[2]
gchq/CyberChef,matthiassturm,1,0,0,0,0,0,0,0,0,0,0,0,0,0,[1]
gchq/CyberChef,dotangad,1,0,0,0,0,0,0,0,0,0,0,0,0,0,[1]
gchq/CyberChef,pkstDev,1,0,0,0,0,0,0,0,0,0,0,0,0,0,[1]
gchq/CyberChef,simon-india,1,0,0,0,0,0,0,0,0,0,0,0,0,0,[1]
gchq/CyberChef,Solvik,1,0,0,0,0,0,0,0,0,0,0,0,0,0,[1]
gchq/CyberChef,guerillagorilla,1,0,0,0,0,0,0,0,0,0,0,0,0,0,[1]
gchq/CyberChef,snickerbockers,1,0,0,0,0,0,0,0,0,0,0,0,0,0,[1]
gchq/CyberChef,jaysc,1,0,0,0,0,0,0,0,0,0,0,0,0,0,[1]
gchq/CyberChef,xvalme,1,0,0,0,0,0,0,0,0,0,0,0,0,0,[1]
gchq/CyberChef,tgsl8r,2,0,0,0,0,0,0,0,0,0,0,0,0,0,[2]
gchq/CyberChef,nvanmeurs,1,0,0,0,0,0,0,0,0,0,0,0,0,0,[1]
gchq/CyberChef,bolix,1,0,0,0,0,0,0,0,0,0,0,0,0,0,[1]
gchq/CyberChef,akaalias,1,0,0,0,0,0,0,0,0,0,0,0,0,0,[1]
gchq/CyberChef,ClarkAllen1556,1,0,0,0,0,0,0,0,0,0,0,0,0,0,[1]
gchq/CyberChef,kynefuk,1,0,0,0,0,0,0,0,0,0,0,0,0,0,[1]
gchq/CyberChef,vgalin,1,0,0,0,0,0,0,0,0,0,0,0,0,0,[1]
gchq/CyberChef,pgmac,1,0,0,0,0,0,0,0,0,0,0,0,0,0,[1]
gchq/CyberChef,mklaber,1,0,0,0,0,0,0,0,0,0,0,0,0,0,[1]
gchq/CyberChef,andreafdaf,1,0,0,0,0,0,0,0,0,0,0,0,0,0,[1]
gchq/CyberChef,sotayamashita,1,0,0,0,0,0,0,0,0,0,0,0,0,0,[1]
gchq/CyberChef,dhaavi,1,0,0,0,0,0,0,0,0,0,0,0,0,0,[1]
gchq/CyberChef,qecez,1,1,0,0,0,0,0,0,0,0,0,0,0,0,[2]
gchq/CyberChef,vmagamedov,1,0,0,0,0,0,0,0,0,0,0,0,0,0,[1]
gchq/CyberChef,frevib,1,0,0,0,0,0,0,0,0,0,0,0,0,0,[1]
gchq/CyberChef,oliveryh,1,0,0,0,0,0,0,0,0,0,0,0,0,0,[1]
gchq/CyberChef,typerandom,1,0,0,0,0,0,0,0,0,0,0,0,0,0,[1]
gchq/CyberChef,rhokstar,1,0,0,0,0,0,0,0,0,0,0,0,0,0,[1]
gchq/CyberChef,tbqt,1,0,0,0,0,0,0,0,0,0,0,0,0,0,[1]
gchq/CyberChef,chrisjallen,1,0,0,0,0,0,0,0,0,0,0,0,0,0,[1]
gchq/CyberChef,Hello9999901,1,0,0,0,0,0,0,0,0,0,0,0,0,0,[1]
gchq/CyberChef,Phate334,1,0,0,0,0,0,0,0,0,0,0,0,0,0,[1]
gchq/CyberChef,gyamada619,1,0,0,0,0,0,0,0,0,0,0,0,0,0,[1]
gchq/CyberChef,gmcabrita,1,0,0,0,0,0,0,0,0,0,0,0,0,0,[1]
gchq/CyberChef,pjiaquan,1,0,0,0,0,0,0,0,0,0,0,0,0,0,[1]
gchq/CyberChef,cyberpunka,1,0,0,0,0,0,0,0,0,0,0,0,0,0,[1]
gchq/CyberChef,petrmanek,1,0,0,0,0,0,0,0,0,0,0,0,0,0,[1]
gchq/CyberChef,mihi314,1,0,0,0,0,0,0,0,0,0,0,0,0,0,[1]
gchq/CyberChef,vinc456,1,0,0,0,0,0,0,0,0,0,0,0,0,0,[1]
gchq/CyberChef,samuelabc,1,0,0,0,0,0,0,0,0,0,0,0,0,0,[1]
gchq/CyberChef,MarkBennett,1,0,0,0,0,0,0,0,0,0,0,0,0,0,[1]
gchq/CyberChef,vimpro,1,0,0,0,0,0,0,0,0,0,0,0,0,0,[1]
gchq/CyberChef,jduran7,1,0,0,0,0,0,0,0,0,0,0,0,0,0,[1]
gchq/CyberChef,a98c14,1,0,0,0,0,0,0,0,0,0,0,0,0,0,[1]
gchq/CyberChef,tlkahn,1,0,0,0,0,0,0,0,0,0,0,0,0,0,[1]
gchq/CyberChef,vajdagabor,1,0,0,0,0,0,0,0,0,0,0,0,0,0,[1]
gchq/CyberChef,asujata,1,0,0,0,0,0,0,0,0,0,0,0,0,0,[1]
gchq/CyberChef,zhanymkanov,1,0,0,0,0,0,0,0,0,0,0,0,0,0,[1]
gchq/CyberChef,merinofg,1,0,0,0,0,0,0,0,0,0,0,0,0,0,[1]
gchq/CyberChef,BrunoKoppel,1,0,0,0,0,0,0,0,0,0,0,0,0,0,[1]
gchq/CyberChef,josephedward,1,0,0,0,0,0,0,0,0,0,0,0,0,0,[1]
gchq/CyberChef,tombailey,1,0,0,0,0,0,0,0,0,0,0,0,0,0,[1]
gchq/CyberChef,phantom32-0,1,0,0,0,0,0,0,0,0,0,0,0,0,0,[1]
gchq/CyberChef,birgerj,1,0,0,0,0,0,0,0,0,0,0,0,0,0,[1]
gchq/CyberChef,RamiroPinol,1,0,0,0,0,0,0,0,0,0,0,0,0,0,[1]
gchq/CyberChef,arefathi,1,0,0,0,0,0,0,0,0,0,0,0,0,0,[1]
gchq/CyberChef,Staindk,1,0,0,0,0,0,0,0,0,0,0,0,0,0,[1]
gchq/CyberChef,frabert,1,0,0,0,0,0,0,0,0,0,0,0,0,0,[1]
gchq/CyberChef,Olshansk,1,0,0,0,0,0,0,0,0,0,0,0,0,0,[1]
gchq/CyberChef,Siarune,1,0,0,0,0,0,0,0,0,0,0,0,0,0,[1]
gchq/CyberChef,ryan-acn,1,0,0,0,0,0,0,0,0,0,0,0,0,0,[1]
gchq/CyberChef,mcc,1,0,0,0,0,0,0,0,0,0,0,0,0,0,[1]
gchq/CyberChef,lagebr,1,0,0,0,0,0,0,0,0,0,0,0,0,0,[1]
gchq/CyberChef,ntoslinux,1,0,0,0,0,0,0,0,0,0,0,0,0,0,[1]
gchq/CyberChef,hopson,1,0,0,0,0,0,0,0,0,0,0,0,0,0,[1]
gchq/CyberChef,nickakey,1,0,0,0,0,0,0,0,0,0,0,0,0,0,[1]
gchq/CyberChef,josephjang,1,0,0,0,0,0,0,0,0,0,0,0,0,0,[1]
gchq/CyberChef,danielgwilson,1,0,0,0,0,0,0,0,0,0,0,0,0,0,[1]
gchq/CyberChef,michaelmior,1,0,0,0,0,0,0,0,0,0,0,0,0,0,[1]
gchq/CyberChef,zeenewton,1,0,0,0,0,0,0,0,0,0,0,0,0,0,[1]
gchq/CyberChef,noman-land,1,0,0,0,0,0,0,0,0,0,0,0,0,0,[1]
gchq/CyberChef,chrsengel,1,0,0,0,0,0,0,0,0,0,0,0,0,0,[1]
gchq/CyberChef,rukku,1,0,0,0,0,0,0,0,0,0,0,0,0,0,[1]
gchq/CyberChef,Go2Engle,1,0,0,0,0,0,0,0,0,0,0,0,0,0,[1]
gchq/CyberChef,sriganesh,1,0,0,0,0,0,0,0,0,0,0,0,0,0,[1]
gchq/CyberChef,eduntct,1,0,0,0,0,0,0,0,0,0,0,0,0,0,[1]
gchq/CyberChef,nguyendhst,1,0,0,0,0,0,0,0,0,0,0,0,0,0,[1]
gchq/CyberChef,ioztelcan,1,0,0,0,0,0,0,0,0,0,0,0,0,0,[1]
gchq/CyberChef,Objective-Collapse,1,0,0,0,0,0,0,0,0,0,0,0,0,0,[1]
gchq/CyberChef,naiyt,1,0,0,0,0,0,0,0,0,0,0,0,0,0,[1]
gchq/CyberChef,johnam,1,0,0,0,0,0,0,0,0,0,0,0,0,0,[1]
gchq/CyberChef,atriw,1,0,0,0,0,0,0,0,0,0,0,0,0,0,[1]
gchq/CyberChef,Ezwal,1,0,0,0,0,0,0,0,0,0,0,0,0,0,[1]
gchq/CyberChef,deepbreath,1,0,0,0,0,0,0,0,0,0,0,0,0,0,[1]
gchq/CyberChef,zsuiram,1,0,0,0,0,0,0,0,0,0,0,0,0,0,[1]
gchq/CyberChef,DavBfr,1,0,0,0,0,0,0,0,0,0,0,0,0,0,[1]
gchq/CyberChef,fliptoshi,1,0,0,0,0,0,0,0,0,0,0,0,0,0,[1]
gchq/CyberChef,0x20Fearless,1,0,0,0,0,0,0,0,0,0,0,0,0,0,[1]
gchq/CyberChef,Severon96,1,0,0,0,0,0,0,0,0,0,0,0,0,0,[1]
gchq/CyberChef,lourenc,1,0,0,0,0,0,0,0,0,0,0,0,0,0,[1]
gchq/CyberChef,zricethezav,1,0,0,0,0,0,0,0,0,0,0,0,0,0,[1]
gchq/CyberChef,yapus,1,0,0,0,0,0,0,0,0,0,0,0,0,0,[1]
gchq/CyberChef,Szmyk,1,0,0,0,0,0,0,0,0,0,0,0,0,0,[1]
gchq/CyberChef,epappas,1,0,0,0,0,0,0,0,0,0,0,0,0,0,[1]
gchq/CyberChef,quyleanh,1,0,0,0,0,0,0,0,0,0,0,0,0,0,[1]
gchq/CyberChef,samuelludwig,1,0,0,0,0,0,0,0,0,0,0,0,0,0,[1]
gchq/CyberChef,willfarrell,1,0,0,0,0,0,0,0,0,0,0,0,0,0,[1]
gchq/CyberChef,RCSnyder,1,0,0,0,0,0,0,0,0,0,0,0,0,0,[1]
gchq/CyberChef,meatherly,1,0,0,0,0,0,0,0,0,0,0,0,0,0,[1]
gchq/CyberChef,HomeFlix,0,1,0,0,0,0,0,0,0,0,0,0,0,0,[1]
gchq/CyberChef,dmagro,1,0,0,0,0,0,0,0,0,0,0,0,0,0,[1]
gchq/CyberChef,oleewere,1,0,0,0,0,0,0,0,0,0,0,0,0,0,[1]
gchq/CyberChef,theodesp,1,0,0,0,0,0,0,0,0,0,0,0,0,0,[1]
gchq/CyberChef,stnly,1,0,0,0,0,0,0,0,0,0,0,0,0,0,[1]
gchq/CyberChef,karavaan,1,0,0,0,0,0,0,0,0,0,0,0,0,0,[1]
gchq/CyberChef,5m17h,1,0,0,0,0,0,0,0,0,0,0,0,0,0,[1]
gchq/CyberChef,htunnicliff,1,0,0,0,0,0,0,0,0,0,0,0,0,0,[1]
gchq/CyberChef,ynotzort,1,0,0,0,0,0,0,0,0,0,0,0,0,0,[1]
gchq/CyberChef,Kloppie5,1,0,0,0,0,0,0,0,0,0,0,0,0,0,[1]
gchq/CyberChef,sotajensede,1,0,0,0,0,0,0,0,0,0,0,0,0,0,[1]
gchq/CyberChef,moscicky,1,0,0,0,0,0,0,0,0,0,0,0,0,0,[1]
gchq/CyberChef,choqueiro,1,0,0,0,0,0,0,0,0,0,0,0,0,0,[1]
gchq/CyberChef,Yeeef,1,0,0,0,0,0,0,0,0,0,0,0,0,0,[1]
gchq/CyberChef,aurelien-edusign,1,0,0,0,0,0,0,0,0,0,0,0,0,0,[1]
gchq/CyberChef,GLAD-DE,1,0,0,0,0,0,0,0,0,0,0,0,0,0,[1]
gchq/CyberChef,bvc,1,0,0,0,0,0,0,0,0,0,0,0,0,0,[1]
gchq/CyberChef,michaelmob,1,0,0,0,0,0,0,0,0,0,0,0,0,0,[1]
gchq/CyberChef,marcelotournier,1,0,0,0,0,0,0,0,0,0,0,0,0,0,[1]
gchq/CyberChef,mandaputtra,1,0,0,0,0,0,0,0,0,0,0,0,0,0,[1]
gchq/CyberChef,Bulliby,1,0,0,0,0,0,0,0,0,0,0,0,0,0,[1]
gchq/CyberChef,ergonomicdev,1,0,0,0,0,0,0,0,0,0,0,0,0,0,[1]
gchq/CyberChef,anrath,1,0,0,0,0,0,0,0,0,0,0,0,0,0,[1]
gchq/CyberChef,raymondjavaxx,1,0,0,0,0,0,0,0,0,0,0,0,0,0,[1]
gchq/CyberChef,le-jou,1,0,0,0,0,0,0,0,0,0,0,0,0,0,[1]
gchq/CyberChef,w0rd-driven,1,0,0,0,0,0,0,0,0,0,0,0,0,0,[1]
gchq/CyberChef,LennoxSears,1,0,0,0,0,0,0,0,0,0,0,0,0,0,[1]
gchq/CyberChef,alaingilbert,1,0,0,0,0,0,0,0,0,0,0,0,0,0,[1]
gchq/CyberChef,mglinski,1,0,0,0,0,0,0,0,0,0,0,0,0,0,[1]
gchq/CyberChef,petrkotas,1,0,0,0,0,0,0,0,0,0,0,0,0,0,[1]
gchq/CyberChef,gaigepr,1,0,0,0,0,0,0,0,0,0,0,0,0,0,[1]
gchq/CyberChef,meyer1994,1,0,0,0,0,0,0,0,0,0,0,0,0,0,[1]
gchq/CyberChef,battbeach,0,1,0,0,0,0,0,0,0,0,0,0,0,0,[1]
gchq/CyberChef,thisdev,1,0,0,0,0,0,0,0,0,0,0,0,0,0,[1]
gchq/CyberChef,komape,1,0,0,0,0,0,0,0,0,0,0,0,0,0,[1]
gchq/CyberChef,LBess,1,0,0,0,0,0,0,0,0,0,0,0,0,0,[1]
gchq/CyberChef,dnswd,1,0,0,0,0,0,0,0,0,0,0,0,0,0,[1]
gchq/CyberChef,wilandm,1,0,0,0,0,0,0,0,0,0,0,0,0,0,[1]
gchq/CyberChef,hksitorus,1,0,0,0,0,0,0,0,0,0,0,0,0,0,[1]
gchq/CyberChef,hollisticated-horse,1,0,0,0,0,0,0,0,0,0,0,0,0,0,[1]
gchq/CyberChef,rudotriton,1,0,0,0,0,0,0,0,0,0,0,0,0,0,[1]
gchq/CyberChef,Gocnak,1,0,0,0,0,0,0,0,0,0,0,0,0,0,[1]
gchq/CyberChef,acirulis,1,0,0,0,0,0,0,0,0,0,0,0,0,0,[1]
gchq/CyberChef,fonica,1,0,0,0,0,0,0,0,0,0,0,0,0,0,[1]
gchq/CyberChef,joelbradbury,1,0,0,0,0,0,0,0,0,0,0,0,0,0,[1]
gchq/CyberChef,siavashcsr,1,0,0,0,0,0,0,0,0,0,0,0,0,0,[1]
gchq/CyberChef,etoulas,1,0,0,0,0,0,0,0,0,0,0,0,0,0,[1]
gchq/CyberChef,lggomez,1,0,0,0,0,0,0,0,0,0,0,0,0,0,[1]
gchq/CyberChef,msbsh,1,0,0,0,0,0,0,0,0,0,0,0,0,0,[1]
gchq/CyberChef,LaszloGombos,1,0,0,0,0,0,0,0,0,0,0,0,0,0,[1]
gchq/CyberChef,elevatd,1,0,0,0,0,0,0,0,0,0,0,0,0,0,[1]
gchq/CyberChef,tpltnk,1,0,0,0,0,0,0,0,0,0,0,0,0,0,[1]
gchq/CyberChef,PhilipChen,1,0,0,0,0,0,0,0,0,0,0,0,0,0,[1]
gchq/CyberChef,hochem,1,0,0,0,0,0,0,0,0,0,0,0,0,0,[1]
gchq/CyberChef,francoisfeugeas,1,0,0,0,0,0,0,0,0,0,0,0,0,0,[1]
gchq/CyberChef,rewathkafley,1,0,0,0,0,0,0,0,0,0,0,0,0,0,[1]
gchq/CyberChef,syncguol,1,0,0,0,0,0,0,0,0,0,0,0,0,0,[1]
gchq/CyberChef,maleyva1,1,0,0,0,0,0,0,0,0,0,0,0,0,0,[1]
gchq/CyberChef,vytskalt,1,0,0,0,0,0,0,0,0,0,0,0,0,0,[1]
gchq/CyberChef,Mikkel-T,1,0,0,0,0,0,0,0,0,0,0,0,0,0,[1]
gchq/CyberChef,inetbowser,1,0,0,0,0,0,0,0,0,0,0,0,0,0,[1]
gchq/CyberChef,exit107,1,0,0,0,0,0,0,0,0,0,0,0,0,0,[1]
gchq/CyberChef,samuelshao,1,0,0,0,0,0,0,0,0,0,0,0,0,0,[1]
gchq/CyberChef,PDROJACK,1,0,0,0,0,0,0,0,0,0,0,0,0,0,[1]
gchq/CyberChef,simdon,1,0,0,0,0,0,0,0,0,0,0,0,0,0,[1]
gchq/CyberChef,dmostovyi-sift,1,0,0,0,0,0,0,0,0,0,0,0,0,0,[1]
gchq/CyberChef,distortedsignal,1,0,0,0,0,0,0,0,0,0,0,0,0,0,[1]
gchq/CyberChef,earendildev,1,0,0,0,0,0,0,0,0,0,0,0,0,0,[1]
gchq/CyberChef,stayhero,1,0,0,0,0,0,0,0,0,0,0,0,0,0,[1]
gchq/CyberChef,pardo-bsso,1,0,0,0,0,0,0,0,0,0,0,0,0,0,[1]
gchq/CyberChef,alinsalaru,1,0,0,0,0,0,0,0,0,0,0,0,0,0,[1]
gchq/CyberChef,eaglx,1,0,0,0,0,0,0,0,0,0,0,0,0,0,[1]
gchq/CyberChef,oddwheel,1,0,0,0,0,0,0,0,0,0,0,0,0,0,[1]
gchq/CyberChef,dataminion,1,0,0,0,0,0,0,0,0,0,0,0,0,0,[1]
gchq/CyberChef,ctcherry,1,0,0,0,0,0,0,0,0,0,0,0,0,0,[1]
gchq/CyberChef,mr-dave-lister,1,0,0,0,0,0,0,0,0,0,0,0,0,0,[1]
gchq/CyberChef,CrosleyZack,1,0,0,0,0,0,0,0,0,0,0,0,0,0,[1]
gchq/CyberChef,Baronhez,1,0,0,0,0,0,0,0,0,0,0,0,0,0,[1]
gchq/CyberChef,dtt101,1,0,0,0,0,0,0,0,0,0,0,0,0,0,[1]
gchq/CyberChef,theanatar,1,0,0,0,0,0,0,0,0,0,0,0,0,0,[1]
gchq/CyberChef,fundid,1,0,0,0,0,0,0,0,0,0,0,0,0,0,[1]
gchq/CyberChef,chameleon-lizard,1,0,0,0,0,0,0,0,0,0,0,0,0,0,[1]
gchq/CyberChef,phidah,1,0,0,0,0,0,0,0,0,0,0,0,0,0,[1]
gchq/CyberChef,ashayh,1,0,0,0,0,0,0,0,0,0,0,0,0,0,[1]
gchq/CyberChef,agustinustheo,1,1,0,0,0,0,0,0,0,0,0,0,0,0,[2]
gchq/CyberChef,Gedrovits,1,0,0,0,0,0,0,0,0,0,0,0,0,0,[1]
gchq/CyberChef,mreeves1,1,0,0,0,0,0,0,0,0,0,0,0,0,0,[1]
gchq/CyberChef,strobe,1,0,0,0,0,0,0,0,0,0,0,0,0,0,[1]
gchq/CyberChef,skogsbrus,1,0,0,0,0,0,0,0,0,0,0,0,0,0,[1]
gchq/CyberChef,DC4JG,1,0,0,0,0,0,0,0,0,0,0,0,0,0,[1]
gchq/CyberChef,samuel-joly,1,0,0,0,0,0,0,0,0,0,0,0,0,0,[1]
gchq/CyberChef,alexhafner,1,0,0,0,0,0,0,0,0,0,0,0,0,0,[1]
gchq/CyberChef,dylandesrosier,1,0,0,0,0,0,0,0,0,0,0,0,0,0,[1]
gchq/CyberChef,jinoralen,1,0,0,0,0,0,0,0,0,0,0,0,0,0,[1]
gchq/CyberChef,memeree,1,0,0,0,0,0,0,0,0,0,0,0,0,0,[1]
gchq/CyberChef,zac156,1,0,0,0,0,0,0,0,0,0,0,0,0,0,[1]
gchq/CyberChef,jorgeyp,1,0,0,0,0,0,0,0,0,0,0,0,0,0,[1]
gchq/CyberChef,nuIIptr,1,0,0,0,0,0,0,0,0,0,0,0,0,0,[1]
gchq/CyberChef,rurogge,1,0,0,0,0,0,0,0,0,0,0,0,0,0,[1]
gchq/CyberChef,Snider,0,1,0,0,0,0,0,0,0,0,0,0,0,0,[1]
gchq/CyberChef,physx2494,1,0,0,0,0,0,0,0,0,0,0,0,0,0,[1]
gchq/CyberChef,elgabo82,1,0,0,0,0,0,0,0,0,0,0,0,0,0,[1]
gchq/CyberChef,cole-wilson,1,0,0,0,0,0,0,0,0,0,0,0,0,0,[1]
gchq/CyberChef,trickynonsense,1,0,0,0,0,0,0,0,0,0,0,0,0,0,[1]
gchq/CyberChef,freaz,1,0,0,0,0,0,0,0,0,0,0,0,0,0,[1]
gchq/CyberChef,sowbug,1,0,0,0,0,0,0,0,0,0,0,0,0,0,[1]
gchq/CyberChef,sifr0x,1,0,0,0,0,0,0,0,0,0,0,0,0,0,[1]
gchq/CyberChef,fruchty,1,0,0,0,0,0,0,0,0,0,0,0,0,0,[1]
gchq/CyberChef,bastijnv,1,0,0,0,0,0,0,0,0,0,0,0,0,0,[1]
gchq/CyberChef,Dax89,1,0,0,0,0,0,0,0,0,0,0,0,0,0,[1]
gchq/CyberChef,jonbaer,1,0,0,0,0,0,0,0,0,0,0,0,0,0,[1]
gchq/CyberChef,valentin-p,1,0,0,0,0,0,0,0,0,0,0,0,0,0,[1]
gchq/CyberChef,Deivmercer,1,0,0,0,0,0,0,0,0,0,0,0,0,0,[1]
gchq/CyberChef,grex,1,0,0,0,0,0,0,0,0,0,0,0,0,0,[1]
gchq/CyberChef,jasonrdsouza,1,0,0,0,0,0,0,0,0,0,0,0,0,0,[1]
gchq/CyberChef,reboot81,1,0,0,0,0,0,0,0,0,0,0,0,0,0,[1]
gchq/CyberChef,ranfdev,1,0,0,0,0,0,0,0,0,0,0,0,0,0,[1]
gchq/CyberChef,asabla,1,0,0,0,0,0,0,0,0,0,0,0,0,0,[1]
gchq/CyberChef,fod,0,1,0,0,0,0,0,0,0,0,0,0,0,0,[1]
gchq/CyberChef,keks24,1,0,0,0,0,0,0,0,0,0,0,0,0,0,[1]
gchq/CyberChef,codex009,1,0,0,0,0,0,0,0,0,0,0,0,0,0,[1]
gchq/CyberChef,blau3,1,0,0,0,0,0,0,0,0,0,0,0,0,0,[1]
gchq/CyberChef,sigurdarson,1,0,0,0,0,0,0,0,0,0,0,0,0,0,[1]
gchq/CyberChef,RuanAragao,1,0,0,0,0,0,0,0,0,0,0,0,0,0,[1]
gchq/CyberChef,DerSaidin,1,0,0,0,0,0,0,0,0,0,0,0,0,0,[1]
gchq/CyberChef,patrikbego,1,0,0,0,0,0,0,0,0,0,0,0,0,0,[1]
gchq/CyberChef,FastFingertips,1,0,0,0,0,0,0,0,0,0,0,0,0,0,[1]
gchq/CyberChef,boralp,1,0,0,0,0,0,0,0,0,0,0,0,0,0,[1]
gchq/CyberChef,davaag,1,0,0,0,0,0,0,0,0,0,0,0,0,0,[1]
