songquanpeng/one-api,thucsc,0,0,1,0,0,0,0,0,0,0,0,0,0,0,[1]
songquanpeng/one-api,aiastia,0,0,1,1,0,0,0,0,0,0,0,0,0,0,[2]
songquanpeng/one-api,songquanpeng,0,0,72,29,43,7,0,12,1,0,0,0,0,0,[164]
songquanpeng/one-api,timer-network,1,0,0,0,0,0,0,0,0,0,0,0,0,0,[1]
songquanpeng/one-api,JunTsao,1,0,0,0,0,0,0,0,0,0,0,0,0,0,[1]
songquanpeng/one-api,fanyang1997,1,0,0,0,0,0,0,0,0,0,0,0,0,0,[1]
songquanpeng/one-api,jacywy,1,0,0,0,0,0,0,0,0,0,0,0,0,0,[1]
songquanpeng/one-api,TheShyzzcy,1,0,0,0,0,0,0,0,0,0,0,0,0,0,[1]
songquanpeng/one-api,zhangqwesc,0,1,0,0,0,0,0,0,0,0,0,0,0,0,[1]
songquanpeng/one-api,suxinjie,0,1,0,0,0,0,0,0,0,0,0,0,0,0,[1]
songquanpeng/one-api,cnbiao,1,0,0,0,0,0,0,0,0,0,0,0,0,0,[1]
songquanpeng/one-api,PeterBilly,0,1,0,0,0,0,0,0,0,0,0,0,0,0,[1]
songquanpeng/one-api,yimity,1,0,0,0,0,0,0,0,0,0,0,0,0,0,[1]
songquanpeng/one-api,hujinbo,1,0,0,0,0,0,0,0,0,0,0,0,0,0,[1]
songquanpeng/one-api,mudone,1,0,0,0,0,0,0,0,0,0,0,0,0,0,[1]
songquanpeng/one-api,Qzm6826,1,0,0,0,0,0,0,0,0,0,0,0,0,0,[1]
songquanpeng/one-api,Licoy,1,0,0,0,0,0,0,0,0,0,0,0,0,0,[1]
songquanpeng/one-api,wvuu,1,0,0,0,0,0,0,0,0,0,0,0,0,0,[1]
songquanpeng/one-api,ifzm,1,0,0,0,0,0,0,0,0,0,0,0,0,0,[1]
songquanpeng/one-api,FarmerChillax,1,0,0,0,0,0,0,0,0,0,0,0,0,0,[1]
songquanpeng/one-api,lageev,1,0,0,0,0,0,0,0,0,0,0,0,0,0,[1]
songquanpeng/one-api,king910605,1,0,0,0,0,0,0,0,0,0,0,0,0,0,[1]
songquanpeng/one-api,ATQQ,1,0,0,0,0,0,0,0,0,0,0,0,0,0,[1]
songquanpeng/one-api,how1ewu,0,0,0,2,0,0,0,0,0,0,0,0,0,0,[2]
songquanpeng/one-api,quzard,0,0,0,1,0,1,0,0,0,0,0,0,0,0,[2]
songquanpeng/one-api,wszcl123456,1,0,0,0,0,0,0,0,0,0,0,0,0,0,[1]
songquanpeng/one-api,63936,0,0,1,1,0,0,0,0,0,0,0,0,0,0,[2]
songquanpeng/one-api,shakespark,1,0,0,0,0,0,0,0,0,0,0,0,0,0,[1]
songquanpeng/one-api,lozzo,1,0,0,0,0,0,0,0,0,0,0,0,0,0,[1]
songquanpeng/one-api,c18cm,1,0,0,0,0,0,0,0,0,0,0,0,0,0,[1]
songquanpeng/one-api,GeorgeGalway,1,0,0,0,0,0,0,0,0,0,0,0,0,0,[1]
songquanpeng/one-api,Steve0x2a,1,0,0,0,0,0,0,0,0,0,0,0,0,0,[1]
songquanpeng/one-api,fearlessli,1,0,0,0,0,0,0,0,0,0,0,0,0,0,[1]
songquanpeng/one-api,Someant,1,0,0,0,0,0,0,0,0,0,0,0,0,0,[1]
songquanpeng/one-api,kflyfly,1,0,0,0,0,0,0,0,0,0,0,0,0,0,[1]
songquanpeng/one-api,fighter2011,1,0,0,0,0,0,0,0,0,0,0,0,0,0,[1]
songquanpeng/one-api,wallleap,1,0,0,0,0,0,0,0,0,0,0,0,0,0,[1]
songquanpeng/one-api,robbit69,1,1,0,0,0,0,0,0,0,0,0,0,0,0,[2]
songquanpeng/one-api,miniers,0,1,1,0,0,1,0,0,0,0,0,0,0,0,[3]
songquanpeng/one-api,ourren,1,0,0,0,0,0,0,0,0,0,0,0,0,0,[1]
songquanpeng/one-api,allen16881,0,1,0,0,0,0,0,0,0,0,0,0,0,0,[1]
songquanpeng/one-api,GoRoad,1,0,0,0,0,0,0,0,0,0,0,0,0,0,[1]
songquanpeng/one-api,jveay,1,0,0,0,0,0,0,0,0,0,0,0,0,0,[1]
songquanpeng/one-api,yuzh2001,1,0,0,0,0,0,0,0,0,0,0,0,0,0,[1]
songquanpeng/one-api,AlanSec,1,0,0,0,0,0,0,0,0,0,0,0,0,0,[1]
songquanpeng/one-api,zkl2333,1,0,0,0,0,0,0,0,0,0,0,0,0,0,[1]
songquanpeng/one-api,inroading,1,0,0,0,0,0,0,0,0,0,0,0,0,0,[1]
songquanpeng/one-api,jianwi,0,0,0,1,0,0,0,0,0,0,0,0,0,0,[1]
songquanpeng/one-api,l5g,1,0,0,0,0,0,0,0,0,0,0,0,0,0,[1]
songquanpeng/one-api,kaminn,1,0,0,0,0,0,0,0,0,0,0,0,0,0,[1]
songquanpeng/one-api,mr-wixy,1,0,0,0,0,0,0,0,0,0,0,0,0,0,[1]
songquanpeng/one-api,robinhsu121,1,0,0,0,0,0,0,0,0,0,0,0,0,0,[1]
songquanpeng/one-api,LyleLaii,1,0,0,0,0,0,0,0,0,0,0,0,0,0,[1]
songquanpeng/one-api,Cregin,1,0,0,0,0,0,0,0,0,0,0,0,0,0,[1]
songquanpeng/one-api,nunuqq1,1,0,0,0,0,0,0,0,0,0,0,0,0,0,[1]
songquanpeng/one-api,star7th,1,0,0,0,0,0,0,0,0,0,0,0,0,0,[1]
songquanpeng/one-api,cpcp11,0,0,0,2,0,0,0,0,0,0,0,0,0,0,[2]
songquanpeng/one-api,Ai01,1,0,0,0,0,0,0,0,0,0,0,0,0,0,[1]
songquanpeng/one-api,itcodes,1,0,0,0,0,0,0,0,0,0,0,0,0,0,[1]
songquanpeng/one-api,leading,1,0,0,0,0,0,0,0,0,0,0,0,0,0,[1]
songquanpeng/one-api,wangwangit,1,0,0,0,0,0,0,0,0,0,0,0,0,0,[1]
songquanpeng/one-api,Germey,1,0,0,0,0,0,0,0,0,0,0,0,0,0,[1]
songquanpeng/one-api,xnliang98,1,0,0,0,0,0,0,0,0,0,0,0,0,0,[1]
songquanpeng/one-api,Mydreamandreality,1,0,0,0,0,0,0,0,0,0,0,0,0,0,[1]
songquanpeng/one-api,mailbaoer,1,0,0,0,0,0,0,0,0,0,0,0,0,0,[1]
songquanpeng/one-api,despacito008,1,0,1,0,0,0,0,0,0,0,0,0,0,0,[2]
songquanpeng/one-api,online2311,1,0,0,0,0,0,0,0,0,0,0,0,0,0,[1]
songquanpeng/one-api,wuxueeee,1,0,0,0,0,0,0,0,0,0,0,0,0,0,[1]
songquanpeng/one-api,luengwaiban,1,0,0,0,0,0,0,0,0,0,0,0,0,0,[1]
songquanpeng/one-api,wzshuang,1,0,0,0,0,0,0,0,0,0,0,0,0,0,[1]
songquanpeng/one-api,csbde,1,0,0,0,0,0,0,0,0,0,0,0,0,0,[1]
songquanpeng/one-api,lpflhh,1,1,0,0,0,0,0,0,0,0,0,0,0,0,[2]
songquanpeng/one-api,ymma,1,0,0,0,0,0,0,0,0,0,0,0,0,0,[1]
songquanpeng/one-api,Ikaros-521,1,0,16,1,0,0,0,0,0,0,0,0,0,0,[18]
songquanpeng/one-api,Halokitiboy,1,0,0,0,0,0,0,0,0,0,0,0,0,0,[1]
songquanpeng/one-api,rebron1900,1,0,0,0,0,0,0,0,0,0,0,0,0,0,[1]
songquanpeng/one-api,baogaitou,1,0,0,0,0,0,0,0,0,0,0,0,0,0,[1]
songquanpeng/one-api,ba0gu0,1,0,0,0,0,0,0,0,0,0,0,0,0,0,[1]
songquanpeng/one-api,bansky-cl,1,0,0,0,0,0,0,0,0,0,0,0,0,0,[1]
songquanpeng/one-api,Xenos3811,1,0,0,0,0,0,0,0,0,0,0,0,0,0,[1]
songquanpeng/one-api,Recorvery,1,0,0,0,0,0,0,0,0,0,0,0,0,0,[1]
songquanpeng/one-api,qiayue,1,0,0,0,0,0,0,0,0,0,0,0,0,0,[1]
songquanpeng/one-api,gear273,0,1,0,0,0,0,0,0,0,0,0,0,0,0,[1]
songquanpeng/one-api,mutalisk999,1,0,0,0,0,0,0,0,0,0,0,0,0,0,[1]
songquanpeng/one-api,wdkang123,1,0,0,0,0,0,0,0,0,0,0,0,0,0,[1]
songquanpeng/one-api,justflymars,0,1,0,0,0,0,0,0,0,0,0,0,0,0,[1]
songquanpeng/one-api,CNWann,1,0,11,1,0,0,0,0,0,0,0,0,0,0,[13]
songquanpeng/one-api,xinebf,0,0,1,0,0,0,0,0,0,0,0,0,0,0,[1]
songquanpeng/one-api,GZYZhy,1,0,0,0,0,0,0,0,0,0,0,0,0,0,[1]
songquanpeng/one-api,youyos,1,0,0,0,0,0,0,0,0,0,0,0,0,0,[1]
songquanpeng/one-api,windorz9,1,0,0,0,0,0,0,0,0,0,0,0,0,0,[1]
songquanpeng/one-api,xfstudio,1,0,0,0,0,0,0,0,0,0,0,0,0,0,[1]
songquanpeng/one-api,zhiqiangwong,0,0,0,1,0,0,0,0,0,0,0,0,0,0,[1]
songquanpeng/one-api,daniel-yee,0,1,0,0,0,0,0,0,0,0,0,0,0,0,[1]
songquanpeng/one-api,ChangeYu0229,0,0,3,0,0,0,0,0,0,0,0,0,0,0,[3]
songquanpeng/one-api,darkelfzdy,0,1,0,0,0,0,0,0,0,0,0,0,0,0,[1]
songquanpeng/one-api,Ink-Osier,0,0,2,0,0,0,0,0,0,0,0,0,0,0,[2]
songquanpeng/one-api,0xryanz,1,0,0,0,0,0,0,0,0,0,0,0,0,0,[1]
songquanpeng/one-api,dabaisuv,0,0,0,1,0,0,0,0,0,0,0,0,0,0,[1]
songquanpeng/one-api,github-actions[bot],0,0,0,0,0,0,0,0,0,0,0,0,0,3,[3]
songquanpeng/one-api,rampagepeter,1,0,0,0,0,0,0,0,0,0,0,0,0,0,[1]
songquanpeng/one-api,hyleong,1,0,0,0,0,0,0,0,0,0,0,0,0,0,[1]
songquanpeng/one-api,Dzc96,1,0,0,0,0,0,0,0,0,0,0,0,0,0,[1]
songquanpeng/one-api,qinmenghua,1,0,0,0,0,0,0,0,0,0,0,0,0,0,[1]
songquanpeng/one-api,big-red-001,1,0,0,0,0,0,0,0,0,0,0,0,0,0,[1]
songquanpeng/one-api,764567192,1,1,0,0,0,0,0,0,0,0,0,0,0,0,[2]
songquanpeng/one-api,Ackites,1,0,0,0,0,0,0,0,0,0,0,0,0,0,[1]
songquanpeng/one-api,xlotusx,1,0,0,0,0,0,0,0,0,0,0,0,0,0,[1]
songquanpeng/one-api,Chapin2018,1,0,0,0,0,0,0,0,0,0,0,0,0,0,[1]
songquanpeng/one-api,zhangsan6663,1,0,0,0,0,0,0,0,0,0,0,0,0,0,[1]
songquanpeng/one-api,enimo,1,0,0,0,0,0,0,0,0,0,0,0,0,0,[1]
songquanpeng/one-api,maskkid,1,0,0,0,0,0,0,0,0,0,0,0,0,0,[1]
songquanpeng/one-api,halfu,0,0,1,0,0,0,0,0,0,0,0,0,0,0,[1]
songquanpeng/one-api,mexizuuto,1,0,0,0,0,0,0,0,0,0,0,0,0,0,[1]
songquanpeng/one-api,zhaowen901,1,0,0,0,0,0,0,0,0,0,0,0,0,0,[1]
songquanpeng/one-api,Kwok1am,1,0,0,0,0,0,0,0,0,0,0,0,0,0,[1]
songquanpeng/one-api,thesong513,1,0,0,0,0,0,0,0,0,0,0,0,0,0,[1]
songquanpeng/one-api,PurezentoW,1,0,0,0,0,0,0,0,0,0,0,0,0,0,[1]
songquanpeng/one-api,Duckweeds7,1,0,0,0,0,0,0,0,0,0,0,0,0,0,[1]
songquanpeng/one-api,jwdstef,0,0,0,1,0,0,0,0,0,0,0,0,0,0,[1]
songquanpeng/one-api,gaye746560359,1,0,0,0,0,0,0,0,0,0,0,0,0,0,[1]
songquanpeng/one-api,assert6,0,1,1,1,0,1,0,0,0,0,0,0,0,0,[4]
songquanpeng/one-api,adevjoe,0,1,0,0,0,1,0,0,0,0,0,0,0,0,[2]
songquanpeng/one-api,LeslieLeung,0,1,1,0,0,1,0,0,0,0,0,0,0,0,[3]
songquanpeng/one-api,ByteMelodist,1,0,0,0,0,0,0,0,0,0,0,0,0,0,[1]
songquanpeng/one-api,cybartists,1,0,0,0,0,0,0,0,0,0,0,0,0,0,[1]
songquanpeng/one-api,cationCatM,1,0,0,0,0,0,0,0,0,0,0,0,0,0,[1]
songquanpeng/one-api,djj1212a,1,0,0,0,0,0,0,0,0,0,0,0,0,0,[1]
songquanpeng/one-api,Fortytwoo,1,0,0,0,0,0,0,0,0,0,0,0,0,0,[1]
songquanpeng/one-api,yym68686,1,0,0,0,0,0,0,0,0,0,0,0,0,0,[1]
songquanpeng/one-api,cooper999,1,0,0,0,0,0,0,0,0,0,0,0,0,0,[1]
songquanpeng/one-api,fgpzen,2,0,0,0,0,0,0,0,0,0,0,0,0,0,[2]
songquanpeng/one-api,garyvalue,0,0,0,1,0,0,0,0,0,0,0,0,0,0,[1]
songquanpeng/one-api,sunlei,1,0,0,0,0,0,0,0,0,0,0,0,0,0,[1]
songquanpeng/one-api,286555452,1,0,0,0,0,0,0,0,0,0,0,0,0,0,[1]
songquanpeng/one-api,hzeyuan,0,1,0,0,0,0,0,0,0,0,0,0,0,0,[1]
songquanpeng/one-api,markthree,1,0,0,0,0,0,0,0,0,0,0,0,0,0,[1]
songquanpeng/one-api,Caixiaopig,1,0,0,0,0,0,0,0,0,0,0,0,0,0,[1]
songquanpeng/one-api,pharmcube,1,0,0,0,0,0,0,0,0,0,0,0,0,0,[1]
songquanpeng/one-api,GoStraight-Tech,0,1,0,0,0,0,0,0,0,0,0,0,0,0,[1]
songquanpeng/one-api,zhangdszq,1,0,0,0,0,0,0,0,0,0,0,0,0,0,[1]
songquanpeng/one-api,baohanbu,0,1,0,0,0,0,0,0,0,0,0,0,0,0,[1]
songquanpeng/one-api,sq98,1,0,0,0,0,0,0,0,0,0,0,0,0,0,[1]
songquanpeng/one-api,SunnyGPT,0,1,0,0,0,0,0,0,0,0,0,0,0,0,[1]
songquanpeng/one-api,hbmaak,1,0,0,0,0,0,0,0,0,0,0,0,0,0,[1]
songquanpeng/one-api,hauy,1,0,0,0,0,0,0,0,0,0,0,0,0,0,[1]
songquanpeng/one-api,renwofei423,1,0,0,0,0,0,0,0,0,0,0,0,0,0,[1]
songquanpeng/one-api,fitzheil,1,0,0,0,0,0,0,0,0,0,0,0,0,0,[1]
songquanpeng/one-api,kidultx,0,1,2,0,0,1,0,0,0,0,0,0,0,0,[4]
songquanpeng/one-api,tw2818,0,1,0,0,0,0,0,0,0,0,0,0,0,0,[1]
songquanpeng/one-api,ineo6,1,0,0,0,0,0,0,0,0,0,0,0,0,0,[1]
songquanpeng/one-api,ShawnDen-coder,1,0,0,0,0,0,0,0,0,0,0,0,0,0,[1]
songquanpeng/one-api,WeCanRun,1,0,0,0,0,0,0,0,0,0,0,0,0,0,[1]
songquanpeng/one-api,ErikaAlkane,1,1,0,0,0,0,0,0,0,0,0,0,0,0,[2]
songquanpeng/one-api,ZelongWei,1,0,0,0,0,0,0,0,0,0,0,0,0,0,[1]
songquanpeng/one-api,Username-Adrian,1,0,0,0,0,0,0,0,0,0,0,0,0,0,[1]
songquanpeng/one-api,uxfion,1,0,0,0,0,0,0,0,0,0,0,0,0,0,[1]
songquanpeng/one-api,Aiayw,0,0,5,0,0,0,0,0,0,0,0,0,0,0,[5]
songquanpeng/one-api,qrekkwijjtx54,1,0,0,0,0,0,0,0,0,0,0,0,0,0,[1]
