gragland/chatgpt-chrome-extension,aardabayram,1,0,0,0,0,0,0,0,0,0,0,0,0,0,[1]
gragland/chatgpt-chrome-extension,PrameshKarki,1,0,0,0,0,0,0,0,0,0,0,0,0,0,[1]
gragland/chatgpt-chrome-extension,aroldodev,1,0,0,0,0,0,0,0,0,0,0,0,0,0,[1]
gragland/chatgpt-chrome-extension,mfranzon,1,0,0,0,0,0,0,0,0,0,0,0,0,0,[1]
gragland/chatgpt-chrome-extension,ifvictr,1,0,0,0,0,0,0,0,0,0,0,0,0,0,[1]
gragland/chatgpt-chrome-extension,Mattabase,1,0,0,0,0,0,0,0,0,0,0,0,0,0,[1]
gragland/chatgpt-chrome-extension,yuniancong,1,0,0,0,0,0,0,0,0,0,0,0,0,0,[1]
gragland/chatgpt-chrome-extension,Nivethan-Ar,1,0,0,0,0,0,0,0,0,0,0,0,0,0,[1]
gragland/chatgpt-chrome-extension,biswajitSM,1,0,0,0,0,0,0,0,0,0,0,0,0,0,[1]
gragland/chatgpt-chrome-extension,ccll,1,0,0,0,0,0,0,0,0,0,0,0,0,0,[1]
gragland/chatgpt-chrome-extension,sorydi3,1,1,0,0,0,0,0,0,0,0,0,0,0,0,[2]
gragland/chatgpt-chrome-extension,ebowwa,1,0,0,0,0,0,0,0,0,0,0,0,0,0,[1]
gragland/chatgpt-chrome-extension,BioinfoCat,1,0,0,0,0,0,0,0,0,0,0,0,0,0,[1]
gragland/chatgpt-chrome-extension,aarlin,1,0,0,0,0,0,0,0,0,0,0,0,0,0,[1]
gragland/chatgpt-chrome-extension,sbarbat,1,0,0,0,0,0,0,0,0,0,0,0,0,0,[1]
gragland/chatgpt-chrome-extension,OliverLeitner,1,0,0,0,0,0,0,0,0,0,0,0,0,0,[1]
gragland/chatgpt-chrome-extension,doniaskima,1,0,0,0,0,0,0,0,0,0,0,0,0,0,[1]
gragland/chatgpt-chrome-extension,spidyhackx,1,0,0,0,0,0,0,0,0,0,0,0,0,0,[1]
gragland/chatgpt-chrome-extension,bynightflow,1,0,0,0,0,0,0,0,0,0,0,0,0,0,[1]
gragland/chatgpt-chrome-extension,Std1234,1,0,0,0,0,0,0,0,0,0,0,0,0,0,[1]
gragland/chatgpt-chrome-extension,gragland,0,0,6,3,5,0,0,0,0,0,0,0,0,0,[14]
gragland/chatgpt-chrome-extension,Abdulkbk,1,0,0,0,0,0,0,0,0,0,0,0,0,0,[1]
gragland/chatgpt-chrome-extension,LixvYang,1,0,0,0,0,0,0,0,0,0,0,0,0,0,[1]
gragland/chatgpt-chrome-extension,Gilbertly,1,0,0,0,0,0,0,0,0,0,0,0,0,0,[1]
gragland/chatgpt-chrome-extension,Evil-Developer,1,0,0,0,0,0,0,0,0,0,0,0,0,0,[1]
gragland/chatgpt-chrome-extension,abhiksark,1,0,0,0,0,0,0,0,0,0,0,0,0,0,[1]
gragland/chatgpt-chrome-extension,qxl1231,0,1,0,0,0,0,0,0,0,0,0,0,0,0,[1]
gragland/chatgpt-chrome-extension,Ademking,1,0,0,0,0,0,0,0,0,0,0,0,0,0,[1]
gragland/chatgpt-chrome-extension,mdatacontrol,1,0,0,0,0,0,0,0,0,0,0,0,0,0,[1]
gragland/chatgpt-chrome-extension,Nyalab,1,0,0,0,0,0,0,0,0,0,0,0,0,0,[1]
gragland/chatgpt-chrome-extension,gurrpi,1,0,0,0,0,0,0,0,0,0,0,0,0,0,[1]
gragland/chatgpt-chrome-extension,sigridjineth,1,0,0,0,0,0,0,0,0,0,0,0,0,0,[1]
gragland/chatgpt-chrome-extension,marvelmiles,1,0,0,0,0,0,0,0,0,0,0,0,0,0,[1]
gragland/chatgpt-chrome-extension,ottsch,1,0,0,0,0,0,0,0,0,0,0,0,0,0,[1]
gragland/chatgpt-chrome-extension,vitkuz,1,0,0,0,0,0,0,0,0,0,0,0,0,0,[1]
gragland/chatgpt-chrome-extension,baditaflorin,0,0,0,1,0,0,0,0,0,0,0,0,0,0,[1]
gragland/chatgpt-chrome-extension,Mohamed3nan,1,0,0,0,0,0,0,0,0,0,0,0,0,0,[1]
gragland/chatgpt-chrome-extension,Vermillion-de,1,0,0,0,0,0,0,0,0,0,0,0,0,0,[1]
gragland/chatgpt-chrome-extension,SquishyAnxiety,1,0,0,0,0,0,0,0,0,0,0,0,0,0,[1]
gragland/chatgpt-chrome-extension,qibiu,1,0,0,0,0,0,0,0,0,0,0,0,0,0,[1]
gragland/chatgpt-chrome-extension,SubLoadedZA,1,0,0,0,0,0,0,0,0,0,0,0,0,0,[1]
gragland/chatgpt-chrome-extension,zhuzhenyu,1,0,0,0,0,0,0,0,0,0,0,0,0,0,[1]
gragland/chatgpt-chrome-extension,Kggmata,0,1,0,0,0,0,0,0,0,0,0,0,0,0,[1]
gragland/chatgpt-chrome-extension,beratgisler,1,0,0,0,0,0,0,0,0,0,0,0,0,0,[1]
gragland/chatgpt-chrome-extension,hyperyoin,1,0,0,0,0,0,0,0,0,0,0,0,0,0,[1]
gragland/chatgpt-chrome-extension,Mr-xiaobing,1,0,0,0,0,0,0,0,0,0,0,0,0,0,[1]
gragland/chatgpt-chrome-extension,ravirathore,1,0,0,0,0,0,0,0,0,0,0,0,0,0,[1]
gragland/chatgpt-chrome-extension,KnoxMajor,1,0,0,0,0,0,0,0,0,0,0,0,0,0,[1]
gragland/chatgpt-chrome-extension,mztnnrt,1,0,0,0,0,0,0,0,0,0,0,0,0,0,[1]
gragland/chatgpt-chrome-extension,appfromape,1,0,0,0,0,0,0,0,0,0,0,0,0,0,[1]
gragland/chatgpt-chrome-extension,Joran-Dob,1,0,0,0,0,0,0,0,0,0,0,0,0,0,[1]
gragland/chatgpt-chrome-extension,vlada5,1,0,0,0,0,0,0,0,0,0,0,0,0,0,[1]
gragland/chatgpt-chrome-extension,gosirys,1,0,0,0,0,0,0,0,0,0,0,0,0,0,[1]
gragland/chatgpt-chrome-extension,rahulsoibam,1,0,0,0,0,0,0,0,0,0,0,0,0,0,[1]
gragland/chatgpt-chrome-extension,iAhsanJaved,1,0,0,0,0,0,0,0,0,0,0,0,0,0,[1]
gragland/chatgpt-chrome-extension,nwittwer,1,0,0,0,0,0,0,0,0,0,0,0,0,0,[1]
gragland/chatgpt-chrome-extension,varun-balani,1,0,0,0,0,0,0,0,0,0,0,0,0,0,[1]
gragland/chatgpt-chrome-extension,kamar-s7c,1,0,0,0,0,0,0,0,0,0,0,0,0,0,[1]
gragland/chatgpt-chrome-extension,ruirui1128,1,0,0,0,0,0,0,0,0,0,0,0,0,0,[1]
gragland/chatgpt-chrome-extension,7Silvah,1,0,0,0,0,0,0,0,0,0,0,0,0,0,[1]
gragland/chatgpt-chrome-extension,silianpan,1,0,0,0,0,0,0,0,0,0,0,0,0,0,[1]
gragland/chatgpt-chrome-extension,Sagar19RaoRane,1,0,0,0,0,0,0,0,0,0,0,0,0,0,[1]
gragland/chatgpt-chrome-extension,yunzhan2014,1,0,0,0,0,0,0,0,0,0,0,0,0,0,[1]
gragland/chatgpt-chrome-extension,Cleover,1,0,0,0,0,0,0,0,0,0,0,0,0,0,[1]
gragland/chatgpt-chrome-extension,Doutianbao,1,0,0,0,0,0,0,0,0,0,0,0,0,0,[1]
gragland/chatgpt-chrome-extension,yelidrissi,1,0,0,0,0,0,0,0,0,0,0,0,0,0,[1]
gragland/chatgpt-chrome-extension,hashtafak,1,0,0,0,0,0,0,0,0,0,0,0,0,0,[1]
gragland/chatgpt-chrome-extension,ivas1ly,1,0,0,0,0,0,0,0,0,0,0,0,0,0,[1]
gragland/chatgpt-chrome-extension,marcojoao,1,0,0,0,0,0,0,0,0,0,0,0,0,0,[1]
gragland/chatgpt-chrome-extension,Noah-Persaud,1,0,0,0,0,0,0,0,0,0,0,0,0,0,[1]
gragland/chatgpt-chrome-extension,crates,1,0,0,0,0,0,0,0,0,0,0,0,0,0,[1]
gragland/chatgpt-chrome-extension,ReyML,1,0,0,0,0,0,0,0,0,0,0,0,0,0,[1]
gragland/chatgpt-chrome-extension,SenkuXP,1,0,0,0,0,0,0,0,0,0,0,0,0,0,[1]
gragland/chatgpt-chrome-extension,ESLAMARAF,1,0,0,0,0,0,0,0,0,0,0,0,0,0,[1]
gragland/chatgpt-chrome-extension,kitohow,1,0,0,0,0,0,0,0,0,0,0,0,0,0,[1]
gragland/chatgpt-chrome-extension,MrPops,1,0,0,0,0,0,0,0,0,0,0,0,0,0,[1]
gragland/chatgpt-chrome-extension,shiyou3000,1,0,0,0,0,0,0,0,0,0,0,0,0,0,[1]
gragland/chatgpt-chrome-extension,anis-marrouchi,1,0,0,0,0,0,0,0,0,0,0,0,0,0,[1]
gragland/chatgpt-chrome-extension,feraco,1,0,0,0,0,0,0,0,0,0,0,0,0,0,[1]
gragland/chatgpt-chrome-extension,matthewmoroz,1,0,0,0,0,0,0,0,0,0,0,0,0,0,[1]
gragland/chatgpt-chrome-extension,podolskyi,1,0,0,0,0,0,0,0,0,0,0,0,0,0,[1]
gragland/chatgpt-chrome-extension,xrsrke,1,0,0,0,0,0,0,0,0,0,0,0,0,0,[1]
gragland/chatgpt-chrome-extension,Rodry186RRRM,1,0,0,0,0,0,0,0,0,0,0,0,0,0,[1]
gragland/chatgpt-chrome-extension,PKM777,0,1,0,0,0,0,0,0,0,0,0,0,0,0,[1]
gragland/chatgpt-chrome-extension,cih315,1,0,0,0,0,0,0,0,0,0,0,0,0,0,[1]
gragland/chatgpt-chrome-extension,dellax,1,0,0,0,0,0,0,0,0,0,0,0,0,0,[1]
gragland/chatgpt-chrome-extension,xiaolongtang,1,0,0,0,0,0,0,0,0,0,0,0,0,0,[1]
gragland/chatgpt-chrome-extension,nduva15,0,1,0,0,0,0,0,0,0,0,0,0,0,0,[1]
gragland/chatgpt-chrome-extension,shadownerd77,0,0,0,1,0,0,0,0,0,0,0,0,0,0,[1]
gragland/chatgpt-chrome-extension,LouisValentines,1,0,0,0,0,0,0,0,0,0,0,0,0,0,[1]
gragland/chatgpt-chrome-extension,solihe,0,1,0,0,0,0,0,0,0,0,0,0,0,0,[1]
gragland/chatgpt-chrome-extension,railsloes,1,0,0,0,0,0,0,0,0,0,0,0,0,0,[1]
gragland/chatgpt-chrome-extension,castroalves,1,0,0,0,0,0,0,0,0,0,0,0,0,0,[1]
gragland/chatgpt-chrome-extension,eriknomitch,1,0,0,0,0,0,0,0,0,0,0,0,0,0,[1]
gragland/chatgpt-chrome-extension,gauravssnl,1,0,0,0,0,0,0,0,0,0,0,0,0,0,[1]
gragland/chatgpt-chrome-extension,iCodeIN,0,1,0,0,0,0,0,0,0,0,0,0,0,0,[1]
gragland/chatgpt-chrome-extension,craigomatic,1,0,0,0,0,0,0,0,0,0,0,0,0,0,[1]
gragland/chatgpt-chrome-extension,srconard,1,0,0,0,0,0,0,0,0,0,0,0,0,0,[1]
gragland/chatgpt-chrome-extension,cauliyang,1,0,0,0,0,0,0,0,0,0,0,0,0,0,[1]
gragland/chatgpt-chrome-extension,coreylista,1,0,0,0,0,0,0,0,0,0,0,0,0,0,[1]
gragland/chatgpt-chrome-extension,bronifty,1,0,0,0,0,0,0,0,0,0,0,0,0,0,[1]
gragland/chatgpt-chrome-extension,trickstersec,1,0,0,0,0,0,0,0,0,0,0,0,0,0,[1]
gragland/chatgpt-chrome-extension,nullnotfound,1,0,0,0,0,0,0,0,0,0,0,0,0,0,[1]
gragland/chatgpt-chrome-extension,4bh1nav,1,0,0,0,0,0,0,0,0,0,0,0,0,0,[1]
gragland/chatgpt-chrome-extension,iam-Shashank,1,0,0,0,0,0,0,0,0,0,0,0,0,0,[1]
gragland/chatgpt-chrome-extension,fogrew,1,0,0,0,0,0,0,0,0,0,0,0,0,0,[1]
gragland/chatgpt-chrome-extension,thanhtoan1196,1,0,0,0,0,0,0,0,0,0,0,0,0,0,[1]
gragland/chatgpt-chrome-extension,myywlc,1,0,0,0,0,0,0,0,0,0,0,0,0,0,[1]
gragland/chatgpt-chrome-extension,osheitchang,0,1,0,0,0,0,0,0,0,0,0,0,0,0,[1]
gragland/chatgpt-chrome-extension,lifesign,1,0,0,0,0,0,0,0,0,0,0,0,0,0,[1]
gragland/chatgpt-chrome-extension,guumaster,1,0,0,0,0,0,0,0,0,0,0,0,0,0,[1]
gragland/chatgpt-chrome-extension,JonathanLehner,1,0,0,0,0,0,0,0,0,0,0,0,0,0,[1]
gragland/chatgpt-chrome-extension,richardjzhang,1,0,0,0,0,0,0,0,0,0,0,0,0,0,[1]
gragland/chatgpt-chrome-extension,tdmalone,1,0,0,0,0,0,0,0,0,0,0,0,0,0,[1]
gragland/chatgpt-chrome-extension,SuperPung,1,0,0,0,0,0,0,0,0,0,0,0,0,0,[1]
gragland/chatgpt-chrome-extension,AffAffa,1,0,0,0,0,0,0,0,0,0,0,0,0,0,[1]
gragland/chatgpt-chrome-extension,plamengj,1,0,0,0,0,0,0,0,0,0,0,0,0,0,[1]
gragland/chatgpt-chrome-extension,alwafyy,1,0,0,0,0,0,0,0,0,0,0,0,0,0,[1]
gragland/chatgpt-chrome-extension,TheBoatyMcBoatFace,1,0,0,0,0,0,0,0,0,0,0,0,0,0,[1]
gragland/chatgpt-chrome-extension,MichaelVessia,1,0,0,0,0,0,0,0,0,0,0,0,0,0,[1]
gragland/chatgpt-chrome-extension,WUXIN-92,1,0,0,0,0,0,0,0,0,0,0,0,0,0,[1]
gragland/chatgpt-chrome-extension,TenviLi,1,0,0,0,0,0,0,0,0,0,0,0,0,0,[1]
gragland/chatgpt-chrome-extension,jsyanyang,1,0,0,0,0,0,0,0,0,0,0,0,0,0,[1]
gragland/chatgpt-chrome-extension,wernecke,1,0,0,0,0,0,0,0,0,0,0,0,0,0,[1]
gragland/chatgpt-chrome-extension,waoywssy,1,0,0,0,0,0,0,0,0,0,0,0,0,0,[1]
gragland/chatgpt-chrome-extension,choirudin2210,1,0,0,0,0,0,0,0,0,0,0,0,0,0,[1]
gragland/chatgpt-chrome-extension,dataplay-cl,1,0,0,0,0,0,0,0,0,0,0,0,0,0,[1]
gragland/chatgpt-chrome-extension,jots,1,0,0,0,0,0,0,0,0,0,0,0,0,0,[1]
gragland/chatgpt-chrome-extension,Trojaner,1,0,0,0,0,0,0,0,0,0,0,0,0,0,[1]
gragland/chatgpt-chrome-extension,WilsomLi,1,0,0,0,0,0,0,0,0,0,0,0,0,0,[1]
gragland/chatgpt-chrome-extension,weekdawn,1,0,0,0,0,0,0,0,0,0,0,0,0,0,[1]
gragland/chatgpt-chrome-extension,BeiXiao,1,0,0,0,0,0,0,0,0,0,0,0,0,0,[1]
gragland/chatgpt-chrome-extension,paranoid521,1,0,0,0,0,0,0,0,0,0,0,0,0,0,[1]
gragland/chatgpt-chrome-extension,ChevyShan,1,0,0,0,0,0,0,0,0,0,0,0,0,0,[1]
gragland/chatgpt-chrome-extension,laboss2020,1,0,0,0,0,0,0,0,0,0,0,0,0,0,[1]
gragland/chatgpt-chrome-extension,liangdabiao,1,0,0,0,0,0,0,0,0,0,0,0,0,0,[1]
gragland/chatgpt-chrome-extension,ikakey,1,0,0,0,0,0,0,0,0,0,0,0,0,0,[1]
gragland/chatgpt-chrome-extension,yareyaredesuyo,1,0,0,0,0,0,0,0,0,0,0,0,0,0,[1]
gragland/chatgpt-chrome-extension,clssl,1,0,0,0,0,0,0,0,0,0,0,0,0,0,[1]
gragland/chatgpt-chrome-extension,passerer,0,1,0,0,0,0,0,0,0,0,0,0,0,0,[1]
gragland/chatgpt-chrome-extension,Nolkee,1,0,0,0,0,0,0,0,0,0,0,0,0,0,[1]
gragland/chatgpt-chrome-extension,alexbobes,1,1,0,0,0,0,0,0,0,0,0,0,0,0,[2]
gragland/chatgpt-chrome-extension,tchigher,1,0,0,0,0,0,0,0,0,0,0,0,0,0,[1]
gragland/chatgpt-chrome-extension,baldGenius,1,0,0,0,0,0,0,0,0,0,0,0,0,0,[1]
gragland/chatgpt-chrome-extension,MannyKayy,1,1,0,0,0,0,0,0,0,0,0,0,0,0,[2]
gragland/chatgpt-chrome-extension,manniru,1,0,0,0,0,0,0,0,0,0,0,0,0,0,[1]
gragland/chatgpt-chrome-extension,prem1708,0,1,0,0,0,0,0,0,0,0,0,0,0,0,[1]
gragland/chatgpt-chrome-extension,pablovela5620,1,0,0,0,0,0,0,0,0,0,0,0,0,0,[1]
gragland/chatgpt-chrome-extension,CowEggs,1,0,0,0,0,0,0,0,0,0,0,0,0,0,[1]
gragland/chatgpt-chrome-extension,Jassvine,1,0,0,0,0,0,0,0,0,0,0,0,0,0,[1]
gragland/chatgpt-chrome-extension,HopeLightning,1,0,0,0,0,0,0,0,0,0,0,0,0,0,[1]
gragland/chatgpt-chrome-extension,KennyD998,1,0,0,0,0,0,0,0,0,0,0,0,0,0,[1]
gragland/chatgpt-chrome-extension,sekju,1,0,0,0,0,0,0,0,0,0,0,0,0,0,[1]
gragland/chatgpt-chrome-extension,hallowei,1,0,0,0,0,0,0,0,0,0,0,0,0,0,[1]
gragland/chatgpt-chrome-extension,stayrar3,1,0,0,0,0,0,0,0,0,0,0,0,0,0,[1]
gragland/chatgpt-chrome-extension,m010ch,1,0,0,0,0,0,0,0,0,0,0,0,0,0,[1]
gragland/chatgpt-chrome-extension,MystFeng,1,0,0,0,0,0,0,0,0,0,0,0,0,0,[1]
gragland/chatgpt-chrome-extension,xiexingen,1,0,0,0,0,0,0,0,0,0,0,0,0,0,[1]
gragland/chatgpt-chrome-extension,Qiamast,1,0,0,0,0,0,0,0,0,0,0,0,0,0,[1]
gragland/chatgpt-chrome-extension,Francommit,1,0,0,0,0,0,0,0,0,0,0,0,0,0,[1]
gragland/chatgpt-chrome-extension,rdlang,1,0,0,0,0,0,0,0,0,0,0,0,0,0,[1]
gragland/chatgpt-chrome-extension,hokuhouhi,1,0,0,0,0,0,0,0,0,0,0,0,0,0,[1]
gragland/chatgpt-chrome-extension,ThanosTag,1,0,0,0,0,0,0,0,0,0,0,0,0,0,[1]
gragland/chatgpt-chrome-extension,Genng,1,0,0,0,0,0,0,0,0,0,0,0,0,0,[1]
gragland/chatgpt-chrome-extension,hub33k,1,0,0,0,0,0,0,0,0,0,0,0,0,0,[1]
gragland/chatgpt-chrome-extension,Datcctvguy,1,0,0,0,0,0,0,0,0,0,0,0,0,0,[1]
gragland/chatgpt-chrome-extension,TiMMRDesigns,1,0,0,0,0,0,0,0,0,0,0,0,0,0,[1]
gragland/chatgpt-chrome-extension,ffrmns,1,0,0,0,0,0,0,0,0,0,0,0,0,0,[1]
gragland/chatgpt-chrome-extension,usmanakram232,1,0,0,0,0,0,0,0,0,0,0,0,0,0,[1]
gragland/chatgpt-chrome-extension,RockySteveJobs,1,0,0,0,0,0,0,0,0,0,0,0,0,0,[1]
gragland/chatgpt-chrome-extension,mikeon,1,0,0,0,0,0,0,0,0,0,0,0,0,0,[1]
gragland/chatgpt-chrome-extension,jojje9,1,0,0,0,0,0,0,0,0,0,0,0,0,0,[1]
gragland/chatgpt-chrome-extension,Robertx999,1,0,0,0,0,0,0,0,0,0,0,0,0,0,[1]
gragland/chatgpt-chrome-extension,j-hernandez,1,0,0,0,0,0,0,0,0,0,0,0,0,0,[1]
gragland/chatgpt-chrome-extension,StarbirdTech,1,0,0,0,0,0,0,0,0,0,0,0,0,0,[1]
gragland/chatgpt-chrome-extension,diegoasua,1,0,0,0,0,0,0,0,0,0,0,0,0,0,[1]
gragland/chatgpt-chrome-extension,zinuznet,1,0,0,0,0,0,0,0,0,0,0,0,0,0,[1]
gragland/chatgpt-chrome-extension,Alex-Xie,1,0,0,0,0,0,0,0,0,0,0,0,0,0,[1]
gragland/chatgpt-chrome-extension,Evaysp,1,0,0,0,0,0,0,0,0,0,0,0,0,0,[1]
gragland/chatgpt-chrome-extension,aalviani,0,1,0,0,0,0,0,0,0,0,0,0,0,0,[1]
gragland/chatgpt-chrome-extension,alexsastrowij11,1,0,0,0,0,0,0,0,0,0,0,0,0,0,[1]
gragland/chatgpt-chrome-extension,entrptaher,1,0,0,0,0,0,0,0,0,0,0,0,0,0,[1]
gragland/chatgpt-chrome-extension,0FFIT,1,0,0,0,0,0,0,0,0,0,0,0,0,0,[1]
gragland/chatgpt-chrome-extension,KrystianGraba,1,0,0,0,0,0,0,0,0,0,0,0,0,0,[1]
gragland/chatgpt-chrome-extension,BoranStudio,1,0,0,0,0,0,0,0,0,0,0,0,0,0,[1]
gragland/chatgpt-chrome-extension,Samuell1,1,0,0,0,0,0,0,0,0,0,0,0,0,0,[1]
gragland/chatgpt-chrome-extension,feizhailansile,1,0,0,0,0,0,0,0,0,0,0,0,0,0,[1]
gragland/chatgpt-chrome-extension,mitch-parker,1,0,0,0,0,0,0,0,0,0,0,0,0,0,[1]
gragland/chatgpt-chrome-extension,ffbum,1,0,0,0,0,0,0,0,0,0,0,0,0,0,[1]
gragland/chatgpt-chrome-extension,yaoxinbin,1,0,0,0,0,0,0,0,0,0,0,0,0,0,[1]
gragland/chatgpt-chrome-extension,sayalaruano,1,0,0,0,0,0,0,0,0,0,0,0,0,0,[1]
gragland/chatgpt-chrome-extension,Fato07,1,0,0,0,0,0,0,0,0,0,0,0,0,0,[1]
gragland/chatgpt-chrome-extension,Chixiaobei,1,0,0,0,0,0,0,0,0,0,0,0,0,0,[1]
gragland/chatgpt-chrome-extension,tunnckoCore,1,0,0,0,0,0,0,0,0,0,0,0,0,0,[1]
gragland/chatgpt-chrome-extension,ast-tools,0,1,0,0,0,0,0,0,0,0,0,0,0,0,[1]
gragland/chatgpt-chrome-extension,UA0216,1,0,0,0,0,0,0,0,0,0,0,0,0,0,[1]
gragland/chatgpt-chrome-extension,yinyonghao,1,0,0,0,0,0,0,0,0,0,0,0,0,0,[1]
gragland/chatgpt-chrome-extension,caipengrui,1,0,0,0,0,0,0,0,0,0,0,0,0,0,[1]
gragland/chatgpt-chrome-extension,henryclw,1,0,0,0,0,0,0,0,0,0,0,0,0,0,[1]
gragland/chatgpt-chrome-extension,rickoslyder,1,0,0,0,0,0,0,0,0,0,0,0,0,0,[1]
gragland/chatgpt-chrome-extension,foolgry,1,0,0,0,0,0,0,0,0,0,0,0,0,0,[1]
gragland/chatgpt-chrome-extension,KnoBuddy,1,0,0,0,0,0,0,0,0,0,0,0,0,0,[1]
gragland/chatgpt-chrome-extension,MC-dusk,1,0,0,0,0,0,0,0,0,0,0,0,0,0,[1]
gragland/chatgpt-chrome-extension,herman925,1,0,0,0,0,0,0,0,0,0,0,0,0,0,[1]
gragland/chatgpt-chrome-extension,xiaoyu2er,1,0,0,0,0,0,0,0,0,0,0,0,0,0,[1]
gragland/chatgpt-chrome-extension,modulexcite,1,0,0,0,0,0,0,0,0,0,0,0,0,0,[1]
gragland/chatgpt-chrome-extension,RahulJyala7,1,0,0,0,0,0,0,0,0,0,0,0,0,0,[1]
gragland/chatgpt-chrome-extension,Jason-Chen-2017,1,0,0,0,0,0,0,0,0,0,0,0,0,0,[1]
gragland/chatgpt-chrome-extension,to-be-architect,0,1,0,0,0,0,0,0,0,0,0,0,0,0,[1]
gragland/chatgpt-chrome-extension,tetsugps,1,0,0,0,0,0,0,0,0,0,0,0,0,0,[1]
gragland/chatgpt-chrome-extension,shiftbank,1,0,0,0,0,0,0,0,0,0,0,0,0,0,[1]
gragland/chatgpt-chrome-extension,gaetanBloch,1,0,0,0,0,0,0,0,0,0,0,0,0,0,[1]
gragland/chatgpt-chrome-extension,Sandalots,1,0,0,0,0,0,0,0,0,0,0,0,0,0,[1]
gragland/chatgpt-chrome-extension,gruberdev,1,0,0,0,0,0,0,0,0,0,0,0,0,0,[1]
gragland/chatgpt-chrome-extension,sqlartist,1,0,0,0,0,0,0,0,0,0,0,0,0,0,[1]
gragland/chatgpt-chrome-extension,geschenkwald,1,0,0,0,0,0,0,0,0,0,0,0,0,0,[1]
gragland/chatgpt-chrome-extension,overra,1,0,0,0,0,0,0,0,0,0,0,0,0,0,[1]
gragland/chatgpt-chrome-extension,novocaine1926,1,0,0,0,0,0,0,0,0,0,0,0,0,0,[1]
gragland/chatgpt-chrome-extension,Eroxl,1,0,0,0,0,0,0,0,0,0,0,0,0,0,[1]
gragland/chatgpt-chrome-extension,voyager,1,0,1,2,0,0,0,0,0,0,0,0,0,0,[4]
gragland/chatgpt-chrome-extension,filpod,1,0,0,0,0,0,0,0,0,0,0,0,0,0,[1]
gragland/chatgpt-chrome-extension,aarnadlr,1,0,0,0,0,0,0,0,0,0,0,0,0,0,[1]
gragland/chatgpt-chrome-extension,getnet516,1,0,0,0,0,0,0,0,0,0,0,0,0,0,[1]
gragland/chatgpt-chrome-extension,QueenKunkun,1,0,0,0,0,0,0,0,0,0,0,0,0,0,[1]
gragland/chatgpt-chrome-extension,fly51fly,1,0,0,0,0,0,0,0,0,0,0,0,0,0,[1]
gragland/chatgpt-chrome-extension,Guaishou74851,1,0,0,0,0,0,0,0,0,0,0,0,0,0,[1]
gragland/chatgpt-chrome-extension,stevenkeezer,1,0,0,0,0,0,0,0,0,0,0,0,0,0,[1]
gragland/chatgpt-chrome-extension,jxsd1234a,1,0,0,0,0,0,0,0,0,0,0,0,0,0,[1]
gragland/chatgpt-chrome-extension,benqyy936,0,1,0,0,0,0,0,0,0,0,0,0,0,0,[1]
gragland/chatgpt-chrome-extension,LaneDu,1,0,0,0,0,0,0,0,0,0,0,0,0,0,[1]
gragland/chatgpt-chrome-extension,Heed725,1,0,0,0,0,0,0,0,0,0,0,0,0,0,[1]
gragland/chatgpt-chrome-extension,BlocksecPHD,1,0,0,0,0,0,0,0,0,0,0,0,0,0,[1]
gragland/chatgpt-chrome-extension,adcwa,1,0,0,0,0,0,0,0,0,0,0,0,0,0,[1]
gragland/chatgpt-chrome-extension,calvinxxw,1,0,0,0,0,0,0,0,0,0,0,0,0,0,[1]
gragland/chatgpt-chrome-extension,llegomark,1,0,0,0,0,0,0,0,0,0,0,0,0,0,[1]
gragland/chatgpt-chrome-extension,drkillinger,1,0,0,0,0,0,0,0,0,0,0,0,0,0,[1]
gragland/chatgpt-chrome-extension,AI-Bod,1,0,0,0,0,0,0,0,0,0,0,0,0,0,[1]
gragland/chatgpt-chrome-extension,Sirros,1,0,0,0,0,0,0,0,0,0,0,0,0,0,[1]
gragland/chatgpt-chrome-extension,acrackedpolystyreneman,1,0,0,0,0,0,0,0,0,0,0,0,0,0,[1]
gragland/chatgpt-chrome-extension,ul,1,0,0,0,0,0,0,0,0,0,0,0,0,0,[1]
gragland/chatgpt-chrome-extension,zhouxiangfeng,1,1,0,0,0,0,0,0,0,0,0,0,0,0,[2]
gragland/chatgpt-chrome-extension,Luciushy,1,0,0,0,0,0,0,0,0,0,0,0,0,0,[1]
gragland/chatgpt-chrome-extension,mofanx,1,0,0,0,0,0,0,0,0,0,0,0,0,0,[1]
gragland/chatgpt-chrome-extension,GrzesiekDe,1,0,0,0,0,0,0,0,0,0,0,0,0,0,[1]
gragland/chatgpt-chrome-extension,alreadydone,1,0,0,0,0,0,0,0,0,0,0,0,0,0,[1]
gragland/chatgpt-chrome-extension,yousefebrahimi0,1,0,0,0,0,0,0,0,0,0,0,0,0,0,[1]
gragland/chatgpt-chrome-extension,yangshijing,1,0,0,0,0,0,0,0,0,0,0,0,0,0,[1]
gragland/chatgpt-chrome-extension,DavidWang527,0,1,0,0,0,0,0,0,0,0,0,0,0,0,[1]
gragland/chatgpt-chrome-extension,migellal,1,0,0,0,0,0,0,0,0,0,0,0,0,0,[1]
gragland/chatgpt-chrome-extension,seems20,1,0,0,0,0,0,0,0,0,0,0,0,0,0,[1]
gragland/chatgpt-chrome-extension,andrebox,1,0,0,0,0,0,0,0,0,0,0,0,0,0,[1]
gragland/chatgpt-chrome-extension,itsbrex,1,0,0,0,0,0,0,0,0,0,0,0,0,0,[1]
gragland/chatgpt-chrome-extension,foxtrotdev,1,0,0,0,0,0,0,0,0,0,0,0,0,0,[1]
gragland/chatgpt-chrome-extension,piotrantosz,1,0,0,0,0,0,0,0,0,0,0,0,0,0,[1]
gragland/chatgpt-chrome-extension,YuryFilipovich,1,0,0,0,0,0,0,0,0,0,0,0,0,0,[1]
gragland/chatgpt-chrome-extension,dsfb,1,0,0,0,0,0,0,0,0,0,0,0,0,0,[1]
gragland/chatgpt-chrome-extension,flyfire,1,0,0,0,0,0,0,0,0,0,0,0,0,0,[1]
gragland/chatgpt-chrome-extension,fengyunzaidushi,1,0,0,0,0,0,0,0,0,0,0,0,0,0,[1]
gragland/chatgpt-chrome-extension,peter123123312,1,0,0,0,0,0,0,0,0,0,0,0,0,0,[1]
gragland/chatgpt-chrome-extension,jora535,1,0,0,0,0,0,0,0,0,0,0,0,0,0,[1]
gragland/chatgpt-chrome-extension,Moosya,1,0,0,0,0,0,0,0,0,0,0,0,0,0,[1]
gragland/chatgpt-chrome-extension,godloveu,0,1,0,0,0,0,0,0,0,0,0,0,0,0,[1]
gragland/chatgpt-chrome-extension,mirsella,1,0,0,0,0,0,0,0,0,0,0,0,0,0,[1]
gragland/chatgpt-chrome-extension,Navirl,1,0,0,0,0,0,0,0,0,0,0,0,0,0,[1]
gragland/chatgpt-chrome-extension,WatheqAlshowaiter,1,0,0,0,0,0,0,0,0,0,0,0,0,0,[1]
gragland/chatgpt-chrome-extension,zqzess,1,0,0,0,0,0,0,0,0,0,0,0,0,0,[1]
gragland/chatgpt-chrome-extension,gd139,0,1,0,0,0,0,0,0,0,0,0,0,0,0,[1]
gragland/chatgpt-chrome-extension,Anonymous1231-dev,1,0,0,0,0,0,0,0,0,0,0,0,0,0,[1]
gragland/chatgpt-chrome-extension,Peh-Shin,1,0,0,0,0,0,0,0,0,0,0,0,0,0,[1]
gragland/chatgpt-chrome-extension,ahmadfikrimasyhur,1,0,0,0,0,0,0,0,0,0,0,0,0,0,[1]
gragland/chatgpt-chrome-extension,dorjko,1,0,0,0,0,0,0,0,0,0,0,0,0,0,[1]
gragland/chatgpt-chrome-extension,deadcoder0904,1,0,0,1,0,0,0,0,0,0,0,0,0,0,[2]
gragland/chatgpt-chrome-extension,starbovo,1,0,0,0,0,0,0,0,0,0,0,0,0,0,[1]
gragland/chatgpt-chrome-extension,tadev,1,0,0,0,0,0,0,0,0,0,0,0,0,0,[1]
gragland/chatgpt-chrome-extension,jim-fung,1,0,0,0,0,0,0,0,0,0,0,0,0,0,[1]
gragland/chatgpt-chrome-extension,mahmoudmx,1,0,0,0,0,0,0,0,0,0,0,0,0,0,[1]
gragland/chatgpt-chrome-extension,vvmahesh0,1,0,0,0,0,0,0,0,0,0,0,0,0,0,[1]
gragland/chatgpt-chrome-extension,gitsamhub,1,0,0,0,0,0,0,0,0,0,0,0,0,0,[1]
gragland/chatgpt-chrome-extension,Zeij,1,0,0,0,0,0,0,0,0,0,0,0,0,0,[1]
gragland/chatgpt-chrome-extension,yejiahaoye,1,0,0,0,0,0,0,0,0,0,0,0,0,0,[1]
gragland/chatgpt-chrome-extension,AnsonHwang86,1,0,0,0,0,0,0,0,0,0,0,0,0,0,[1]
gragland/chatgpt-chrome-extension,raftejo,1,0,0,0,0,0,0,0,0,0,0,0,0,0,[1]
gragland/chatgpt-chrome-extension,YunhuaL,0,1,0,0,0,0,0,0,0,0,0,0,0,0,[1]
gragland/chatgpt-chrome-extension,ishara084,0,1,0,0,0,0,0,0,0,0,0,0,0,0,[1]
gragland/chatgpt-chrome-extension,viper-00,0,1,0,0,0,0,0,0,0,0,0,0,0,0,[1]
gragland/chatgpt-chrome-extension,AssassinK786,1,0,0,0,0,0,0,0,0,0,0,0,0,0,[1]
gragland/chatgpt-chrome-extension,venom7aries,1,0,0,0,0,0,0,0,0,0,0,0,0,0,[1]
gragland/chatgpt-chrome-extension,saccohuo,1,0,0,0,0,0,0,0,0,0,0,0,0,0,[1]
gragland/chatgpt-chrome-extension,BitMap4,1,0,0,0,0,0,0,0,0,0,0,0,0,0,[1]
gragland/chatgpt-chrome-extension,swanserquack,1,0,0,0,0,0,0,0,0,0,0,0,0,0,[1]
gragland/chatgpt-chrome-extension,MohamedElashri,1,0,0,0,0,0,0,0,0,0,0,0,0,0,[1]
gragland/chatgpt-chrome-extension,VictorJermiin,1,0,0,0,0,0,0,0,0,0,0,0,0,0,[1]
gragland/chatgpt-chrome-extension,Los-had,1,0,0,0,0,0,0,0,0,0,0,0,0,0,[1]
gragland/chatgpt-chrome-extension,Matozz,1,0,0,0,0,0,0,0,0,0,0,0,0,0,[1]
gragland/chatgpt-chrome-extension,qinhongwei,1,0,0,0,0,0,0,0,0,0,0,0,0,0,[1]
gragland/chatgpt-chrome-extension,junstudys,1,0,0,0,0,0,0,0,0,0,0,0,0,0,[1]
gragland/chatgpt-chrome-extension,BonfimLucas,1,0,0,0,0,0,0,0,0,0,0,0,0,0,[1]
gragland/chatgpt-chrome-extension,ThiagoLins779,1,0,0,0,0,0,0,0,0,0,0,0,0,0,[1]
gragland/chatgpt-chrome-extension,Kitatine,1,0,0,0,0,0,0,0,0,0,0,0,0,0,[1]
gragland/chatgpt-chrome-extension,createcoder,1,0,0,0,0,0,0,0,0,0,0,0,0,0,[1]
gragland/chatgpt-chrome-extension,jenyzzn,1,0,0,0,0,0,0,0,0,0,0,0,0,0,[1]
gragland/chatgpt-chrome-extension,Crossbow013,0,1,0,0,0,0,0,0,0,0,0,0,0,0,[1]
gragland/chatgpt-chrome-extension,anthonyy41,1,0,0,0,0,0,0,0,0,0,0,0,0,0,[1]
gragland/chatgpt-chrome-extension,athebigbot,1,0,0,0,0,0,0,0,0,0,0,0,0,0,[1]
gragland/chatgpt-chrome-extension,Fifie38,1,0,0,0,0,0,0,0,0,0,0,0,0,0,[1]
gragland/chatgpt-chrome-extension,edl2,1,0,0,0,0,0,0,0,0,0,0,0,0,0,[1]
gragland/chatgpt-chrome-extension,StrumykTomira,1,0,0,0,0,0,0,0,0,0,0,0,0,0,[1]
gragland/chatgpt-chrome-extension,tvudev,1,0,0,0,0,0,0,0,0,0,0,0,0,0,[1]
gragland/chatgpt-chrome-extension,alikonuk1,1,0,0,0,0,0,0,0,0,0,0,0,0,0,[1]
gragland/chatgpt-chrome-extension,dneethling,1,0,0,0,0,0,0,0,0,0,0,0,0,0,[1]
gragland/chatgpt-chrome-extension,samueljaja00,1,0,0,0,0,0,0,0,0,0,0,0,0,0,[1]
gragland/chatgpt-chrome-extension,tylerbishopdev,1,0,0,0,0,0,0,0,0,0,0,0,0,0,[1]
gragland/chatgpt-chrome-extension,SamuuX,1,0,0,0,0,0,0,0,0,0,0,0,0,0,[1]
gragland/chatgpt-chrome-extension,Raphaeleo,1,0,0,0,0,0,0,0,0,0,0,0,0,0,[1]
gragland/chatgpt-chrome-extension,dnazer,1,0,0,0,0,0,0,0,0,0,0,0,0,0,[1]
gragland/chatgpt-chrome-extension,wshao12,1,0,0,0,0,0,0,0,0,0,0,0,0,0,[1]
gragland/chatgpt-chrome-extension,gateak,1,0,0,0,0,0,0,0,0,0,0,0,0,0,[1]
gragland/chatgpt-chrome-extension,MWorld2021,1,0,0,1,0,0,0,0,0,0,0,0,0,0,[2]
gragland/chatgpt-chrome-extension,alphapenng,1,0,0,0,0,0,0,0,0,0,0,0,0,0,[1]
gragland/chatgpt-chrome-extension,naveenjohnsonv,1,0,0,0,0,0,0,0,0,0,0,0,0,0,[1]
gragland/chatgpt-chrome-extension,Crazyokd,1,0,0,0,0,0,0,0,0,0,0,0,0,0,[1]
gragland/chatgpt-chrome-extension,onononji,1,0,0,0,0,0,0,0,0,0,0,0,0,0,[1]
gragland/chatgpt-chrome-extension,IronnMan,1,0,0,0,0,0,0,0,0,0,0,0,0,0,[1]
gragland/chatgpt-chrome-extension,YiChenCityU,1,0,0,0,0,0,0,0,0,0,0,0,0,0,[1]
gragland/chatgpt-chrome-extension,laqu09-0910,0,1,0,0,0,0,0,0,0,0,0,0,0,0,[1]
gragland/chatgpt-chrome-extension,liicos,1,0,0,0,0,0,0,0,0,0,0,0,0,0,[1]
gragland/chatgpt-chrome-extension,gebilaoji,1,0,0,0,0,0,0,0,0,0,0,0,0,0,[1]
gragland/chatgpt-chrome-extension,zhoudongyan,1,0,0,0,0,0,0,0,0,0,0,0,0,0,[1]
gragland/chatgpt-chrome-extension,sudardydaddy,1,0,0,0,0,0,0,0,0,0,0,0,0,0,[1]
gragland/chatgpt-chrome-extension,guestengineer,1,0,0,0,0,0,0,0,0,0,0,0,0,0,[1]
gragland/chatgpt-chrome-extension,rhl22,1,0,0,0,0,0,0,0,0,0,0,0,0,0,[1]
gragland/chatgpt-chrome-extension,yaman,1,0,0,0,0,0,0,0,0,0,0,0,0,0,[1]
gragland/chatgpt-chrome-extension,zhangyuqian1,1,1,0,0,0,0,0,0,0,0,0,0,0,0,[2]
