bacen/pilotord-kit-onboarding,fernandobsb,1,0,0,0,0,0,0,0,0,0,0,0,0,0,[1]
bacen/pilotord-kit-onboarding,thiagodeev,1,0,0,0,0,0,0,0,0,0,0,0,0,0,[1]
bacen/pilotord-kit-onboarding,cavazinf,1,0,0,0,0,0,0,0,0,0,0,0,0,0,[1]
bacen/pilotord-kit-onboarding,theique,0,0,1,2,0,0,0,0,0,0,0,0,0,0,[3]
bacen/pilotord-kit-onboarding,bacen,0,0,0,0,0,0,0,0,0,0,0,1,0,0,[1]
bacen/pilotord-kit-onboarding,falico,1,0,0,0,0,0,0,0,0,0,0,0,0,0,[1]
bacen/pilotord-kit-onboarding,tnkerer,1,0,0,0,0,0,0,0,0,0,0,0,0,0,[1]
bacen/pilotord-kit-onboarding,0xfbravo,1,0,0,0,0,0,0,0,0,0,0,0,0,0,[1]
bacen/pilotord-kit-onboarding,RoCremer,0,1,0,0,0,0,0,0,0,0,0,0,0,0,[1]
bacen/pilotord-kit-onboarding,julianokimura,1,0,0,0,0,0,0,0,0,0,0,0,0,0,[1]
bacen/pilotord-kit-onboarding,ricore77,2,0,0,0,0,0,0,0,0,0,0,0,0,0,[2]
bacen/pilotord-kit-onboarding,Robsonsjre,1,0,0,1,0,0,0,0,0,0,0,0,0,0,[2]
bacen/pilotord-kit-onboarding,rsantacroce,1,0,0,0,0,0,0,0,0,0,0,0,0,0,[1]
bacen/pilotord-kit-onboarding,pablolteixeira,1,0,0,0,0,0,0,0,0,0,0,0,0,0,[1]
bacen/pilotord-kit-onboarding,ruandrade,1,1,0,0,0,0,0,0,0,0,0,0,0,0,[2]
bacen/pilotord-kit-onboarding,ShalomEmpire,0,1,0,0,0,0,0,0,0,0,0,0,0,0,[1]
bacen/pilotord-kit-onboarding,EliasSantiago,1,0,0,0,0,0,0,0,0,0,0,0,0,0,[1]
bacen/pilotord-kit-onboarding,samuelvenzi,1,0,0,0,0,0,0,0,0,0,0,0,0,0,[1]
bacen/pilotord-kit-onboarding,estige,1,0,0,0,0,0,0,0,0,0,0,0,0,0,[1]
bacen/pilotord-kit-onboarding,itxtoledo,1,0,2,0,0,0,0,0,0,0,0,0,0,0,[3]
bacen/pilotord-kit-onboarding,andreracz,1,0,0,0,0,0,0,0,0,0,0,0,0,0,[1]
bacen/pilotord-kit-onboarding,coinsambacom,0,1,0,0,0,0,0,0,0,0,0,0,0,0,[1]
bacen/pilotord-kit-onboarding,abensur,1,0,0,0,0,0,0,0,0,0,0,0,0,0,[1]
bacen/pilotord-kit-onboarding,romeucampos,1,0,0,0,0,0,0,0,0,0,0,0,0,0,[1]
bacen/pilotord-kit-onboarding,kevinsantana,1,0,0,0,0,0,0,0,0,0,0,0,0,0,[1]
bacen/pilotord-kit-onboarding,seilorjunior,0,1,0,0,0,0,0,0,0,0,0,0,0,0,[1]
bacen/pilotord-kit-onboarding,jeftarmascarenhas,1,2,0,0,0,1,0,0,0,0,0,0,0,0,[4]
bacen/pilotord-kit-onboarding,falehenrique,1,0,0,0,0,0,0,0,0,0,0,0,0,0,[1]
bacen/pilotord-kit-onboarding,marco-jardim,1,0,0,0,0,0,0,0,0,0,0,0,0,0,[1]
bacen/pilotord-kit-onboarding,aldenio-bcb,0,0,1,2,3,0,0,0,0,0,1,0,0,0,[7]
bacen/pilotord-kit-onboarding,flpmarcos,1,1,0,0,0,0,0,0,0,0,0,0,0,0,[2]
bacen/pilotord-kit-onboarding,bbchain-blockchain,0,1,0,0,0,0,0,0,0,0,0,0,0,0,[1]
bacen/pilotord-kit-onboarding,allefsousa,1,0,0,0,0,0,0,0,0,0,0,0,0,0,[1]
bacen/pilotord-kit-onboarding,22388o,1,1,0,0,0,0,0,0,0,0,0,0,0,0,[2]
bacen/pilotord-kit-onboarding,gooddavvy,1,0,0,0,0,0,0,0,0,0,0,0,0,0,[1]
bacen/pilotord-kit-onboarding,pherseu,1,0,0,0,0,0,0,0,0,0,0,0,0,0,[1]
bacen/pilotord-kit-onboarding,firebitsbr,1,0,0,0,0,0,0,0,0,0,0,0,0,0,[1]
bacen/pilotord-kit-onboarding,baraldor,1,0,0,0,0,0,0,0,0,0,0,0,0,0,[1]
bacen/pilotord-kit-onboarding,richizo,1,0,0,0,0,0,0,0,0,0,0,0,0,0,[1]
bacen/pilotord-kit-onboarding,marqueserick,1,0,0,0,0,0,0,0,0,0,0,0,0,0,[1]
bacen/pilotord-kit-onboarding,vfalcao,1,1,0,0,0,0,0,0,0,0,0,0,0,0,[2]
bacen/pilotord-kit-onboarding,pineli,1,0,0,0,0,0,0,0,0,0,0,0,0,0,[1]
bacen/pilotord-kit-onboarding,giancarlopro,1,1,0,0,0,0,0,0,0,0,0,0,0,0,[2]
bacen/pilotord-kit-onboarding,rodrigodma,1,0,0,0,0,0,0,0,0,0,0,0,0,0,[1]
bacen/pilotord-kit-onboarding,spudgy,1,0,0,0,0,0,0,0,0,0,0,0,0,0,[1]
bacen/pilotord-kit-onboarding,fgmarcal,1,0,0,0,0,0,0,0,0,0,0,0,0,0,[1]
bacen/pilotord-kit-onboarding,gmh5225,0,1,0,0,0,0,0,0,0,0,0,0,0,0,[1]
bacen/pilotord-kit-onboarding,leonardobiffi,1,0,0,0,0,0,0,0,0,0,0,0,0,0,[1]
bacen/pilotord-kit-onboarding,akio-lucas,1,0,0,0,0,0,0,0,0,0,0,0,0,0,[1]
bacen/pilotord-kit-onboarding,Arthurgallina1,1,0,0,0,0,0,0,0,0,0,0,0,0,0,[1]
bacen/pilotord-kit-onboarding,dizzyaxis,0,1,0,0,0,0,0,0,0,0,0,0,0,0,[1]
bacen/pilotord-kit-onboarding,dbzanette,0,0,0,0,2,0,0,0,0,0,0,0,0,0,[2]
bacen/pilotord-kit-onboarding,rrcosta,1,1,0,0,0,0,0,0,0,0,0,0,0,0,[2]
bacen/pilotord-kit-onboarding,BrunooMoniz,0,1,0,0,0,0,0,0,0,0,0,0,0,0,[1]
bacen/pilotord-kit-onboarding,ggviana,0,1,0,0,0,0,0,0,0,0,0,0,0,0,[1]
bacen/pilotord-kit-onboarding,jairoccjunior,0,1,0,0,0,0,0,0,0,0,0,0,0,0,[1]
bacen/pilotord-kit-onboarding,cristianopolicarpo,0,0,1,0,0,0,0,0,0,0,0,0,0,0,[1]
bacen/pilotord-kit-onboarding,moniquetrotta,1,0,0,0,0,0,0,0,0,0,0,0,0,0,[1]
bacen/pilotord-kit-onboarding,devlware,1,0,0,0,0,0,0,0,0,0,0,0,0,0,[1]
bacen/pilotord-kit-onboarding,avirzin,1,0,0,0,0,0,0,0,0,0,0,0,0,0,[1]
bacen/pilotord-kit-onboarding,cardozotm,1,0,0,0,0,0,0,0,0,0,0,0,0,0,[1]
bacen/pilotord-kit-onboarding,vhs94,1,0,0,0,0,0,0,0,0,0,0,0,0,0,[1]
bacen/pilotord-kit-onboarding,begrossi,1,0,0,1,0,0,0,0,0,0,0,0,0,0,[2]
bacen/pilotord-kit-onboarding,mendesfabio,1,0,0,0,0,0,0,0,0,0,0,0,0,0,[1]
bacen/pilotord-kit-onboarding,filipecavinato,1,0,0,0,0,0,0,0,0,0,0,0,0,0,[1]
bacen/pilotord-kit-onboarding,milaniromulo,1,0,0,0,0,0,0,0,0,0,0,0,0,0,[1]
bacen/pilotord-kit-onboarding,Afonsodalvi,0,1,0,0,0,0,0,0,0,0,0,0,0,0,[1]
bacen/pilotord-kit-onboarding,anajuliabit,1,0,0,0,0,0,0,0,0,0,0,0,0,0,[1]
bacen/pilotord-kit-onboarding,ric-ramos79,1,0,0,0,0,0,0,0,0,0,0,0,0,0,[1]
bacen/pilotord-kit-onboarding,gabrieljcs,1,0,0,0,0,0,0,0,0,0,0,0,0,0,[1]
bacen/pilotord-kit-onboarding,waghcwb,0,1,0,0,0,0,0,0,0,0,0,0,0,0,[1]
bacen/pilotord-kit-onboarding,kaueDM,1,0,0,0,0,0,0,0,0,0,0,0,0,0,[1]
bacen/pilotord-kit-onboarding,BIP-Navarro,1,0,1,0,0,0,0,0,0,0,0,0,0,0,[2]
bacen/pilotord-kit-onboarding,rwietter,1,0,0,0,0,0,0,0,0,0,0,0,0,0,[1]
bacen/pilotord-kit-onboarding,Massakera,1,0,0,0,0,0,0,0,0,0,0,0,0,0,[1]
bacen/pilotord-kit-onboarding,Mostela,1,0,0,0,0,0,0,0,0,0,0,0,0,0,[1]
bacen/pilotord-kit-onboarding,SilvaEmerson,1,0,0,0,0,0,0,0,0,0,0,0,0,0,[1]
bacen/pilotord-kit-onboarding,vinibgoulart,1,0,0,0,0,0,0,0,0,0,0,0,0,0,[1]
bacen/pilotord-kit-onboarding,akinncar,1,0,0,0,0,0,0,0,0,0,0,0,0,0,[1]
bacen/pilotord-kit-onboarding,igorconde,1,0,0,0,0,0,0,0,0,0,0,0,0,0,[1]
bacen/pilotord-kit-onboarding,kingjotaro,1,1,0,0,0,0,0,0,0,0,0,0,0,0,[2]
bacen/pilotord-kit-onboarding,tomashugo,1,0,0,0,0,0,0,0,0,0,0,0,0,0,[1]
bacen/pilotord-kit-onboarding,abmj1979,1,0,0,0,0,0,0,0,0,0,0,0,0,0,[1]
bacen/pilotord-kit-onboarding,cacosta88,1,0,0,0,0,0,0,0,0,0,0,0,0,0,[1]
bacen/pilotord-kit-onboarding,jvrmaia,1,0,0,0,0,0,0,0,0,0,0,0,0,0,[1]
bacen/pilotord-kit-onboarding,0x7An,1,0,0,0,0,0,0,0,0,0,0,0,0,0,[1]
bacen/pilotord-kit-onboarding,filipeakafilipe,1,0,0,0,0,0,0,0,0,0,0,0,0,0,[1]
bacen/pilotord-kit-onboarding,nicolasmelo1,1,0,0,0,0,0,0,0,0,0,0,0,0,0,[1]
bacen/pilotord-kit-onboarding,digzom,1,0,0,0,0,0,0,0,0,0,0,0,0,0,[1]
bacen/pilotord-kit-onboarding,oliverbot,1,0,0,0,0,0,0,0,0,0,0,0,0,0,[1]
bacen/pilotord-kit-onboarding,arioston,1,0,0,0,0,0,0,0,0,0,0,0,0,0,[1]
bacen/pilotord-kit-onboarding,cmpsvictor,1,0,0,0,0,0,0,0,0,0,0,0,0,0,[1]
bacen/pilotord-kit-onboarding,guissalustiano,1,0,0,0,0,0,0,0,0,0,0,0,0,0,[1]
bacen/pilotord-kit-onboarding,souzaclarissa,0,0,2,0,0,0,0,0,0,0,0,0,0,0,[2]
bacen/pilotord-kit-onboarding,calmonr,1,0,0,0,0,0,0,0,0,0,0,0,0,0,[1]
bacen/pilotord-kit-onboarding,FernandoRockha,1,0,0,0,0,0,0,0,0,0,0,0,0,0,[1]
bacen/pilotord-kit-onboarding,JeddyCorrea-MZO,1,0,0,0,0,0,0,0,0,0,0,0,0,0,[1]
bacen/pilotord-kit-onboarding,thianog,1,0,0,0,0,0,0,0,0,0,0,0,0,0,[1]
bacen/pilotord-kit-onboarding,pods-finance,0,1,0,0,0,0,0,0,0,0,0,0,0,0,[1]
bacen/pilotord-kit-onboarding,joaonevess,1,0,0,0,0,0,0,0,0,0,0,0,0,0,[1]
bacen/pilotord-kit-onboarding,marlitosdev,1,0,0,0,0,0,0,0,0,0,0,0,0,0,[1]
bacen/pilotord-kit-onboarding,jeffersonsimaogoncalves,1,1,0,0,0,0,0,0,0,0,0,0,0,0,[2]
bacen/pilotord-kit-onboarding,Mikael-R,2,0,0,0,0,0,0,0,0,0,0,0,0,0,[2]
bacen/pilotord-kit-onboarding,gabrielmissio,1,0,0,0,0,0,0,0,0,0,0,0,0,0,[1]
bacen/pilotord-kit-onboarding,nhmatsumoto,0,1,0,0,0,0,0,0,0,0,0,0,0,0,[1]
bacen/pilotord-kit-onboarding,victoronl,0,1,0,0,0,0,0,0,0,0,0,0,0,0,[1]
bacen/pilotord-kit-onboarding,benccalcyxzfi,1,0,0,0,0,0,0,0,0,0,0,0,0,0,[1]
bacen/pilotord-kit-onboarding,carlosduke,1,0,0,0,0,0,0,0,0,0,0,0,0,0,[1]
bacen/pilotord-kit-onboarding,leitaomd,1,0,0,0,0,0,0,0,0,0,0,0,0,0,[1]
bacen/pilotord-kit-onboarding,victorl2,1,0,0,0,0,0,0,0,0,0,0,0,0,0,[1]
bacen/pilotord-kit-onboarding,elourenco,1,0,0,0,0,0,0,0,0,0,0,0,0,0,[1]
bacen/pilotord-kit-onboarding,alexcostars,0,0,0,1,0,0,0,0,0,0,0,0,0,0,[1]
bacen/pilotord-kit-onboarding,yonahrodrigues,1,0,0,0,0,0,0,0,0,0,0,0,0,0,[1]
bacen/pilotord-kit-onboarding,jricardoprog,1,0,0,0,0,0,0,0,0,0,0,0,0,0,[1]
bacen/pilotord-kit-onboarding,sugaith,1,0,0,0,0,0,0,0,0,0,0,0,0,0,[1]
bacen/pilotord-kit-onboarding,yudikubota,1,0,0,0,0,0,0,0,0,0,0,0,0,0,[1]
bacen/pilotord-kit-onboarding,rbmelolima,1,0,0,0,0,0,0,0,0,0,0,0,0,0,[1]
bacen/pilotord-kit-onboarding,ah2020b,0,0,0,1,0,0,0,0,0,0,0,0,0,0,[1]
bacen/pilotord-kit-onboarding,kauly,1,0,0,0,0,0,0,0,0,0,0,0,0,0,[1]
bacen/pilotord-kit-onboarding,canokaue,1,0,0,0,0,0,0,0,0,0,0,0,0,0,[1]
bacen/pilotord-kit-onboarding,fersilva16,1,0,0,0,0,0,0,0,0,0,0,0,0,0,[1]
bacen/pilotord-kit-onboarding,noghartt,1,0,0,0,0,0,0,0,0,0,0,0,0,0,[1]
bacen/pilotord-kit-onboarding,otacrazy2123,1,0,0,0,0,0,0,0,0,0,0,0,0,0,[1]
bacen/pilotord-kit-onboarding,hazelblitz,1,0,0,0,0,0,0,0,0,0,0,0,0,0,[1]
bacen/pilotord-kit-onboarding,heprado,1,0,0,0,0,0,0,0,0,0,0,0,0,0,[1]
bacen/pilotord-kit-onboarding,luanrjjj,1,0,0,0,0,0,0,0,0,0,0,0,0,0,[1]
bacen/pilotord-kit-onboarding,untosalic,0,1,0,0,0,0,0,0,0,0,0,0,0,0,[1]
bacen/pilotord-kit-onboarding,asexmenri,0,1,0,0,0,0,0,0,0,0,0,0,0,0,[1]
bacen/pilotord-kit-onboarding,AliTool089,1,0,0,0,0,0,0,0,0,0,0,0,0,0,[1]
bacen/pilotord-kit-onboarding,ysnbogt,1,0,0,0,0,0,0,0,0,0,0,0,0,0,[1]
bacen/pilotord-kit-onboarding,tupywebteam,1,0,0,0,0,0,0,0,0,0,0,0,0,0,[1]
bacen/pilotord-kit-onboarding,wcalderipe,1,0,0,0,0,0,0,0,0,0,0,0,0,0,[1]
bacen/pilotord-kit-onboarding,7camtiacusko,0,1,0,0,0,0,0,0,0,0,0,0,0,0,[1]
bacen/pilotord-kit-onboarding,juapia,1,1,0,0,0,0,0,0,0,0,0,0,0,0,[2]
bacen/pilotord-kit-onboarding,tadryanom,0,1,0,0,0,0,0,0,0,0,0,0,0,0,[1]
bacen/pilotord-kit-onboarding,appfromape,1,0,0,0,0,0,0,0,0,0,0,0,0,0,[1]
bacen/pilotord-kit-onboarding,conctuoplacno,0,1,0,0,0,0,0,0,0,0,0,0,0,0,[1]
bacen/pilotord-kit-onboarding,neopromic,1,0,0,0,0,0,0,0,0,0,0,0,0,0,[1]
bacen/pilotord-kit-onboarding,thalyswolf,1,0,0,0,0,0,0,0,0,0,0,0,0,0,[1]
bacen/pilotord-kit-onboarding,JrSchmidtt,1,0,0,0,0,0,0,0,0,0,0,0,0,0,[1]
bacen/pilotord-kit-onboarding,bakudas,1,0,0,0,0,0,0,0,0,0,0,0,0,0,[1]
bacen/pilotord-kit-onboarding,mecsys,1,0,0,0,0,0,0,0,0,0,0,0,0,0,[1]
bacen/pilotord-kit-onboarding,chondduoWsiudzu,0,1,0,0,0,0,0,0,0,0,0,0,0,0,[1]
bacen/pilotord-kit-onboarding,this-is-allan,1,0,0,0,0,0,0,0,0,0,0,0,0,0,[1]
bacen/pilotord-kit-onboarding,leonardommuniz,0,1,0,0,0,0,0,0,0,0,0,0,0,0,[1]
bacen/pilotord-kit-onboarding,raissaccorreia,1,0,0,0,0,0,0,0,0,0,0,0,0,0,[1]
bacen/pilotord-kit-onboarding,trecapOhaumu,0,1,0,0,0,0,0,0,0,0,0,0,0,0,[1]
bacen/pilotord-kit-onboarding,9ciecomQgeoya,0,1,0,0,0,0,0,0,0,0,0,0,0,0,[1]
bacen/pilotord-kit-onboarding,adcen0melpi,0,1,0,0,0,0,0,0,0,0,0,0,0,0,[1]
bacen/pilotord-kit-onboarding,CrossingTrees,1,0,0,0,0,0,0,0,0,0,0,0,0,0,[1]
bacen/pilotord-kit-onboarding,terptuYinta,0,1,0,0,0,0,0,0,0,0,0,0,0,0,[1]
bacen/pilotord-kit-onboarding,enzodanjour,1,0,0,0,0,0,0,0,0,0,0,0,0,0,[1]
bacen/pilotord-kit-onboarding,amphobemo,0,1,0,0,0,0,0,0,0,0,0,0,0,0,[1]
bacen/pilotord-kit-onboarding,mbaneshi,1,0,0,0,0,0,0,0,0,0,0,0,0,0,[1]
bacen/pilotord-kit-onboarding,knaeraj1,0,1,0,0,0,0,0,0,0,0,0,0,0,0,[1]
bacen/pilotord-kit-onboarding,WesGtoX,1,0,0,0,0,0,0,0,0,0,0,0,0,0,[1]
bacen/pilotord-kit-onboarding,rodolfopatane,0,1,0,0,0,0,0,0,0,0,0,0,0,0,[1]
bacen/pilotord-kit-onboarding,ricardorogerioBR,1,0,0,0,0,0,0,0,0,0,0,0,0,0,[1]
bacen/pilotord-kit-onboarding,PGasetta,1,1,0,0,0,0,0,0,0,0,0,0,0,0,[2]
bacen/pilotord-kit-onboarding,tcelestino,1,0,0,0,0,0,0,0,0,0,0,0,0,0,[1]
bacen/pilotord-kit-onboarding,rbanffy,1,0,0,0,0,0,0,0,0,0,0,0,0,0,[1]
bacen/pilotord-kit-onboarding,dduong42,1,0,0,0,0,0,0,0,0,0,0,0,0,0,[1]
bacen/pilotord-kit-onboarding,cefiprohge,0,1,0,0,0,0,0,0,0,0,0,0,0,0,[1]
bacen/pilotord-kit-onboarding,dalssoft,1,0,0,0,0,0,0,0,0,0,0,0,0,0,[1]
bacen/pilotord-kit-onboarding,plutaniano,1,0,0,0,0,0,0,0,0,0,0,0,0,0,[1]
bacen/pilotord-kit-onboarding,brunojppb,1,0,0,0,0,0,0,0,0,0,0,0,0,0,[1]
bacen/pilotord-kit-onboarding,0tt049,0,1,0,0,0,0,0,0,0,0,0,0,0,0,[1]
bacen/pilotord-kit-onboarding,Gabuito,1,0,0,0,0,0,0,0,0,0,0,0,0,0,[1]
bacen/pilotord-kit-onboarding,protolambda,1,0,0,0,0,0,0,0,0,0,0,0,0,0,[1]
bacen/pilotord-kit-onboarding,rturk,1,0,0,0,0,0,0,0,0,0,0,0,0,0,[1]
bacen/pilotord-kit-onboarding,rgrangeiro,1,0,0,0,0,0,0,0,0,0,0,0,0,0,[1]
bacen/pilotord-kit-onboarding,danuker,1,0,0,0,0,0,0,0,0,0,0,0,0,0,[1]
bacen/pilotord-kit-onboarding,arjpar,1,0,0,0,0,0,0,0,0,0,0,0,0,0,[1]
bacen/pilotord-kit-onboarding,CharlesInteractive,1,0,0,0,0,0,0,0,0,0,0,0,0,0,[1]
bacen/pilotord-kit-onboarding,EderLisboaa,1,0,0,0,0,0,0,0,0,0,0,0,0,0,[1]
bacen/pilotord-kit-onboarding,criskell,1,0,0,0,0,0,0,0,0,0,0,0,0,0,[1]
bacen/pilotord-kit-onboarding,rcmenandro,1,0,0,0,0,0,0,0,0,0,0,0,0,0,[1]
bacen/pilotord-kit-onboarding,rennhak,1,0,0,0,0,0,0,0,0,0,0,0,0,0,[1]
bacen/pilotord-kit-onboarding,betatron,1,0,0,0,0,0,0,0,0,0,0,0,0,0,[1]
bacen/pilotord-kit-onboarding,fermuch,1,0,0,0,0,0,0,0,0,0,0,0,0,0,[1]
bacen/pilotord-kit-onboarding,tambourine-man,1,0,0,0,0,0,0,0,0,0,0,0,0,0,[1]
bacen/pilotord-kit-onboarding,pabloangeletti,1,0,0,0,0,0,0,0,0,0,0,0,0,0,[1]
bacen/pilotord-kit-onboarding,m9h,1,0,0,0,0,0,0,0,0,0,0,0,0,0,[1]
bacen/pilotord-kit-onboarding,leonsrc,1,0,0,0,0,0,0,0,0,0,0,0,0,0,[1]
bacen/pilotord-kit-onboarding,dremendes,1,0,0,0,0,0,0,0,0,0,0,0,0,0,[1]
bacen/pilotord-kit-onboarding,inil0faltsu,0,1,0,0,0,0,0,0,0,0,0,0,0,0,[1]
bacen/pilotord-kit-onboarding,Giunossauro,1,0,0,0,0,0,0,0,0,0,0,0,0,0,[1]
bacen/pilotord-kit-onboarding,brahacYplecho,0,1,0,0,0,0,0,0,0,0,0,0,0,0,[1]
bacen/pilotord-kit-onboarding,0lumipahi,0,1,0,0,0,0,0,0,0,0,0,0,0,0,[1]
bacen/pilotord-kit-onboarding,BestFriend73,1,0,0,0,0,0,0,0,0,0,0,0,0,0,[1]
bacen/pilotord-kit-onboarding,luiseduardobrito,1,0,0,0,0,0,0,0,0,0,0,0,0,0,[1]
bacen/pilotord-kit-onboarding,5Arose,1,0,0,0,0,0,0,0,0,0,0,0,0,0,[1]
bacen/pilotord-kit-onboarding,RioDeJaneiro6,1,0,0,0,0,0,0,0,0,0,0,0,0,0,[1]
bacen/pilotord-kit-onboarding,8nestfuZtuetsu,0,1,0,0,0,0,0,0,0,0,0,0,0,0,[1]
bacen/pilotord-kit-onboarding,ibrahimcesar,1,0,0,0,0,0,0,0,0,0,0,0,0,0,[1]
bacen/pilotord-kit-onboarding,jadilsonjunior,1,0,0,0,0,0,0,0,0,0,0,0,0,0,[1]
bacen/pilotord-kit-onboarding,queniFterfra,0,1,0,0,0,0,0,0,0,0,0,0,0,0,[1]
bacen/pilotord-kit-onboarding,0concleZana,0,1,0,0,0,0,0,0,0,0,0,0,0,0,[1]
bacen/pilotord-kit-onboarding,dialomerko,0,1,0,0,0,0,0,0,0,0,0,0,0,0,[1]
bacen/pilotord-kit-onboarding,bellzakhdazzsapp,0,1,0,0,0,0,0,0,0,0,0,0,0,0,[1]
bacen/pilotord-kit-onboarding,orexbigo,0,1,0,0,0,0,0,0,0,0,0,0,0,0,[1]
bacen/pilotord-kit-onboarding,GMak9,1,0,0,0,0,0,0,0,0,0,0,0,0,0,[1]
bacen/pilotord-kit-onboarding,Uitalo,1,0,0,0,0,0,0,0,0,0,0,0,0,0,[1]
bacen/pilotord-kit-onboarding,r3rer3,0,0,0,1,0,0,0,0,0,0,0,0,0,0,[1]
bacen/pilotord-kit-onboarding,tkersey,1,0,0,0,0,0,0,0,0,0,0,0,0,0,[1]
bacen/pilotord-kit-onboarding,quefecmenke,0,1,0,0,0,0,0,0,0,0,0,0,0,0,[1]
bacen/pilotord-kit-onboarding,gaurav46,1,0,0,0,0,0,0,0,0,0,0,0,0,0,[1]
bacen/pilotord-kit-onboarding,3prattancurna,0,1,0,0,0,0,0,0,0,0,0,0,0,0,[1]
bacen/pilotord-kit-onboarding,inwitdoma,0,1,0,0,0,0,0,0,0,0,0,0,0,0,[1]
bacen/pilotord-kit-onboarding,idepmeloo,0,1,0,0,0,0,0,0,0,0,0,0,0,0,[1]
bacen/pilotord-kit-onboarding,Joemcoy,0,1,0,0,0,0,0,0,0,0,0,0,0,0,[1]
bacen/pilotord-kit-onboarding,neilsonsp,1,0,0,0,0,0,0,0,0,0,0,0,0,0,[1]
bacen/pilotord-kit-onboarding,sebas5384,1,0,0,0,0,0,0,0,0,0,0,0,0,0,[1]
bacen/pilotord-kit-onboarding,0xmacht,1,0,0,0,0,0,0,0,0,0,0,0,0,0,[1]
bacen/pilotord-kit-onboarding,hcaumo,1,1,0,0,0,0,0,0,0,0,0,0,0,0,[2]
bacen/pilotord-kit-onboarding,ryanseiyu,1,0,0,0,0,0,0,0,0,0,0,0,0,0,[1]
bacen/pilotord-kit-onboarding,sandrogomes94,1,0,0,0,0,0,0,0,0,0,0,0,0,0,[1]
bacen/pilotord-kit-onboarding,guibranco,1,0,0,0,0,0,0,0,0,0,0,0,0,0,[1]
bacen/pilotord-kit-onboarding,BorrachaFox,1,0,0,0,0,0,0,0,0,0,0,0,0,0,[1]
bacen/pilotord-kit-onboarding,GabrielPaina,1,0,0,0,0,0,0,0,0,0,0,0,0,0,[1]
bacen/pilotord-kit-onboarding,7perpanasa,0,1,0,0,0,0,0,0,0,0,0,0,0,0,[1]
bacen/pilotord-kit-onboarding,Dalia54,1,0,0,0,0,0,0,0,0,0,0,0,0,0,[1]
bacen/pilotord-kit-onboarding,0crudinpreswo,0,1,0,0,0,0,0,0,0,0,0,0,0,0,[1]
bacen/pilotord-kit-onboarding,julioc7r,1,0,0,0,0,0,0,0,0,0,0,0,0,0,[1]
bacen/pilotord-kit-onboarding,memess2001,1,0,0,0,0,0,0,0,0,0,0,0,0,0,[1]
bacen/pilotord-kit-onboarding,thiagodiniz,1,0,0,0,0,0,0,0,0,0,0,0,0,0,[1]
bacen/pilotord-kit-onboarding,vihieKgueto,0,1,0,0,0,0,0,0,0,0,0,0,0,0,[1]
bacen/pilotord-kit-onboarding,3m4r5,1,0,0,0,0,0,0,0,0,0,0,0,0,0,[1]
bacen/pilotord-kit-onboarding,engmarcelobarreto,1,0,0,0,0,0,0,0,0,0,0,0,0,0,[1]
bacen/pilotord-kit-onboarding,cesocoma,0,1,0,0,0,0,0,0,0,0,0,0,0,0,[1]
bacen/pilotord-kit-onboarding,robertsanseries,1,0,0,0,0,0,0,0,0,0,0,0,0,0,[1]
bacen/pilotord-kit-onboarding,luisfernandobarrera,1,0,0,0,0,0,0,0,0,0,0,0,0,0,[1]
bacen/pilotord-kit-onboarding,contniOgeoi,0,1,0,0,0,0,0,0,0,0,0,0,0,0,[1]
bacen/pilotord-kit-onboarding,douglasmatosdev,1,0,0,0,0,0,0,0,0,0,0,0,0,0,[1]
bacen/pilotord-kit-onboarding,gesosorpmo,0,1,0,0,0,0,0,0,0,0,0,0,0,0,[1]
bacen/pilotord-kit-onboarding,3cesiAsubsno,0,1,0,0,0,0,0,0,0,0,0,0,0,0,[1]
bacen/pilotord-kit-onboarding,pedroigor91,1,0,0,0,0,0,0,0,0,0,0,0,0,0,[1]
bacen/pilotord-kit-onboarding,arthurbergmz,1,0,0,0,0,0,0,0,0,0,0,0,0,0,[1]
bacen/pilotord-kit-onboarding,Ribeiro,1,0,0,0,0,0,0,0,0,0,0,0,0,0,[1]
bacen/pilotord-kit-onboarding,Brunoporto2702,1,0,0,0,0,0,0,0,0,0,0,0,0,0,[1]
bacen/pilotord-kit-onboarding,lucasrcezimbra,1,0,0,0,0,0,0,0,0,0,0,0,0,0,[1]
bacen/pilotord-kit-onboarding,digoburigo,1,0,0,0,0,0,0,0,0,0,0,0,0,0,[1]
bacen/pilotord-kit-onboarding,neves-gabriel,1,0,0,0,0,0,0,0,0,0,0,0,0,0,[1]
bacen/pilotord-kit-onboarding,tulio-amaral,1,0,0,0,0,0,0,0,0,0,0,0,0,0,[1]
bacen/pilotord-kit-onboarding,telmedola,1,0,0,0,0,0,0,0,0,0,0,0,0,0,[1]
bacen/pilotord-kit-onboarding,pedropaulodf,1,0,0,0,0,0,0,0,0,0,0,0,0,0,[1]
bacen/pilotord-kit-onboarding,lucasew,1,0,0,0,0,0,0,0,0,0,0,0,0,0,[1]
bacen/pilotord-kit-onboarding,GGos-Bell,1,0,0,0,0,0,0,0,0,0,0,0,0,0,[1]
bacen/pilotord-kit-onboarding,hudson-bruno,1,0,0,0,0,0,0,0,0,0,0,0,0,0,[1]
bacen/pilotord-kit-onboarding,prhost,1,0,0,0,0,0,0,0,0,0,0,0,0,0,[1]
bacen/pilotord-kit-onboarding,jeffersonscampos,1,1,0,0,0,0,0,0,0,0,0,0,0,0,[2]
bacen/pilotord-kit-onboarding,rafaelbfazio,1,0,0,0,0,0,0,0,0,0,0,0,0,0,[1]
bacen/pilotord-kit-onboarding,firminoneto11,1,0,0,0,0,0,0,0,0,0,0,0,0,0,[1]
bacen/pilotord-kit-onboarding,publiogomes,1,0,0,0,0,0,0,0,0,0,0,0,0,0,[1]
bacen/pilotord-kit-onboarding,mpsdantas,1,0,0,0,0,0,0,0,0,0,0,0,0,0,[1]
bacen/pilotord-kit-onboarding,murichristopher,1,0,0,0,0,0,0,0,0,0,0,0,0,0,[1]
bacen/pilotord-kit-onboarding,dublado,1,0,0,0,0,0,0,0,0,0,0,0,0,0,[1]
bacen/pilotord-kit-onboarding,ricardosierra,1,0,0,0,0,0,0,0,0,0,0,0,0,0,[1]
bacen/pilotord-kit-onboarding,obnibrevi,0,1,0,0,0,0,0,0,0,0,0,0,0,0,[1]
bacen/pilotord-kit-onboarding,ySnoopyDogy,1,0,0,0,0,0,0,0,0,0,0,0,0,0,[1]
bacen/pilotord-kit-onboarding,Jefersonalves,1,0,0,0,0,0,0,0,0,0,0,0,0,0,[1]
bacen/pilotord-kit-onboarding,jomrs,1,0,0,0,0,0,0,0,0,0,0,0,0,0,[1]
bacen/pilotord-kit-onboarding,valdenidelgado,1,0,0,0,0,0,0,0,0,0,0,0,0,0,[1]
bacen/pilotord-kit-onboarding,denisrudnei,1,0,0,0,0,0,0,0,0,0,0,0,0,0,[1]
bacen/pilotord-kit-onboarding,gabsdocompiuter,1,0,0,0,0,0,0,0,0,0,0,0,0,0,[1]
bacen/pilotord-kit-onboarding,MotaOcimar,1,0,0,0,0,0,0,0,0,0,0,0,0,0,[1]
bacen/pilotord-kit-onboarding,gilvaniperazza,0,1,0,0,0,0,0,0,0,0,0,0,0,0,[1]
bacen/pilotord-kit-onboarding,HenriqueLebre,1,0,0,0,0,0,0,0,0,0,0,0,0,0,[1]
bacen/pilotord-kit-onboarding,pertusatti22,1,0,0,0,0,0,0,0,0,0,0,0,0,0,[1]
bacen/pilotord-kit-onboarding,RafaelCss,1,0,0,0,0,0,0,0,0,0,0,0,0,0,[1]
bacen/pilotord-kit-onboarding,7tincratheogo,0,1,0,0,0,0,0,0,0,0,0,0,0,0,[1]
bacen/pilotord-kit-onboarding,ferreiramarcelo,1,1,0,0,0,0,0,0,0,0,0,0,0,0,[2]
bacen/pilotord-kit-onboarding,amelco,1,0,0,0,0,0,0,0,0,0,0,0,0,0,[1]
bacen/pilotord-kit-onboarding,fparreirinha,1,0,0,0,0,0,0,0,0,0,0,0,0,0,[1]
bacen/pilotord-kit-onboarding,euBRASIL,0,1,0,0,0,0,0,0,0,0,0,0,0,0,[1]
bacen/pilotord-kit-onboarding,dsaviossantos,1,0,0,0,0,0,0,0,0,0,0,0,0,0,[1]
bacen/pilotord-kit-onboarding,caiocinel,1,0,0,0,0,0,0,0,0,0,0,0,0,0,[1]
bacen/pilotord-kit-onboarding,Jayromberg,1,0,0,0,0,0,0,0,0,0,0,0,0,0,[1]
bacen/pilotord-kit-onboarding,dhiegoferreira,1,0,0,0,0,0,0,0,0,0,0,0,0,0,[1]
bacen/pilotord-kit-onboarding,NearMaick,1,0,0,0,0,0,0,0,0,0,0,0,0,0,[1]
bacen/pilotord-kit-onboarding,0discpecQconge,0,1,0,0,0,0,0,0,0,0,0,0,0,0,[1]
bacen/pilotord-kit-onboarding,jiraspiom,0,1,0,0,0,0,0,0,0,0,0,0,0,0,[1]
bacen/pilotord-kit-onboarding,jotanarciso,1,0,0,0,0,0,0,0,0,0,0,0,0,0,[1]
bacen/pilotord-kit-onboarding,guiniederle,1,0,0,0,0,0,0,0,0,0,0,0,0,0,[1]
bacen/pilotord-kit-onboarding,samuelcdias,1,0,0,0,0,0,0,0,0,0,0,0,0,0,[1]
bacen/pilotord-kit-onboarding,maojsm,1,0,0,0,0,0,0,0,0,0,0,0,0,0,[1]
bacen/pilotord-kit-onboarding,diogoizele,1,0,0,0,0,0,0,0,0,0,0,0,0,0,[1]
bacen/pilotord-kit-onboarding,zatzk,1,0,0,0,0,0,0,0,0,0,0,0,0,0,[1]
bacen/pilotord-kit-onboarding,dominicmonteiro,0,1,0,0,0,0,0,0,0,0,0,0,0,0,[1]
bacen/pilotord-kit-onboarding,jonat-m,1,0,0,0,0,0,0,0,0,0,0,0,0,0,[1]
bacen/pilotord-kit-onboarding,lucasarchangelo,1,0,0,0,0,0,0,0,0,0,0,0,0,0,[1]
bacen/pilotord-kit-onboarding,EdZava,1,0,0,0,0,0,0,0,0,0,0,0,0,0,[1]
bacen/pilotord-kit-onboarding,Sr3284,1,0,0,0,0,0,0,0,0,0,0,0,0,0,[1]
bacen/pilotord-kit-onboarding,vipoliveira,1,0,0,0,0,0,0,0,0,0,0,0,0,0,[1]
bacen/pilotord-kit-onboarding,allurco,1,0,0,0,0,0,0,0,0,0,0,0,0,0,[1]
bacen/pilotord-kit-onboarding,gnoccioli,1,0,0,0,0,0,0,0,0,0,0,0,0,0,[1]
bacen/pilotord-kit-onboarding,alexdiascr,1,0,0,0,0,0,0,0,0,0,0,0,0,0,[1]
bacen/pilotord-kit-onboarding,soruzo,1,0,0,0,0,0,0,0,0,0,0,0,0,0,[1]
bacen/pilotord-kit-onboarding,JuanBindez,1,0,0,0,0,0,0,0,0,0,0,0,0,0,[1]
bacen/pilotord-kit-onboarding,guidevops,1,0,0,0,0,0,0,0,0,0,0,0,0,0,[1]
bacen/pilotord-kit-onboarding,felipegs31,1,0,0,0,0,0,0,0,0,0,0,0,0,0,[1]
bacen/pilotord-kit-onboarding,araujodeveloper,0,1,0,0,0,0,0,0,0,0,0,0,0,0,[1]
bacen/pilotord-kit-onboarding,dinhoabreu,1,0,0,0,0,0,0,0,0,0,0,0,0,0,[1]
bacen/pilotord-kit-onboarding,fell-lucas,1,0,0,0,0,0,0,0,0,0,0,0,0,0,[1]
bacen/pilotord-kit-onboarding,oviniciusfeitosa,0,1,0,0,0,0,0,0,0,0,0,0,0,0,[1]
bacen/pilotord-kit-onboarding,hugollm,1,0,0,0,0,0,0,0,0,0,0,0,0,0,[1]
bacen/pilotord-kit-onboarding,rogeriolabat,1,0,0,0,0,0,0,0,0,0,0,0,0,0,[1]
bacen/pilotord-kit-onboarding,alencarandre,1,0,0,0,0,0,0,0,0,0,0,0,0,0,[1]
bacen/pilotord-kit-onboarding,WebGuru1228,1,0,0,0,0,0,0,0,0,0,0,0,0,0,[1]
bacen/pilotord-kit-onboarding,coperZproske,0,1,0,0,0,0,0,0,0,0,0,0,0,0,[1]
bacen/pilotord-kit-onboarding,cleiltonoliveira,1,0,0,0,0,0,0,0,0,0,0,0,0,0,[1]
bacen/pilotord-kit-onboarding,marcussenise,1,0,0,0,0,0,0,0,0,0,0,0,0,0,[1]
bacen/pilotord-kit-onboarding,guialvesp1,1,0,0,0,0,0,0,0,0,0,0,0,0,0,[1]
bacen/pilotord-kit-onboarding,nncl,1,0,0,0,0,0,0,0,0,0,0,0,0,0,[1]
bacen/pilotord-kit-onboarding,leitdeux,1,0,0,0,0,0,0,0,0,0,0,0,0,0,[1]
bacen/pilotord-kit-onboarding,ETAURE-Gerson,1,0,0,0,0,0,0,0,0,0,0,0,0,0,[1]
bacen/pilotord-kit-onboarding,vitorhugonalves,1,0,0,0,0,0,0,0,0,0,0,0,0,0,[1]
bacen/pilotord-kit-onboarding,bernaction,1,0,0,0,0,0,0,0,0,0,0,0,0,0,[1]
bacen/pilotord-kit-onboarding,viliamjr,1,0,0,0,0,0,0,0,0,0,0,0,0,0,[1]
bacen/pilotord-kit-onboarding,alexthiagodener,1,0,0,0,0,0,0,0,0,0,0,0,0,0,[1]
bacen/pilotord-kit-onboarding,iminanre,0,1,0,0,0,0,0,0,0,0,0,0,0,0,[1]
bacen/pilotord-kit-onboarding,GleitonFranco,1,0,0,0,0,0,0,0,0,0,0,0,0,0,[1]
bacen/pilotord-kit-onboarding,TakeshiYoshikawa,1,0,0,0,0,0,0,0,0,0,0,0,0,0,[1]
bacen/pilotord-kit-onboarding,JadsonLucena,1,0,0,0,0,0,0,0,0,0,0,0,0,0,[1]
bacen/pilotord-kit-onboarding,claudineyqr,1,0,0,0,0,0,0,0,0,0,0,0,0,0,[1]
bacen/pilotord-kit-onboarding,tchaguitos,1,0,0,0,0,0,0,0,0,0,0,0,0,0,[1]
bacen/pilotord-kit-onboarding,silva776,1,0,0,0,0,0,0,0,0,0,0,0,0,0,[1]
bacen/pilotord-kit-onboarding,Lavrov4,1,0,0,0,0,0,0,0,0,0,0,0,0,0,[1]
bacen/pilotord-kit-onboarding,Gabrielll04,1,0,0,0,0,0,0,0,0,0,0,0,0,0,[1]
bacen/pilotord-kit-onboarding,jcsr18,1,0,0,0,0,0,0,0,0,0,0,0,0,0,[1]
bacen/pilotord-kit-onboarding,darioomatos,1,0,0,0,0,0,0,0,0,0,0,0,0,0,[1]
bacen/pilotord-kit-onboarding,JoaoLeonello,1,0,0,0,0,0,0,0,0,0,0,0,0,0,[1]
bacen/pilotord-kit-onboarding,vjnrv,1,0,0,0,0,0,0,0,0,0,0,0,0,0,[1]
bacen/pilotord-kit-onboarding,OldBenz5,1,0,0,0,0,0,0,0,0,0,0,0,0,0,[1]
bacen/pilotord-kit-onboarding,Oltergeit7,1,0,0,0,0,0,0,0,0,0,0,0,0,0,[1]
bacen/pilotord-kit-onboarding,GrYllO,1,0,0,0,0,0,0,0,0,0,0,0,0,0,[1]
bacen/pilotord-kit-onboarding,conexaointegral,0,1,0,0,0,0,0,0,0,0,0,0,0,0,[1]
bacen/pilotord-kit-onboarding,anmasaco,1,0,0,0,0,0,0,0,0,0,0,0,0,0,[1]
bacen/pilotord-kit-onboarding,Eliacim,1,0,0,0,0,0,0,0,0,0,0,0,0,0,[1]
bacen/pilotord-kit-onboarding,7specammencru,0,1,0,0,0,0,0,0,0,0,0,0,0,0,[1]
bacen/pilotord-kit-onboarding,MoonDusk1996,1,0,0,0,0,0,0,0,0,0,0,0,0,0,[1]
bacen/pilotord-kit-onboarding,gabrielp15,1,0,0,0,0,0,0,0,0,0,0,0,0,0,[1]
bacen/pilotord-kit-onboarding,3disctucompu,0,1,0,0,0,0,0,0,0,0,0,0,0,0,[1]
bacen/pilotord-kit-onboarding,JorgeLNJunior,1,0,0,0,0,0,0,0,0,0,0,0,0,0,[1]
bacen/pilotord-kit-onboarding,GustavoMimim,1,0,0,0,0,0,0,0,0,0,0,0,0,0,[1]
bacen/pilotord-kit-onboarding,3consnoPgika,0,1,0,0,0,0,0,0,0,0,0,0,0,0,[1]
bacen/pilotord-kit-onboarding,candidosales,1,0,0,0,0,0,0,0,0,0,0,0,0,0,[1]
bacen/pilotord-kit-onboarding,pedrosgmagalhaes,1,1,3,1,0,0,0,0,0,0,0,0,0,0,[6]
bacen/pilotord-kit-onboarding,tionanmusta,0,1,0,0,0,0,0,0,0,0,0,0,0,0,[1]
bacen/pilotord-kit-onboarding,knownasbot,2,0,0,0,0,0,0,0,0,0,0,0,0,0,[2]
bacen/pilotord-kit-onboarding,RogerioCoimbra,1,0,0,0,0,0,0,0,0,0,0,0,0,0,[1]
bacen/pilotord-kit-onboarding,lucianobragaweb-lab,0,1,0,0,0,0,0,0,0,0,0,0,0,0,[1]
bacen/pilotord-kit-onboarding,lucianobragaweb,1,0,0,0,0,0,0,0,0,0,0,0,0,0,[1]
bacen/pilotord-kit-onboarding,edreisMD,1,0,0,0,0,0,0,0,0,0,0,0,0,0,[1]
bacen/pilotord-kit-onboarding,Mealatanl,1,0,0,0,0,0,0,0,0,0,0,0,0,0,[1]
bacen/pilotord-kit-onboarding,sponsiQatpu,0,1,0,0,0,0,0,0,0,0,0,0,0,0,[1]
bacen/pilotord-kit-onboarding,judyhampster,1,0,0,0,0,0,0,0,0,0,0,0,0,0,[1]
bacen/pilotord-kit-onboarding,mcai,1,0,0,0,0,0,0,0,0,0,0,0,0,0,[1]
bacen/pilotord-kit-onboarding,geduardcatalindev,1,0,0,0,0,0,0,0,0,0,0,0,0,0,[1]
bacen/pilotord-kit-onboarding,hydpedolan,0,1,0,0,0,0,0,0,0,0,0,0,0,0,[1]
bacen/pilotord-kit-onboarding,ramkumar565,1,0,0,0,0,0,0,0,0,0,0,0,0,0,[1]
bacen/pilotord-kit-onboarding,loki86yada,1,0,0,0,0,0,0,0,0,0,0,0,0,0,[1]
bacen/pilotord-kit-onboarding,9monslaeVenne,0,1,0,0,0,0,0,0,0,0,0,0,0,0,[1]
bacen/pilotord-kit-onboarding,fengyunzaidushi,1,0,0,0,0,0,0,0,0,0,0,0,0,0,[1]
bacen/pilotord-kit-onboarding,8placliodiaru,0,1,0,0,0,0,0,0,0,0,0,0,0,0,[1]
bacen/pilotord-kit-onboarding,flagexVlyne,0,1,0,0,0,0,0,0,0,0,0,0,0,0,[1]
bacen/pilotord-kit-onboarding,gbxnga,0,1,0,0,0,0,0,0,0,0,0,0,0,0,[1]
bacen/pilotord-kit-onboarding,tsalvenstompay,0,1,0,0,0,0,0,0,0,0,0,0,0,0,[1]
bacen/pilotord-kit-onboarding,doljak,1,0,0,0,0,0,0,0,0,0,0,0,0,0,[1]
bacen/pilotord-kit-onboarding,3stininFofro,0,1,0,0,0,0,0,0,0,0,0,0,0,0,[1]
bacen/pilotord-kit-onboarding,matthsena,1,0,0,0,0,0,0,0,0,0,0,0,0,0,[1]
bacen/pilotord-kit-onboarding,gcacars,1,0,0,0,0,0,0,0,0,0,0,0,0,0,[1]
bacen/pilotord-kit-onboarding,cicerow16,1,0,0,0,0,0,0,0,0,0,0,0,0,0,[1]
bacen/pilotord-kit-onboarding,gtkatakura,1,0,0,0,0,0,0,0,0,0,0,0,0,0,[1]
bacen/pilotord-kit-onboarding,diegopedrosa,1,0,0,0,0,0,0,0,0,0,0,0,0,0,[1]
bacen/pilotord-kit-onboarding,brunohubner,1,0,0,0,0,0,0,0,0,0,0,0,0,0,[1]
bacen/pilotord-kit-onboarding,sschonss,1,0,0,0,0,0,0,0,0,0,0,0,0,0,[1]
bacen/pilotord-kit-onboarding,cleilson-pereira,1,0,0,0,0,0,0,0,0,0,0,0,0,0,[1]
bacen/pilotord-kit-onboarding,bgsouza,1,0,0,0,0,0,0,0,0,0,0,0,0,0,[1]
bacen/pilotord-kit-onboarding,allangrds,1,0,0,0,0,0,0,0,0,0,0,0,0,0,[1]
bacen/pilotord-kit-onboarding,todarede,1,0,0,0,0,0,0,0,0,0,0,0,0,0,[1]
bacen/pilotord-kit-onboarding,ferreirawill,1,0,0,0,0,0,0,0,0,0,0,0,0,0,[1]
bacen/pilotord-kit-onboarding,dmiyai,1,0,0,0,0,0,0,0,0,0,0,0,0,0,[1]
bacen/pilotord-kit-onboarding,gradininn,0,1,0,0,0,0,0,0,0,0,0,0,0,0,[1]
bacen/pilotord-kit-onboarding,devid8642,1,0,0,0,0,0,0,0,0,0,0,0,0,0,[1]
bacen/pilotord-kit-onboarding,fernandosilvap96,1,0,0,0,0,0,0,0,0,0,0,0,0,0,[1]
bacen/pilotord-kit-onboarding,gabriel-lando,1,0,0,0,0,0,0,0,0,0,0,0,0,0,[1]
bacen/pilotord-kit-onboarding,gustavohroos,1,0,0,0,0,0,0,0,0,0,0,0,0,0,[1]
bacen/pilotord-kit-onboarding,danielgoncalves,1,0,0,0,0,0,0,0,0,0,0,0,0,0,[1]
bacen/pilotord-kit-onboarding,Darknighttttt,1,0,0,0,0,0,0,0,0,0,0,0,0,0,[1]
bacen/pilotord-kit-onboarding,atttcc,0,1,0,0,0,0,0,0,0,0,0,0,0,0,[1]
bacen/pilotord-kit-onboarding,RoddGarcia,1,0,0,0,0,0,0,0,0,0,0,0,0,0,[1]
bacen/pilotord-kit-onboarding,dinter22,1,1,0,0,0,0,0,0,0,0,0,0,0,0,[2]
bacen/pilotord-kit-onboarding,FredSRocha,1,1,0,0,0,0,0,0,0,0,0,0,0,0,[2]
bacen/pilotord-kit-onboarding,matheusoaresilva,1,0,0,0,0,0,0,0,0,0,0,0,0,0,[1]
bacen/pilotord-kit-onboarding,cnlenzc,1,0,0,0,0,0,0,0,0,0,0,0,0,0,[1]
bacen/pilotord-kit-onboarding,9cimeretbi,0,1,0,0,0,0,0,0,0,0,0,0,0,0,[1]
bacen/pilotord-kit-onboarding,italopinto,1,0,0,0,0,0,0,0,0,0,0,0,0,0,[1]
bacen/pilotord-kit-onboarding,teodecFtuima,0,1,0,0,0,0,0,0,0,0,0,0,0,0,[1]
bacen/pilotord-kit-onboarding,3megaPmasu,0,1,0,0,0,0,0,0,0,0,0,0,0,0,[1]
bacen/pilotord-kit-onboarding,rogersilvasouza,1,0,0,0,0,0,0,0,0,0,0,0,0,0,[1]
bacen/pilotord-kit-onboarding,0legioWmisso,0,1,0,0,0,0,0,0,0,0,0,0,0,0,[1]
bacen/pilotord-kit-onboarding,thomgabriel,1,0,0,0,0,0,0,0,0,0,0,0,0,0,[1]
bacen/pilotord-kit-onboarding,puaratkaz,1,0,0,0,0,0,0,0,0,0,0,0,0,0,[1]
bacen/pilotord-kit-onboarding,kipos-ynchla,1,0,0,0,0,0,0,0,0,0,0,0,0,0,[1]
bacen/pilotord-kit-onboarding,merdem0506,0,1,0,0,0,0,0,0,0,0,0,0,0,0,[1]
bacen/pilotord-kit-onboarding,krllus,1,0,0,0,0,0,0,0,0,0,0,0,0,0,[1]
bacen/pilotord-kit-onboarding,kindyly,0,1,0,0,0,0,0,0,0,0,0,0,0,0,[1]
bacen/pilotord-kit-onboarding,sdgsdhsd,1,0,0,0,0,0,0,0,0,0,0,0,0,0,[1]
bacen/pilotord-kit-onboarding,marcelo-maciel,1,0,0,0,0,0,0,0,0,0,0,0,0,0,[1]
bacen/pilotord-kit-onboarding,artit1986,1,0,0,0,0,0,0,0,0,0,0,0,0,0,[1]
bacen/pilotord-kit-onboarding,anderson-slompo,1,0,0,0,0,0,0,0,0,0,0,0,0,0,[1]
bacen/pilotord-kit-onboarding,lucas-fer-fig,1,0,0,0,0,0,0,0,0,0,0,0,0,0,[1]
bacen/pilotord-kit-onboarding,merveyeni,1,1,0,0,0,0,0,0,0,0,0,0,0,0,[2]
bacen/pilotord-kit-onboarding,riastirPpremwa,0,1,0,0,0,0,0,0,0,0,0,0,0,0,[1]
bacen/pilotord-kit-onboarding,Farewelllllll11,1,0,0,0,0,0,0,0,0,0,0,0,0,0,[1]
bacen/pilotord-kit-onboarding,ViniciusMelao,1,1,0,0,0,0,0,0,0,0,0,0,0,0,[2]
bacen/pilotord-kit-onboarding,BRNNG782,1,0,0,0,0,0,0,0,0,0,0,0,0,0,[1]
bacen/pilotord-kit-onboarding,congbiinke,0,1,0,0,0,0,0,0,0,0,0,0,0,0,[1]
bacen/pilotord-kit-onboarding,suitrunAito,0,1,0,0,0,0,0,0,0,0,0,0,0,0,[1]
bacen/pilotord-kit-onboarding,ricopozzi,1,1,0,0,0,0,0,0,0,0,0,0,0,0,[2]
bacen/pilotord-kit-onboarding,ropehapi,1,0,0,0,0,0,0,0,0,0,0,0,0,0,[1]
bacen/pilotord-kit-onboarding,lustscidstatra,0,1,0,0,0,0,0,0,0,0,0,0,0,0,[1]
bacen/pilotord-kit-onboarding,keppelen,1,0,0,0,0,0,0,0,0,0,0,0,0,0,[1]
bacen/pilotord-kit-onboarding,ethanharoutunian,1,0,0,0,0,0,0,0,0,0,0,0,0,0,[1]
bacen/pilotord-kit-onboarding,0ympuAmagke,0,1,0,0,0,0,0,0,0,0,0,0,0,0,[1]
bacen/pilotord-kit-onboarding,olh,1,1,0,0,0,0,0,0,0,0,0,0,0,0,[2]
bacen/pilotord-kit-onboarding,daiangm,1,0,0,0,0,0,0,0,0,0,0,0,0,0,[1]
bacen/pilotord-kit-onboarding,Damorhano,1,0,0,0,0,0,0,0,0,0,0,0,0,0,[1]
bacen/pilotord-kit-onboarding,jareczekogoreczek,1,0,0,0,0,0,0,0,0,0,0,0,0,0,[1]
bacen/pilotord-kit-onboarding,edom71,1,0,0,0,0,0,0,0,0,0,0,0,0,0,[1]
bacen/pilotord-kit-onboarding,huangying123666,1,0,0,0,0,0,0,0,0,0,0,0,0,0,[1]
bacen/pilotord-kit-onboarding,VitorAndrey,1,0,0,0,0,0,0,0,0,0,0,0,0,0,[1]
bacen/pilotord-kit-onboarding,igordias2,1,0,0,0,0,0,0,0,0,0,0,0,0,0,[1]
bacen/pilotord-kit-onboarding,thinkgim,1,0,0,0,0,0,0,0,0,0,0,0,0,0,[1]
bacen/pilotord-kit-onboarding,SymphonicSiren26,0,1,0,0,0,0,0,0,0,0,0,0,0,0,[1]
bacen/pilotord-kit-onboarding,rodferro,1,0,0,0,0,0,0,0,0,0,0,0,0,0,[1]
bacen/pilotord-kit-onboarding,Samuelbc,1,0,0,0,0,0,0,0,0,0,0,0,0,0,[1]
bacen/pilotord-kit-onboarding,signos547,0,1,0,0,0,0,0,0,0,0,0,0,0,0,[1]
bacen/pilotord-kit-onboarding,Ahmet1632,1,0,0,0,0,0,0,0,0,0,0,0,0,0,[1]
bacen/pilotord-kit-onboarding,pedrodanieljardim,1,0,0,0,0,0,0,0,0,0,0,0,0,0,[1]
bacen/pilotord-kit-onboarding,JunaYa,1,0,0,0,0,0,0,0,0,0,0,0,0,0,[1]
bacen/pilotord-kit-onboarding,onderbrnc,1,0,0,0,0,0,0,0,0,0,0,0,0,0,[1]
bacen/pilotord-kit-onboarding,ChristianNMoreira,1,0,0,0,0,0,0,0,0,0,0,0,0,0,[1]
bacen/pilotord-kit-onboarding,conta1linea,0,1,0,0,0,0,0,0,0,0,0,0,0,0,[1]
bacen/pilotord-kit-onboarding,orakle,1,0,0,0,0,0,0,0,0,0,0,0,0,0,[1]
bacen/pilotord-kit-onboarding,0priminKarke,0,1,0,0,0,0,0,0,0,0,0,0,0,0,[1]
bacen/pilotord-kit-onboarding,gl292bdd,0,1,0,0,0,0,0,0,0,0,0,0,0,0,[1]
bacen/pilotord-kit-onboarding,caedivamo,0,1,0,0,0,0,0,0,0,0,0,0,0,0,[1]
bacen/pilotord-kit-onboarding,Winver2023,1,0,0,0,0,0,0,0,0,0,0,0,0,0,[1]
bacen/pilotord-kit-onboarding,gnb03kly,0,1,0,0,0,0,0,0,0,0,0,0,0,0,[1]
bacen/pilotord-kit-onboarding,sally3393,0,1,0,0,0,0,0,0,0,0,0,0,0,0,[1]
bacen/pilotord-kit-onboarding,gnoamayw,0,1,0,0,0,0,0,0,0,0,0,0,0,0,[1]
bacen/pilotord-kit-onboarding,gpfeqbzy,0,1,0,0,0,0,0,0,0,0,0,0,0,0,[1]
bacen/pilotord-kit-onboarding,gq11g12s,0,1,0,0,0,0,0,0,0,0,0,0,0,0,[1]
bacen/pilotord-kit-onboarding,zerrinhalit7,1,1,0,0,0,0,0,0,0,0,0,0,0,0,[2]
bacen/pilotord-kit-onboarding,wysstartgo,1,0,0,0,0,0,0,0,0,0,0,0,0,0,[1]
bacen/pilotord-kit-onboarding,yelllity,0,1,0,0,0,0,0,0,0,0,0,0,0,0,[1]
bacen/pilotord-kit-onboarding,zeynephulay,1,1,0,0,0,0,0,0,0,0,0,0,0,0,[2]
bacen/pilotord-kit-onboarding,rahuljyalaps,1,0,0,0,0,0,0,0,0,0,0,0,0,0,[1]
bacen/pilotord-kit-onboarding,66home,1,1,0,0,0,0,0,0,0,0,0,0,0,0,[2]
bacen/pilotord-kit-onboarding,UldanovV,1,0,0,0,0,0,0,0,0,0,0,0,0,0,[1]
