AutumnWhj/ChatGPT-wechat-bot,AutumnWhj,0,0,61,26,30,1,0,3,1,0,0,0,0,0,[122]
AutumnWhj/ChatGPT-wechat-bot,sunshanpeng,1,0,0,0,0,0,0,0,0,0,0,0,0,0,[1]
AutumnWhj/ChatGPT-wechat-bot,wwwadx,1,0,0,0,0,0,0,0,0,0,0,0,0,0,[1]
AutumnWhj/ChatGPT-wechat-bot,zty5678,1,0,0,0,0,0,0,0,0,0,0,0,0,0,[1]
AutumnWhj/ChatGPT-wechat-bot,zenglincient,0,1,2,1,0,0,0,0,0,0,0,0,0,0,[4]
AutumnWhj/ChatGPT-wechat-bot,woshihaozhu,0,0,1,2,0,0,0,0,0,0,0,0,0,0,[3]
AutumnWhj/ChatGPT-wechat-bot,EricWong1994,1,0,0,0,0,0,0,0,0,0,0,0,0,0,[1]
AutumnWhj/ChatGPT-wechat-bot,zijie98,0,1,0,0,0,0,0,0,0,0,0,0,0,0,[1]
AutumnWhj/ChatGPT-wechat-bot,Shawn220528,0,1,0,0,0,0,0,0,0,0,0,0,0,0,[1]
AutumnWhj/ChatGPT-wechat-bot,ColaMint,1,0,0,0,0,0,0,0,0,0,0,0,0,0,[1]
AutumnWhj/ChatGPT-wechat-bot,zhuwenxing,1,0,0,0,0,0,0,0,0,0,0,0,0,0,[1]
AutumnWhj/ChatGPT-wechat-bot,MagicTide,1,0,0,0,0,0,0,0,0,0,0,0,0,0,[1]
AutumnWhj/ChatGPT-wechat-bot,choogoo,1,0,0,0,0,0,0,0,0,0,0,0,0,0,[1]
AutumnWhj/ChatGPT-wechat-bot,ccwu0918,1,0,0,0,0,0,0,0,0,0,0,0,0,0,[1]
AutumnWhj/ChatGPT-wechat-bot,MuBerry,0,1,0,0,0,0,0,0,0,0,0,0,0,0,[1]
AutumnWhj/ChatGPT-wechat-bot,zemochen,1,0,0,0,0,0,0,0,0,0,0,0,0,0,[1]
AutumnWhj/ChatGPT-wechat-bot,BioinfoCat,1,0,0,0,0,0,0,0,0,0,0,0,0,0,[1]
AutumnWhj/ChatGPT-wechat-bot,pengtoo,1,0,0,0,0,0,0,0,0,0,0,0,0,0,[1]
AutumnWhj/ChatGPT-wechat-bot,youaremywind,0,1,0,0,0,0,0,0,0,0,0,0,0,0,[1]
AutumnWhj/ChatGPT-wechat-bot,yonghen,1,0,0,0,0,0,0,0,0,0,0,0,0,0,[1]
AutumnWhj/ChatGPT-wechat-bot,zxyzhong,1,0,0,0,0,0,0,0,0,0,0,0,0,0,[1]
AutumnWhj/ChatGPT-wechat-bot,ynpl,0,0,0,1,0,0,0,0,0,0,0,0,0,0,[1]
AutumnWhj/ChatGPT-wechat-bot,yanshibin,0,0,2,1,0,0,0,0,0,0,0,0,0,0,[3]
AutumnWhj/ChatGPT-wechat-bot,lululau,1,0,0,0,0,0,0,0,0,0,0,0,0,0,[1]
AutumnWhj/ChatGPT-wechat-bot,zzhjj,1,0,0,0,0,0,0,0,0,0,0,0,0,0,[1]
AutumnWhj/ChatGPT-wechat-bot,whitebaby,1,0,0,0,0,0,0,0,0,0,0,0,0,0,[1]
AutumnWhj/ChatGPT-wechat-bot,zhenfan0753,1,0,0,0,0,0,0,0,0,0,0,0,0,0,[1]
AutumnWhj/ChatGPT-wechat-bot,0daw,1,0,0,0,0,0,0,0,0,0,0,0,0,0,[1]
AutumnWhj/ChatGPT-wechat-bot,OliverGrace,1,0,3,2,0,0,0,0,0,0,0,0,0,0,[6]
AutumnWhj/ChatGPT-wechat-bot,EricMeteorite,1,0,0,0,0,0,0,0,0,0,0,0,0,0,[1]
AutumnWhj/ChatGPT-wechat-bot,XVIIFCX,1,0,0,0,0,0,0,0,0,0,0,0,0,0,[1]
AutumnWhj/ChatGPT-wechat-bot,zz0320,1,0,0,0,0,0,0,0,0,0,0,0,0,0,[1]
AutumnWhj/ChatGPT-wechat-bot,x-dr,1,0,0,0,0,0,0,0,0,0,0,0,0,0,[1]
AutumnWhj/ChatGPT-wechat-bot,liubiantao,1,0,0,0,0,0,0,0,0,0,0,0,0,0,[1]
AutumnWhj/ChatGPT-wechat-bot,aqiMMM,1,0,0,0,0,0,0,0,0,0,0,0,0,0,[1]
AutumnWhj/ChatGPT-wechat-bot,Enderfga,1,0,1,2,0,0,0,0,0,0,0,0,0,0,[4]
AutumnWhj/ChatGPT-wechat-bot,feiwofeifeixiaowo,0,0,2,1,0,0,0,0,0,0,0,0,0,0,[3]
AutumnWhj/ChatGPT-wechat-bot,yplove156,1,0,0,0,0,0,0,0,0,0,0,0,0,0,[1]
AutumnWhj/ChatGPT-wechat-bot,Oosl,0,0,8,2,0,0,0,0,0,0,0,0,0,0,[10]
AutumnWhj/ChatGPT-wechat-bot,devin2013,1,0,0,0,0,0,0,0,0,0,0,0,0,0,[1]
AutumnWhj/ChatGPT-wechat-bot,TonyWoo,1,0,0,0,0,0,0,0,0,0,0,0,0,0,[1]
AutumnWhj/ChatGPT-wechat-bot,axh2018,1,0,0,0,0,0,0,0,0,0,0,0,0,0,[1]
AutumnWhj/ChatGPT-wechat-bot,arong-me,1,1,0,0,0,0,0,0,0,0,0,0,0,0,[2]
AutumnWhj/ChatGPT-wechat-bot,XuLin404,1,0,0,0,0,0,0,0,0,0,0,0,0,0,[1]
AutumnWhj/ChatGPT-wechat-bot,yudeng101,1,1,0,0,0,0,0,0,0,0,0,0,0,0,[2]
AutumnWhj/ChatGPT-wechat-bot,chenlike,1,0,0,0,0,0,0,0,0,0,0,0,0,0,[1]
AutumnWhj/ChatGPT-wechat-bot,Kirin-L,1,0,0,0,0,0,0,0,0,0,0,0,0,0,[1]
AutumnWhj/ChatGPT-wechat-bot,liuliuzx,0,0,0,1,0,0,0,0,0,0,0,0,0,0,[1]
AutumnWhj/ChatGPT-wechat-bot,Sean529,1,0,0,0,0,0,0,0,0,0,0,0,0,0,[1]
AutumnWhj/ChatGPT-wechat-bot,laosuan,0,0,1,1,0,0,0,0,0,0,0,0,0,0,[2]
AutumnWhj/ChatGPT-wechat-bot,Shane022,1,0,0,0,0,0,0,0,0,0,0,0,0,0,[1]
AutumnWhj/ChatGPT-wechat-bot,mbskter,1,0,0,0,0,0,0,0,0,0,0,0,0,0,[1]
AutumnWhj/ChatGPT-wechat-bot,HandsomeWu6,0,0,1,0,0,0,0,0,0,0,0,0,0,0,[1]
AutumnWhj/ChatGPT-wechat-bot,lcnwys,1,0,0,0,0,0,0,0,0,0,0,0,0,0,[1]
AutumnWhj/ChatGPT-wechat-bot,chenyukang,1,0,0,0,0,0,0,0,0,0,0,0,0,0,[1]
AutumnWhj/ChatGPT-wechat-bot,xbsheng,0,1,0,0,0,0,0,0,0,0,0,0,0,0,[1]
AutumnWhj/ChatGPT-wechat-bot,seasnakes,1,0,0,0,0,0,0,0,0,0,0,0,0,0,[1]
AutumnWhj/ChatGPT-wechat-bot,maqun520,1,0,0,0,0,0,0,0,0,0,0,0,0,0,[1]
AutumnWhj/ChatGPT-wechat-bot,ypwhs,1,0,0,0,0,0,0,0,0,0,0,0,0,0,[1]
AutumnWhj/ChatGPT-wechat-bot,IronnMan,1,0,0,0,0,0,0,0,0,0,0,0,0,0,[1]
AutumnWhj/ChatGPT-wechat-bot,liuchang8877,1,0,0,0,0,0,0,0,0,0,0,0,0,0,[1]
AutumnWhj/ChatGPT-wechat-bot,txxlive,0,0,0,1,0,0,0,0,0,0,0,0,0,0,[1]
AutumnWhj/ChatGPT-wechat-bot,DeppWang,1,0,0,0,0,0,0,0,0,0,0,0,0,0,[1]
AutumnWhj/ChatGPT-wechat-bot,happyVee,1,1,0,0,0,0,0,0,0,0,0,0,0,0,[2]
AutumnWhj/ChatGPT-wechat-bot,yarkable,1,0,0,0,0,0,0,0,0,0,0,0,0,0,[1]
AutumnWhj/ChatGPT-wechat-bot,yqt,1,0,0,0,0,0,0,0,0,0,0,0,0,0,[1]
AutumnWhj/ChatGPT-wechat-bot,askerlee,1,0,6,0,0,0,0,0,0,0,0,0,0,0,[7]
AutumnWhj/ChatGPT-wechat-bot,little-2pig,1,0,0,1,0,0,0,0,0,0,0,0,0,0,[2]
AutumnWhj/ChatGPT-wechat-bot,elliotgao,1,0,0,0,0,0,0,0,0,0,0,0,0,0,[1]
AutumnWhj/ChatGPT-wechat-bot,shkey,1,0,0,0,0,0,0,0,0,0,0,0,0,0,[1]
AutumnWhj/ChatGPT-wechat-bot,linj121,1,0,0,0,0,0,0,0,0,0,0,0,0,0,[1]
AutumnWhj/ChatGPT-wechat-bot,zops,0,1,0,0,0,0,0,0,0,0,0,0,0,0,[1]
AutumnWhj/ChatGPT-wechat-bot,Thomas-Robert,1,0,0,0,0,0,0,0,0,0,0,0,0,0,[1]
AutumnWhj/ChatGPT-wechat-bot,Mr-xiaobing,1,0,0,0,0,0,0,0,0,0,0,0,0,0,[1]
AutumnWhj/ChatGPT-wechat-bot,28Ln,1,0,0,0,0,0,0,0,0,0,0,0,0,0,[1]
AutumnWhj/ChatGPT-wechat-bot,EsqerYasen,1,1,0,0,0,0,0,0,0,0,0,0,0,0,[2]
AutumnWhj/ChatGPT-wechat-bot,Bio-Gas,1,0,0,0,0,0,0,0,0,0,0,0,0,0,[1]
AutumnWhj/ChatGPT-wechat-bot,xtrigold,1,0,0,0,0,0,0,0,0,0,0,0,0,0,[1]
AutumnWhj/ChatGPT-wechat-bot,zade23,1,0,0,0,0,0,0,0,0,0,0,0,0,0,[1]
AutumnWhj/ChatGPT-wechat-bot,NazariteRay,0,0,1,1,0,0,0,0,0,0,0,0,0,0,[2]
AutumnWhj/ChatGPT-wechat-bot,saber8225,1,0,0,0,0,0,0,0,0,0,0,0,0,0,[1]
AutumnWhj/ChatGPT-wechat-bot,zenglib,1,0,0,0,0,0,0,0,0,0,0,0,0,0,[1]
AutumnWhj/ChatGPT-wechat-bot,zzhsec,1,0,0,0,0,0,0,0,0,0,0,0,0,0,[1]
AutumnWhj/ChatGPT-wechat-bot,pwnhxl,1,0,0,0,0,0,0,0,0,0,0,0,0,0,[1]
AutumnWhj/ChatGPT-wechat-bot,h7ml,1,0,1,0,0,0,0,0,0,0,0,0,0,0,[2]
AutumnWhj/ChatGPT-wechat-bot,zhzyker,1,0,0,0,0,0,0,0,0,0,0,0,0,0,[1]
AutumnWhj/ChatGPT-wechat-bot,ttstormxx,1,0,0,0,0,0,0,0,0,0,0,0,0,0,[1]
AutumnWhj/ChatGPT-wechat-bot,dext7r,0,1,0,0,0,0,0,0,0,0,0,0,0,0,[1]
AutumnWhj/ChatGPT-wechat-bot,Li-Zeyu-97,2,0,0,0,0,0,0,0,0,0,0,0,0,0,[2]
AutumnWhj/ChatGPT-wechat-bot,muzha1221,1,1,0,0,0,0,0,0,0,0,0,0,0,0,[2]
AutumnWhj/ChatGPT-wechat-bot,taotao9125,1,0,0,0,0,0,0,0,0,0,0,0,0,0,[1]
AutumnWhj/ChatGPT-wechat-bot,JoHa886,1,0,0,0,0,0,0,0,0,0,0,0,0,0,[1]
AutumnWhj/ChatGPT-wechat-bot,dainunu,1,0,0,0,0,0,0,0,0,0,0,0,0,0,[1]
AutumnWhj/ChatGPT-wechat-bot,lzm0x219,1,0,0,0,0,0,0,0,0,0,0,0,0,0,[1]
AutumnWhj/ChatGPT-wechat-bot,pookiefoof,1,0,0,0,0,0,0,0,0,0,0,0,0,0,[1]
AutumnWhj/ChatGPT-wechat-bot,Inx6,1,0,0,0,0,0,0,0,0,0,0,0,0,0,[1]
AutumnWhj/ChatGPT-wechat-bot,coolzilj,1,0,0,0,0,0,0,0,0,0,0,0,0,0,[1]
AutumnWhj/ChatGPT-wechat-bot,pbsmart,1,0,0,0,0,0,0,0,0,0,0,0,0,0,[1]
AutumnWhj/ChatGPT-wechat-bot,wuzhez,0,1,0,0,0,0,0,0,0,0,0,0,0,0,[1]
AutumnWhj/ChatGPT-wechat-bot,jackkingc,0,0,1,0,0,0,0,0,0,0,0,0,0,0,[1]
AutumnWhj/ChatGPT-wechat-bot,raythunder,1,0,0,0,0,0,0,0,0,0,0,0,0,0,[1]
AutumnWhj/ChatGPT-wechat-bot,getGitxxx,1,0,1,1,0,0,0,0,0,0,0,0,0,0,[3]
AutumnWhj/ChatGPT-wechat-bot,jadevaky,1,0,0,0,0,0,0,0,0,0,0,0,0,0,[1]
AutumnWhj/ChatGPT-wechat-bot,parcool,1,0,4,0,0,0,0,0,0,0,0,0,0,0,[5]
AutumnWhj/ChatGPT-wechat-bot,kkTea,1,0,0,0,0,0,0,0,0,0,0,0,0,0,[1]
AutumnWhj/ChatGPT-wechat-bot,AichaelLee,1,0,0,0,0,0,0,0,0,0,0,0,0,0,[1]
AutumnWhj/ChatGPT-wechat-bot,wgd753,1,0,0,0,0,0,0,0,0,0,0,0,0,0,[1]
AutumnWhj/ChatGPT-wechat-bot,yingluojiuchan,1,0,0,0,0,0,0,0,0,0,0,0,0,0,[1]
AutumnWhj/ChatGPT-wechat-bot,yunasama,1,0,0,0,0,0,0,0,0,0,0,0,0,0,[1]
AutumnWhj/ChatGPT-wechat-bot,bli22ard,1,0,0,0,0,0,0,0,0,0,0,0,0,0,[1]
AutumnWhj/ChatGPT-wechat-bot,Alkaid114514,1,0,0,0,0,0,0,0,0,0,0,0,0,0,[1]
AutumnWhj/ChatGPT-wechat-bot,bingfengyiren,1,0,0,0,0,0,0,0,0,0,0,0,0,0,[1]
AutumnWhj/ChatGPT-wechat-bot,thestar0,1,0,0,0,0,0,0,0,0,0,0,0,0,0,[1]
AutumnWhj/ChatGPT-wechat-bot,createjingxi,1,0,0,0,0,0,0,0,0,0,0,0,0,0,[1]
AutumnWhj/ChatGPT-wechat-bot,527826533,1,1,0,0,0,0,0,0,0,0,0,0,0,0,[2]
AutumnWhj/ChatGPT-wechat-bot,damao233,1,0,0,0,0,0,0,0,0,0,0,0,0,0,[1]
AutumnWhj/ChatGPT-wechat-bot,xicencun,1,0,0,0,0,0,0,0,0,0,0,0,0,0,[1]
AutumnWhj/ChatGPT-wechat-bot,king-jingxiang,1,1,0,0,0,0,0,0,0,0,0,0,0,0,[2]
AutumnWhj/ChatGPT-wechat-bot,ksharp8,1,0,0,0,0,0,0,0,0,0,0,0,0,0,[1]
AutumnWhj/ChatGPT-wechat-bot,Pilipupu,0,1,0,0,0,0,0,0,0,0,0,0,0,0,[1]
AutumnWhj/ChatGPT-wechat-bot,mingyueshenyuan,1,0,0,0,0,0,0,0,0,0,0,0,0,0,[1]
AutumnWhj/ChatGPT-wechat-bot,he1q,1,0,0,0,0,0,0,0,0,0,0,0,0,0,[1]
AutumnWhj/ChatGPT-wechat-bot,codexjzfz143,1,0,0,0,0,0,0,0,0,0,0,0,0,0,[1]
AutumnWhj/ChatGPT-wechat-bot,meway24,1,0,0,0,0,0,0,0,0,0,0,0,0,0,[1]
AutumnWhj/ChatGPT-wechat-bot,wakafengfan,1,0,0,0,0,0,0,0,0,0,0,0,0,0,[1]
AutumnWhj/ChatGPT-wechat-bot,menglol,1,0,0,0,0,0,0,0,0,0,0,0,0,0,[1]
AutumnWhj/ChatGPT-wechat-bot,baihuajun24,1,0,0,0,0,0,0,0,0,0,0,0,0,0,[1]
AutumnWhj/ChatGPT-wechat-bot,ivank-s,0,0,1,0,0,0,0,0,0,0,0,0,0,0,[1]
AutumnWhj/ChatGPT-wechat-bot,clutchJoe,1,0,0,0,0,0,0,0,0,0,0,0,0,0,[1]
AutumnWhj/ChatGPT-wechat-bot,rabchang,1,0,0,0,0,0,0,0,0,0,0,0,0,0,[1]
AutumnWhj/ChatGPT-wechat-bot,MK-320,2,0,0,0,0,0,0,0,0,0,0,0,0,0,[2]
AutumnWhj/ChatGPT-wechat-bot,abduahema,1,0,0,0,0,0,0,0,0,0,0,0,0,0,[1]
AutumnWhj/ChatGPT-wechat-bot,FreeklyFTG,1,0,0,0,0,0,0,0,0,0,0,0,0,0,[1]
AutumnWhj/ChatGPT-wechat-bot,inspire-boy,1,0,0,0,0,0,0,0,0,0,0,0,0,0,[1]
AutumnWhj/ChatGPT-wechat-bot,remember-5,1,0,0,0,0,0,0,0,0,0,0,0,0,0,[1]
AutumnWhj/ChatGPT-wechat-bot,SenkuXP,1,0,0,0,0,0,0,0,0,0,0,0,0,0,[1]
AutumnWhj/ChatGPT-wechat-bot,bilibiliou,1,0,0,0,0,0,0,0,0,0,0,0,0,0,[1]
AutumnWhj/ChatGPT-wechat-bot,northwaterzuma,1,0,0,0,0,0,0,0,0,0,0,0,0,0,[1]
AutumnWhj/ChatGPT-wechat-bot,yongtaof,1,0,0,0,0,0,0,0,0,0,0,0,0,0,[1]
AutumnWhj/ChatGPT-wechat-bot,jiobxn,1,0,0,0,0,0,0,0,0,0,0,0,0,0,[1]
AutumnWhj/ChatGPT-wechat-bot,cjumna,1,0,0,0,0,0,0,0,0,0,0,0,0,0,[1]
AutumnWhj/ChatGPT-wechat-bot,LuRcX,1,0,0,0,0,0,0,0,0,0,0,0,0,0,[1]
AutumnWhj/ChatGPT-wechat-bot,radonn24,1,0,0,0,0,0,0,0,0,0,0,0,0,0,[1]
AutumnWhj/ChatGPT-wechat-bot,Sun-GoKu,1,0,0,0,0,0,0,0,0,0,0,0,0,0,[1]
AutumnWhj/ChatGPT-wechat-bot,dohsimpson,1,0,0,0,0,0,0,0,0,0,0,0,0,0,[1]
AutumnWhj/ChatGPT-wechat-bot,whrenstone,1,0,0,0,0,0,0,0,0,0,0,0,0,0,[1]
AutumnWhj/ChatGPT-wechat-bot,Aaron-TangCode,1,0,0,0,0,0,0,0,0,0,0,0,0,0,[1]
AutumnWhj/ChatGPT-wechat-bot,mushan0x0,1,1,0,0,0,0,0,0,0,0,0,0,0,0,[2]
AutumnWhj/ChatGPT-wechat-bot,ZouYouShun,1,0,0,0,0,0,0,0,0,0,0,0,0,0,[1]
AutumnWhj/ChatGPT-wechat-bot,wccccp,1,0,0,0,0,0,0,0,0,0,0,0,0,0,[1]
AutumnWhj/ChatGPT-wechat-bot,fj3224013877,0,0,1,0,0,0,0,0,0,0,0,0,0,0,[1]
AutumnWhj/ChatGPT-wechat-bot,hyperyoin,1,0,0,0,0,0,0,0,0,0,0,0,0,0,[1]
AutumnWhj/ChatGPT-wechat-bot,ekaone,1,0,0,0,0,0,0,0,0,0,0,0,0,0,[1]
AutumnWhj/ChatGPT-wechat-bot,Elizabeth45678,1,0,0,0,0,0,0,0,0,0,0,0,0,0,[1]
AutumnWhj/ChatGPT-wechat-bot,onedx1943,1,0,0,0,0,0,0,0,0,0,0,0,0,0,[1]
AutumnWhj/ChatGPT-wechat-bot,luxiaosen8,1,0,0,0,0,0,0,0,0,0,0,0,0,0,[1]
AutumnWhj/ChatGPT-wechat-bot,Nathaniel2030,1,0,0,0,0,0,0,0,0,0,0,0,0,0,[1]
AutumnWhj/ChatGPT-wechat-bot,CoryfromCordesville,1,0,0,0,0,0,0,0,0,0,0,0,0,0,[1]
AutumnWhj/ChatGPT-wechat-bot,Aramis99,1,0,0,0,0,0,0,0,0,0,0,0,0,0,[1]
AutumnWhj/ChatGPT-wechat-bot,songkai2012,1,0,0,0,0,0,0,0,0,0,0,0,0,0,[1]
AutumnWhj/ChatGPT-wechat-bot,xingye1999,1,0,0,0,0,0,0,0,0,0,0,0,0,0,[1]
AutumnWhj/ChatGPT-wechat-bot,miloce,0,0,3,4,0,0,0,0,0,0,0,0,0,0,[7]
AutumnWhj/ChatGPT-wechat-bot,lwdgit,1,0,0,0,0,0,0,0,0,0,0,0,0,0,[1]
AutumnWhj/ChatGPT-wechat-bot,liufangpu,1,0,0,0,0,0,0,0,0,0,0,0,0,0,[1]
AutumnWhj/ChatGPT-wechat-bot,lequocvuong,1,0,0,0,0,0,0,0,0,0,0,0,0,0,[1]
AutumnWhj/ChatGPT-wechat-bot,henryclw,1,0,0,0,0,0,0,0,0,0,0,0,0,0,[1]
AutumnWhj/ChatGPT-wechat-bot,Jalalidin,1,0,0,0,0,0,0,0,0,0,0,0,0,0,[1]
AutumnWhj/ChatGPT-wechat-bot,RTEnzyme,1,0,0,0,0,0,0,0,0,0,0,0,0,0,[1]
AutumnWhj/ChatGPT-wechat-bot,haofanwang,1,0,0,0,0,0,0,0,0,0,0,0,0,0,[1]
AutumnWhj/ChatGPT-wechat-bot,buqian123,1,1,0,0,0,0,0,0,0,0,0,0,0,0,[2]
AutumnWhj/ChatGPT-wechat-bot,damos2020,1,0,0,0,0,0,0,0,0,0,0,0,0,0,[1]
AutumnWhj/ChatGPT-wechat-bot,JeremyMMA0444,1,0,0,0,0,0,0,0,0,0,0,0,0,0,[1]
AutumnWhj/ChatGPT-wechat-bot,terobox,1,0,0,0,0,0,0,0,0,0,0,0,0,0,[1]
AutumnWhj/ChatGPT-wechat-bot,4cecoder,1,0,0,0,0,0,0,0,0,0,0,0,0,0,[1]
AutumnWhj/ChatGPT-wechat-bot,yorzi,1,0,0,0,0,0,0,0,0,0,0,0,0,0,[1]
AutumnWhj/ChatGPT-wechat-bot,Jason-Qiu,1,0,0,0,0,0,0,0,0,0,0,0,0,0,[1]
AutumnWhj/ChatGPT-wechat-bot,phpoh,0,1,4,3,0,0,0,0,0,0,0,0,0,0,[8]
AutumnWhj/ChatGPT-wechat-bot,tree21540,0,1,0,0,0,0,0,0,0,0,0,0,0,0,[1]
AutumnWhj/ChatGPT-wechat-bot,Underson888,1,0,0,0,0,0,0,0,0,0,0,0,0,0,[1]
AutumnWhj/ChatGPT-wechat-bot,acheong08,1,0,1,0,0,0,0,0,0,0,0,0,0,0,[2]
AutumnWhj/ChatGPT-wechat-bot,voyager-42,1,0,0,0,0,0,0,0,0,0,0,0,0,0,[1]
AutumnWhj/ChatGPT-wechat-bot,LFMJUN,1,0,3,2,0,0,0,0,0,0,0,0,0,0,[6]
AutumnWhj/ChatGPT-wechat-bot,Polarforest,1,0,0,0,0,0,0,0,0,0,0,0,0,0,[1]
AutumnWhj/ChatGPT-wechat-bot,peterhiking,0,0,1,1,0,0,0,0,0,0,0,0,0,0,[2]
AutumnWhj/ChatGPT-wechat-bot,mishi5250,1,0,0,0,0,0,0,0,0,0,0,0,0,0,[1]
AutumnWhj/ChatGPT-wechat-bot,Thinker152,1,1,0,0,0,0,0,0,0,0,0,0,0,0,[2]
AutumnWhj/ChatGPT-wechat-bot,sanmingting,0,1,0,0,0,0,0,0,0,0,0,0,0,0,[1]
AutumnWhj/ChatGPT-wechat-bot,FoursLemon,1,0,0,0,0,0,0,0,0,0,0,0,0,0,[1]
AutumnWhj/ChatGPT-wechat-bot,NealXavier,1,0,0,0,0,0,0,0,0,0,0,0,0,0,[1]
AutumnWhj/ChatGPT-wechat-bot,jiawood,0,1,0,0,0,1,0,0,0,0,0,0,0,0,[2]
AutumnWhj/ChatGPT-wechat-bot,fly51fly,1,0,0,0,0,0,0,0,0,0,0,0,0,0,[1]
AutumnWhj/ChatGPT-wechat-bot,sceliay,1,0,0,0,0,0,0,0,0,0,0,0,0,0,[1]
AutumnWhj/ChatGPT-wechat-bot,AnjouZheng,1,0,0,1,0,0,0,0,0,0,0,0,0,0,[2]
AutumnWhj/ChatGPT-wechat-bot,qingshen-boy,1,0,0,0,0,0,0,0,0,0,0,0,0,0,[1]
AutumnWhj/ChatGPT-wechat-bot,wuxingshenghua,1,0,0,0,0,0,0,0,0,0,0,0,0,0,[1]
AutumnWhj/ChatGPT-wechat-bot,zpzpzp1024,0,1,0,0,0,0,0,0,0,0,0,0,0,0,[1]
AutumnWhj/ChatGPT-wechat-bot,loveJasmine,1,0,0,0,0,0,0,0,0,0,0,0,0,0,[1]
AutumnWhj/ChatGPT-wechat-bot,mouyong,1,0,0,0,0,0,0,0,0,0,0,0,0,0,[1]
AutumnWhj/ChatGPT-wechat-bot,xuxunopig,0,0,1,1,0,0,0,0,0,0,0,0,0,0,[2]
AutumnWhj/ChatGPT-wechat-bot,mytangyh,1,0,0,0,0,0,0,0,0,0,0,0,0,0,[1]
AutumnWhj/ChatGPT-wechat-bot,wrhsd1,1,0,0,0,0,0,0,0,0,0,0,0,0,0,[1]
AutumnWhj/ChatGPT-wechat-bot,litiewang,1,0,0,0,0,0,0,0,0,0,0,0,0,0,[1]
AutumnWhj/ChatGPT-wechat-bot,atrl,1,0,0,0,0,0,0,0,0,0,0,0,0,0,[1]
AutumnWhj/ChatGPT-wechat-bot,tuzh6,1,0,0,0,0,0,0,0,0,0,0,0,0,0,[1]
AutumnWhj/ChatGPT-wechat-bot,zujia,1,0,0,0,0,0,0,0,0,0,0,0,0,0,[1]
AutumnWhj/ChatGPT-wechat-bot,louwenwu,0,1,0,0,0,0,0,0,0,0,0,0,0,0,[1]
AutumnWhj/ChatGPT-wechat-bot,tugodxx,1,0,0,0,0,0,0,0,0,0,0,0,0,0,[1]
AutumnWhj/ChatGPT-wechat-bot,M0cK1nG-b1Rd,1,0,0,0,0,0,0,0,0,0,0,0,0,0,[1]
AutumnWhj/ChatGPT-wechat-bot,aikun,1,0,0,0,0,0,0,0,0,0,0,0,0,0,[1]
AutumnWhj/ChatGPT-wechat-bot,JAXHA,1,0,0,0,0,0,0,0,0,0,0,0,0,0,[1]
AutumnWhj/ChatGPT-wechat-bot,hczs,1,0,0,0,0,0,0,0,0,0,0,0,0,0,[1]
AutumnWhj/ChatGPT-wechat-bot,taacc,0,0,2,0,0,0,0,0,0,0,0,0,0,0,[2]
AutumnWhj/ChatGPT-wechat-bot,Kayce001,1,0,0,0,0,0,0,0,0,0,0,0,0,0,[1]
AutumnWhj/ChatGPT-wechat-bot,francis8991,0,1,0,0,0,0,0,0,0,0,0,0,0,0,[1]
AutumnWhj/ChatGPT-wechat-bot,83521166,1,0,0,0,0,0,0,0,0,0,0,0,0,0,[1]
AutumnWhj/ChatGPT-wechat-bot,l269438,1,0,0,0,0,0,0,0,0,0,0,0,0,0,[1]
AutumnWhj/ChatGPT-wechat-bot,Eunit99,1,0,0,0,0,0,0,0,0,0,0,0,0,0,[1]
AutumnWhj/ChatGPT-wechat-bot,guoyiwen,1,0,0,0,0,0,0,0,0,0,0,0,0,0,[1]
AutumnWhj/ChatGPT-wechat-bot,yinlubin1989,1,0,0,0,0,0,0,0,0,0,0,0,0,0,[1]
AutumnWhj/ChatGPT-wechat-bot,xiaonan-37021,1,0,0,0,0,0,0,0,0,0,0,0,0,0,[1]
AutumnWhj/ChatGPT-wechat-bot,xhmily,0,1,0,0,0,0,0,0,0,0,0,0,0,0,[1]
AutumnWhj/ChatGPT-wechat-bot,debug211,1,0,0,0,0,0,0,0,0,0,0,0,0,0,[1]
AutumnWhj/ChatGPT-wechat-bot,Nidy,1,0,0,0,0,0,0,0,0,0,0,0,0,0,[1]
AutumnWhj/ChatGPT-wechat-bot,xingZ-W,1,0,0,0,0,0,0,0,0,0,0,0,0,0,[1]
AutumnWhj/ChatGPT-wechat-bot,hclj37,1,0,0,0,0,0,0,0,0,0,0,0,0,0,[1]
AutumnWhj/ChatGPT-wechat-bot,lululuqtmc3,1,0,0,0,0,0,0,0,0,0,0,0,0,0,[1]
AutumnWhj/ChatGPT-wechat-bot,isayden,1,0,0,0,0,0,0,0,0,0,0,0,0,0,[1]
AutumnWhj/ChatGPT-wechat-bot,ml112265,1,0,0,0,0,0,0,0,0,0,0,0,0,0,[1]
AutumnWhj/ChatGPT-wechat-bot,9amcoder,1,0,0,0,0,0,0,0,0,0,0,0,0,0,[1]
AutumnWhj/ChatGPT-wechat-bot,ccccccmd,1,0,0,0,0,0,0,0,0,0,0,0,0,0,[1]
AutumnWhj/ChatGPT-wechat-bot,frontYang,1,0,0,0,0,0,0,0,0,0,0,0,0,0,[1]
AutumnWhj/ChatGPT-wechat-bot,johanazhu,1,0,3,0,0,0,0,0,0,0,0,0,0,0,[4]
AutumnWhj/ChatGPT-wechat-bot,nrbackback,1,0,0,0,0,0,0,0,0,0,0,0,0,0,[1]
AutumnWhj/ChatGPT-wechat-bot,tangjun1990,1,0,0,0,0,0,0,0,0,0,0,0,0,0,[1]
AutumnWhj/ChatGPT-wechat-bot,CodingOX,1,0,0,0,0,0,0,0,0,0,0,0,0,0,[1]
AutumnWhj/ChatGPT-wechat-bot,nanbingxyz,1,0,0,0,0,0,0,0,0,0,0,0,0,0,[1]
AutumnWhj/ChatGPT-wechat-bot,todd-tao,1,0,0,0,0,0,0,0,0,0,0,0,0,0,[1]
AutumnWhj/ChatGPT-wechat-bot,fqcto,2,1,0,0,0,0,0,0,0,0,0,0,0,0,[3]
AutumnWhj/ChatGPT-wechat-bot,lann2k,1,0,0,0,0,0,0,0,0,0,0,0,0,0,[1]
AutumnWhj/ChatGPT-wechat-bot,MFrank2016,0,1,0,0,0,0,0,0,0,0,0,0,0,0,[1]
AutumnWhj/ChatGPT-wechat-bot,sunuser,1,0,0,0,0,0,0,0,0,0,0,0,0,0,[1]
AutumnWhj/ChatGPT-wechat-bot,RashadAlison,2,0,0,0,0,0,0,0,0,0,0,0,0,0,[2]
AutumnWhj/ChatGPT-wechat-bot,zz0001,0,0,0,1,0,0,0,0,0,0,0,0,0,0,[1]
AutumnWhj/ChatGPT-wechat-bot,kewab,1,0,0,0,0,0,0,0,0,0,0,0,0,0,[1]
AutumnWhj/ChatGPT-wechat-bot,BlackHacked,1,0,0,0,0,0,0,0,0,0,0,0,0,0,[1]
AutumnWhj/ChatGPT-wechat-bot,minixalpha,1,0,0,0,0,0,0,0,0,0,0,0,0,0,[1]
AutumnWhj/ChatGPT-wechat-bot,MProfessor,1,0,0,0,0,0,0,0,0,0,0,0,0,0,[1]
AutumnWhj/ChatGPT-wechat-bot,xiexingen,1,0,0,0,0,0,0,0,0,0,0,0,0,0,[1]
AutumnWhj/ChatGPT-wechat-bot,Qiamast,1,0,0,0,0,0,0,0,0,0,0,0,0,0,[1]
AutumnWhj/ChatGPT-wechat-bot,laotutou007,2,0,0,0,0,0,0,0,0,0,0,0,0,0,[2]
AutumnWhj/ChatGPT-wechat-bot,louxuan,1,0,0,0,0,0,0,0,0,0,0,0,0,0,[1]
AutumnWhj/ChatGPT-wechat-bot,Disappearsky,1,0,0,0,0,0,0,0,0,0,0,0,0,0,[1]
AutumnWhj/ChatGPT-wechat-bot,xfaifai,1,0,0,0,0,0,0,0,0,0,0,0,0,0,[1]
AutumnWhj/ChatGPT-wechat-bot,lythu95,1,0,0,0,0,0,0,0,0,0,0,0,0,0,[1]
AutumnWhj/ChatGPT-wechat-bot,biguranus,0,1,0,0,0,0,0,0,0,0,0,0,0,0,[1]
AutumnWhj/ChatGPT-wechat-bot,muyan6,1,0,0,0,0,0,0,0,0,0,0,0,0,0,[1]
AutumnWhj/ChatGPT-wechat-bot,bonashen,0,1,0,0,0,0,0,0,0,0,0,0,0,0,[1]
AutumnWhj/ChatGPT-wechat-bot,lol2025,1,0,0,0,0,0,0,0,0,0,0,0,0,0,[1]
AutumnWhj/ChatGPT-wechat-bot,SnapdragonLee,2,1,8,0,0,3,0,0,0,0,0,0,0,0,[14]
AutumnWhj/ChatGPT-wechat-bot,ffrmns,1,0,0,0,0,0,0,0,0,0,0,0,0,0,[1]
AutumnWhj/ChatGPT-wechat-bot,RockySteveJobs,1,0,0,0,0,0,0,0,0,0,0,0,0,0,[1]
AutumnWhj/ChatGPT-wechat-bot,shanjiecai,1,0,0,0,0,0,0,0,0,0,0,0,0,0,[1]
AutumnWhj/ChatGPT-wechat-bot,SashenJayathilaka,1,0,0,0,0,0,0,0,0,0,0,0,0,0,[1]
AutumnWhj/ChatGPT-wechat-bot,i0Ek3,1,0,0,0,0,0,0,0,0,0,0,0,0,0,[1]
AutumnWhj/ChatGPT-wechat-bot,aeilot,1,0,0,0,0,0,0,0,0,0,0,0,0,0,[1]
AutumnWhj/ChatGPT-wechat-bot,a9,1,0,0,0,0,0,0,0,0,0,0,0,0,0,[1]
AutumnWhj/ChatGPT-wechat-bot,xxxlanjifei1,1,0,0,0,0,0,0,0,0,0,0,0,0,0,[1]
AutumnWhj/ChatGPT-wechat-bot,PlanetApostle,1,0,0,0,0,0,0,0,0,0,0,0,0,0,[1]
AutumnWhj/ChatGPT-wechat-bot,MrRobotL,3,0,0,0,0,0,0,0,0,0,0,0,0,0,[3]
AutumnWhj/ChatGPT-wechat-bot,HD-lh,1,0,0,0,0,0,0,0,0,0,0,0,0,0,[1]
AutumnWhj/ChatGPT-wechat-bot,MaOreoreorui,1,0,1,0,0,0,0,0,0,0,0,0,0,0,[2]
AutumnWhj/ChatGPT-wechat-bot,maiqingqiang,1,0,0,0,0,0,0,0,0,0,0,0,0,0,[1]
AutumnWhj/ChatGPT-wechat-bot,lwqalltoowell,1,0,0,0,0,0,0,0,0,0,0,0,0,0,[1]
AutumnWhj/ChatGPT-wechat-bot,ayunyi,1,0,0,0,0,0,0,0,0,0,0,0,0,0,[1]
AutumnWhj/ChatGPT-wechat-bot,onenov,1,0,0,0,0,0,0,0,0,0,0,0,0,0,[1]
AutumnWhj/ChatGPT-wechat-bot,xtxgame,1,0,0,0,0,0,0,0,0,0,0,0,0,0,[1]
AutumnWhj/ChatGPT-wechat-bot,alexsastrowij11,1,0,0,0,0,0,0,0,0,0,0,0,0,0,[1]
AutumnWhj/ChatGPT-wechat-bot,JaneConan,1,0,0,3,0,0,0,0,0,0,0,0,0,0,[4]
AutumnWhj/ChatGPT-wechat-bot,redhatcp,0,1,0,0,0,0,0,0,0,0,0,0,0,0,[1]
AutumnWhj/ChatGPT-wechat-bot,ericcartmanfatass,1,0,0,0,0,0,0,0,0,0,0,0,0,0,[1]
AutumnWhj/ChatGPT-wechat-bot,Nolimy,1,0,0,0,0,0,0,0,0,0,0,0,0,0,[1]
AutumnWhj/ChatGPT-wechat-bot,anylee2021,0,1,0,0,0,0,0,0,0,0,0,0,0,0,[1]
AutumnWhj/ChatGPT-wechat-bot,Lonelyleavesi,1,0,0,0,0,0,0,0,0,0,0,0,0,0,[1]
AutumnWhj/ChatGPT-wechat-bot,zhaofuhao,0,0,0,1,0,0,0,0,0,0,0,0,0,0,[1]
AutumnWhj/ChatGPT-wechat-bot,BoranStudio,1,0,0,0,0,0,0,0,0,0,0,0,0,0,[1]
AutumnWhj/ChatGPT-wechat-bot,angel-star,1,0,0,0,0,0,0,0,0,0,0,0,0,0,[1]
AutumnWhj/ChatGPT-wechat-bot,HalfCoke,2,0,0,0,0,0,0,0,0,0,0,0,0,0,[2]
AutumnWhj/ChatGPT-wechat-bot,paything,1,0,0,0,0,0,0,0,0,0,0,0,0,0,[1]
AutumnWhj/ChatGPT-wechat-bot,hulovexu1314,1,0,0,0,0,0,0,0,0,0,0,0,0,0,[1]
AutumnWhj/ChatGPT-wechat-bot,HenryHengLUO,0,0,1,1,0,0,0,0,0,0,0,0,0,0,[2]
AutumnWhj/ChatGPT-wechat-bot,LK373391947,1,0,0,0,0,0,0,0,0,0,0,0,0,0,[1]
AutumnWhj/ChatGPT-wechat-bot,Quantatirsk,1,0,0,0,0,0,0,0,0,0,0,0,0,0,[1]
AutumnWhj/ChatGPT-wechat-bot,plamengj,1,0,0,0,0,0,0,0,0,0,0,0,0,0,[1]
AutumnWhj/ChatGPT-wechat-bot,ztjun66,1,0,0,0,0,0,0,0,0,0,0,0,0,0,[1]
AutumnWhj/ChatGPT-wechat-bot,baoping88,1,0,0,0,0,0,0,0,0,0,0,0,0,0,[1]
AutumnWhj/ChatGPT-wechat-bot,QiLetian,1,0,0,0,0,0,0,0,0,0,0,0,0,0,[1]
AutumnWhj/ChatGPT-wechat-bot,hisunwei,1,0,0,0,0,0,0,0,0,0,0,0,0,0,[1]
AutumnWhj/ChatGPT-wechat-bot,7y7y,1,0,0,0,0,0,0,0,0,0,0,0,0,0,[1]
AutumnWhj/ChatGPT-wechat-bot,areasonable,1,0,0,0,0,0,0,0,0,0,0,0,0,0,[1]
AutumnWhj/ChatGPT-wechat-bot,icecream100,1,0,0,0,0,0,0,0,0,0,0,0,0,0,[1]
AutumnWhj/ChatGPT-wechat-bot,dobbbb,0,1,0,0,0,0,0,0,0,0,0,0,0,0,[1]
AutumnWhj/ChatGPT-wechat-bot,xiwuqi,1,0,0,0,0,0,0,0,0,0,0,0,0,0,[1]
AutumnWhj/ChatGPT-wechat-bot,aylitat,1,0,0,0,0,0,0,0,0,0,0,0,0,0,[1]
AutumnWhj/ChatGPT-wechat-bot,sdu-lifei,1,0,0,0,0,0,0,0,0,0,0,0,0,0,[1]
AutumnWhj/ChatGPT-wechat-bot,shishixiu,1,0,0,0,0,0,0,0,0,0,0,0,0,0,[1]
AutumnWhj/ChatGPT-wechat-bot,insilen,1,0,0,0,0,0,0,0,0,0,0,0,0,0,[1]
AutumnWhj/ChatGPT-wechat-bot,Haoqi7,1,0,0,0,0,0,0,0,0,0,0,0,0,0,[1]
AutumnWhj/ChatGPT-wechat-bot,JuanKinobe,1,0,0,0,0,0,0,0,0,0,0,0,0,0,[1]
AutumnWhj/ChatGPT-wechat-bot,Marc-g-Z,1,0,0,0,0,0,0,0,0,0,0,0,0,0,[1]
AutumnWhj/ChatGPT-wechat-bot,Edwin-Xu,1,0,0,0,0,0,0,0,0,0,0,0,0,0,[1]
AutumnWhj/ChatGPT-wechat-bot,qiu-bot,1,0,0,0,0,0,0,0,0,0,0,0,0,0,[1]
AutumnWhj/ChatGPT-wechat-bot,xiaorui16888,1,0,0,0,0,0,0,0,0,0,0,0,0,0,[1]
AutumnWhj/ChatGPT-wechat-bot,HowlJo,1,0,0,0,0,0,0,0,0,0,0,0,0,0,[1]
AutumnWhj/ChatGPT-wechat-bot,stupidloud,1,0,0,0,0,0,0,0,0,0,0,0,0,0,[1]
AutumnWhj/ChatGPT-wechat-bot,w169q169,1,0,0,0,0,0,0,0,0,0,0,0,0,0,[1]
AutumnWhj/ChatGPT-wechat-bot,jerryliu2015,1,0,0,0,0,0,0,0,0,0,0,0,0,0,[1]
AutumnWhj/ChatGPT-wechat-bot,Skid000,1,0,0,0,0,0,0,0,0,0,0,0,0,0,[1]
AutumnWhj/ChatGPT-wechat-bot,javanlu123,1,0,0,0,0,0,0,0,0,0,0,0,0,0,[1]
AutumnWhj/ChatGPT-wechat-bot,nin-yu,1,0,0,0,0,0,0,0,0,0,0,0,0,0,[1]
AutumnWhj/ChatGPT-wechat-bot,AmberZDH,1,0,0,0,0,0,0,0,0,0,0,0,0,0,[1]
AutumnWhj/ChatGPT-wechat-bot,Sandalots,1,0,0,0,0,0,0,0,0,0,0,0,0,0,[1]
AutumnWhj/ChatGPT-wechat-bot,JJewell2k,1,0,0,0,0,0,0,0,0,0,0,0,0,0,[1]
AutumnWhj/ChatGPT-wechat-bot,Behnamkhani8,1,0,0,0,0,0,0,0,0,0,0,0,0,0,[1]
AutumnWhj/ChatGPT-wechat-bot,stilwel,1,0,0,0,0,0,0,0,0,0,0,0,0,0,[1]
AutumnWhj/ChatGPT-wechat-bot,hhy885,0,0,0,1,0,0,0,0,0,0,0,0,0,0,[1]
AutumnWhj/ChatGPT-wechat-bot,guygubaby,1,0,0,0,0,0,0,0,0,0,0,0,0,0,[1]
AutumnWhj/ChatGPT-wechat-bot,mrmarktyy,0,0,1,0,0,0,0,0,0,0,0,0,0,0,[1]
AutumnWhj/ChatGPT-wechat-bot,wujimmy,1,0,0,0,0,0,0,0,0,0,0,0,0,0,[1]
AutumnWhj/ChatGPT-wechat-bot,yubing744,0,1,0,0,0,0,0,0,0,0,0,0,0,0,[1]
AutumnWhj/ChatGPT-wechat-bot,841194253,1,1,0,0,0,0,0,0,0,0,0,0,0,0,[2]
AutumnWhj/ChatGPT-wechat-bot,getnet516,1,0,0,0,0,0,0,0,0,0,0,0,0,0,[1]
AutumnWhj/ChatGPT-wechat-bot,loa123,1,0,0,0,0,0,0,0,0,0,0,0,0,0,[1]
AutumnWhj/ChatGPT-wechat-bot,Zeronyang,1,0,0,0,0,0,0,0,0,0,0,0,0,0,[1]
AutumnWhj/ChatGPT-wechat-bot,15216422268,1,0,0,0,0,0,0,0,0,0,0,0,0,0,[1]
AutumnWhj/ChatGPT-wechat-bot,ZhouWHao,0,1,0,0,0,0,0,0,0,0,0,0,0,0,[1]
AutumnWhj/ChatGPT-wechat-bot,getTomato,1,0,0,0,0,0,0,0,0,0,0,0,0,0,[1]
AutumnWhj/ChatGPT-wechat-bot,interfacekun,0,1,0,0,0,0,0,0,0,0,0,0,0,0,[1]
AutumnWhj/ChatGPT-wechat-bot,winniesi,1,0,0,0,0,0,0,0,0,0,0,0,0,0,[1]
AutumnWhj/ChatGPT-wechat-bot,soyi,1,0,0,0,0,0,0,0,0,0,0,0,0,0,[1]
AutumnWhj/ChatGPT-wechat-bot,appfromape,1,0,0,0,0,0,0,0,0,0,0,0,0,0,[1]
AutumnWhj/ChatGPT-wechat-bot,WinniGarden,1,0,0,0,0,0,0,0,0,0,0,0,0,0,[1]
AutumnWhj/ChatGPT-wechat-bot,0stara,1,0,0,0,0,0,0,0,0,0,0,0,0,0,[1]
AutumnWhj/ChatGPT-wechat-bot,imK3,1,0,0,0,0,0,0,0,0,0,0,0,0,0,[1]
AutumnWhj/ChatGPT-wechat-bot,lslswin,0,1,0,0,0,0,0,0,0,0,0,0,0,0,[1]
AutumnWhj/ChatGPT-wechat-bot,yumu7777777,0,1,0,0,0,0,0,0,0,0,0,0,0,0,[1]
AutumnWhj/ChatGPT-wechat-bot,rpdg,1,1,0,0,0,0,0,0,0,0,0,0,0,0,[2]
AutumnWhj/ChatGPT-wechat-bot,12316joker,0,0,0,1,0,0,0,0,0,0,0,0,0,0,[1]
AutumnWhj/ChatGPT-wechat-bot,tink5613,1,0,0,0,0,0,0,0,0,0,0,0,0,0,[1]
AutumnWhj/ChatGPT-wechat-bot,huichen0000,1,0,0,0,0,0,0,0,0,0,0,0,0,0,[1]
AutumnWhj/ChatGPT-wechat-bot,FoolishMao,1,0,0,0,0,0,0,0,0,0,0,0,0,0,[1]
AutumnWhj/ChatGPT-wechat-bot,TenviLi,1,0,0,0,0,0,0,0,0,0,0,0,0,0,[1]
AutumnWhj/ChatGPT-wechat-bot,pccprint,1,0,0,0,0,0,0,0,0,0,0,0,0,0,[1]
AutumnWhj/ChatGPT-wechat-bot,hxldust,1,0,0,0,0,0,0,0,0,0,0,0,0,0,[1]
AutumnWhj/ChatGPT-wechat-bot,gaowenrong,1,0,0,0,0,0,0,0,0,0,0,0,0,0,[1]
AutumnWhj/ChatGPT-wechat-bot,2222RyanLee,0,1,0,0,0,0,0,0,0,0,0,0,0,0,[1]
AutumnWhj/ChatGPT-wechat-bot,zhangfaquan,0,1,0,0,0,0,0,0,0,0,0,0,0,0,[1]
AutumnWhj/ChatGPT-wechat-bot,Tomtao626,1,0,0,0,0,0,0,0,0,0,0,0,0,0,[1]
AutumnWhj/ChatGPT-wechat-bot,EnjoyWT,1,0,0,0,0,0,0,0,0,0,0,0,0,0,[1]
AutumnWhj/ChatGPT-wechat-bot,zzc8081,0,1,0,0,0,0,0,0,0,0,0,0,0,0,[1]
AutumnWhj/ChatGPT-wechat-bot,adcwa,1,0,0,0,0,0,0,0,0,0,0,0,0,0,[1]
AutumnWhj/ChatGPT-wechat-bot,vaemc,1,0,0,0,0,0,0,0,0,0,0,0,0,0,[1]
AutumnWhj/ChatGPT-wechat-bot,yangJieee,0,1,0,0,0,0,0,0,0,0,0,0,0,0,[1]
AutumnWhj/ChatGPT-wechat-bot,FahsaRwatit,1,0,0,0,0,0,0,0,0,0,0,0,0,0,[1]
AutumnWhj/ChatGPT-wechat-bot,imfifc,1,0,0,0,0,0,0,0,0,0,0,0,0,0,[1]
AutumnWhj/ChatGPT-wechat-bot,AI-Bod,1,0,0,0,0,0,0,0,0,0,0,0,0,0,[1]
AutumnWhj/ChatGPT-wechat-bot,fffsen,1,0,0,0,0,0,0,0,0,0,0,0,0,0,[1]
AutumnWhj/ChatGPT-wechat-bot,tyjoo,1,0,0,0,0,0,0,0,0,0,0,0,0,0,[1]
AutumnWhj/ChatGPT-wechat-bot,80imike,1,0,0,0,0,0,0,0,0,0,0,0,0,0,[1]
AutumnWhj/ChatGPT-wechat-bot,HikariXP,1,0,0,0,0,0,0,0,0,0,0,0,0,0,[1]
AutumnWhj/ChatGPT-wechat-bot,ikeukenhof,1,0,0,0,0,0,0,0,0,0,0,0,0,0,[1]
AutumnWhj/ChatGPT-wechat-bot,animebing,1,0,0,0,0,0,0,0,0,0,0,0,0,0,[1]
AutumnWhj/ChatGPT-wechat-bot,co-star,1,0,0,0,0,0,0,0,0,0,0,0,0,0,[1]
AutumnWhj/ChatGPT-wechat-bot,tianxiongwen1990,0,1,0,0,0,0,0,0,0,0,0,0,0,0,[1]
AutumnWhj/ChatGPT-wechat-bot,20080217,0,0,1,0,0,0,0,0,0,0,0,0,0,0,[1]
AutumnWhj/ChatGPT-wechat-bot,wonsage,1,0,0,0,0,0,0,0,0,0,0,0,0,0,[1]
AutumnWhj/ChatGPT-wechat-bot,crh19970307,1,0,0,0,0,0,0,0,0,0,0,0,0,0,[1]
AutumnWhj/ChatGPT-wechat-bot,ichengi,1,0,0,0,0,0,0,0,0,0,0,0,0,0,[1]
AutumnWhj/ChatGPT-wechat-bot,deadjoker,0,0,0,3,0,0,0,0,0,0,0,0,0,0,[3]
AutumnWhj/ChatGPT-wechat-bot,mofanx,1,0,0,0,0,0,0,0,0,0,0,0,0,0,[1]
AutumnWhj/ChatGPT-wechat-bot,Gao-zhigang,1,0,0,0,0,0,0,0,0,0,0,0,0,0,[1]
AutumnWhj/ChatGPT-wechat-bot,ALPHAlcl,1,0,0,0,0,0,0,0,0,0,0,0,0,0,[1]
AutumnWhj/ChatGPT-wechat-bot,Lcc1ccl,1,0,0,0,0,0,0,0,0,0,0,0,0,0,[1]
AutumnWhj/ChatGPT-wechat-bot,blacklotu4s,1,0,0,0,0,0,0,0,0,0,0,0,0,0,[1]
AutumnWhj/ChatGPT-wechat-bot,lanzewen,1,0,0,0,0,0,0,0,0,0,0,0,0,0,[1]
AutumnWhj/ChatGPT-wechat-bot,rerunbug,1,0,0,0,0,0,0,0,0,0,0,0,0,0,[1]
AutumnWhj/ChatGPT-wechat-bot,Routhleck,1,0,0,0,0,0,0,0,0,0,0,0,0,0,[1]
AutumnWhj/ChatGPT-wechat-bot,LeGouGou,1,0,0,0,0,0,0,0,0,0,0,0,0,0,[1]
AutumnWhj/ChatGPT-wechat-bot,bhzhu203,1,0,0,0,0,0,0,0,0,0,0,0,0,0,[1]
AutumnWhj/ChatGPT-wechat-bot,powerless520,1,0,0,0,0,0,0,0,0,0,0,0,0,0,[1]
AutumnWhj/ChatGPT-wechat-bot,goodluckily,1,0,0,0,0,0,0,0,0,0,0,0,0,0,[1]
AutumnWhj/ChatGPT-wechat-bot,jchby,1,0,0,0,0,0,0,0,0,0,0,0,0,0,[1]
AutumnWhj/ChatGPT-wechat-bot,BigBlockHead,0,1,0,0,0,0,0,0,0,0,0,0,0,0,[1]
AutumnWhj/ChatGPT-wechat-bot,hejinzhi,1,1,0,0,0,0,0,0,0,0,0,0,0,0,[2]
AutumnWhj/ChatGPT-wechat-bot,jingslunt,0,1,0,0,0,0,0,0,0,0,0,0,0,0,[1]
AutumnWhj/ChatGPT-wechat-bot,Caroline520f,1,0,0,0,0,0,0,0,0,0,0,0,0,0,[1]
AutumnWhj/ChatGPT-wechat-bot,ravirathore,1,0,0,0,0,0,0,0,0,0,0,0,0,0,[1]
AutumnWhj/ChatGPT-wechat-bot,LoRexxar,1,0,0,0,0,0,0,0,0,0,0,0,0,0,[1]
AutumnWhj/ChatGPT-wechat-bot,rcholic,1,0,0,0,0,0,0,0,0,0,0,0,0,0,[1]
AutumnWhj/ChatGPT-wechat-bot,flyfire,1,0,0,0,0,0,0,0,0,0,0,0,0,0,[1]
AutumnWhj/ChatGPT-wechat-bot,kinght200,1,0,0,0,0,0,0,0,0,0,0,0,0,0,[1]
AutumnWhj/ChatGPT-wechat-bot,calcitem,1,0,0,0,0,0,0,0,0,0,0,0,0,0,[1]
AutumnWhj/ChatGPT-wechat-bot,lrq1143008548,1,0,0,0,0,0,0,0,0,0,0,0,0,0,[1]
AutumnWhj/ChatGPT-wechat-bot,xaioxu666,0,1,0,0,0,0,0,0,0,0,0,0,0,0,[1]
AutumnWhj/ChatGPT-wechat-bot,MarkVillacampa,1,0,0,0,0,0,0,0,0,0,0,0,0,0,[1]
AutumnWhj/ChatGPT-wechat-bot,erhaa233,0,1,0,0,0,0,0,0,0,0,0,0,0,0,[1]
AutumnWhj/ChatGPT-wechat-bot,wangweiye01,1,0,0,0,0,0,0,0,0,0,0,0,0,0,[1]
AutumnWhj/ChatGPT-wechat-bot,TaoFengShred,0,1,0,0,0,0,0,0,0,0,0,0,0,0,[1]
AutumnWhj/ChatGPT-wechat-bot,localhostjason,0,1,0,0,0,0,0,0,0,0,0,0,0,0,[1]
AutumnWhj/ChatGPT-wechat-bot,xiaoyanit,1,0,0,0,0,0,0,0,0,0,0,0,0,0,[1]
AutumnWhj/ChatGPT-wechat-bot,SpongeBob-hmbb,1,0,0,0,0,0,0,0,0,0,0,0,0,0,[1]
AutumnWhj/ChatGPT-wechat-bot,sarra-f,1,0,0,0,0,0,0,0,0,0,0,0,0,0,[1]
AutumnWhj/ChatGPT-wechat-bot,ning2510,1,0,0,0,0,0,0,0,0,0,0,0,0,0,[1]
AutumnWhj/ChatGPT-wechat-bot,cuuemo,1,0,0,0,0,0,0,0,0,0,0,0,0,0,[1]
AutumnWhj/ChatGPT-wechat-bot,shadowgp,1,0,0,0,0,0,0,0,0,0,0,0,0,0,[1]
AutumnWhj/ChatGPT-wechat-bot,nekofar,1,0,0,0,0,0,0,0,0,0,0,0,0,0,[1]
AutumnWhj/ChatGPT-wechat-bot,JoeyXi,1,0,0,0,0,0,0,0,0,0,0,0,0,0,[1]
AutumnWhj/ChatGPT-wechat-bot,xiechengyong123,1,0,0,0,0,0,0,0,0,0,0,0,0,0,[1]
AutumnWhj/ChatGPT-wechat-bot,doanhnhq-uit,1,0,0,0,0,0,0,0,0,0,0,0,0,0,[1]
AutumnWhj/ChatGPT-wechat-bot,Duyalun,1,0,0,1,0,0,0,0,0,0,0,0,0,0,[2]
AutumnWhj/ChatGPT-wechat-bot,ashengjiang,0,1,1,0,0,0,0,0,0,0,0,0,0,0,[2]
AutumnWhj/ChatGPT-wechat-bot,Hunter-0x07,1,0,11,0,0,0,0,0,0,0,0,0,0,0,[12]
AutumnWhj/ChatGPT-wechat-bot,BiLboBaGGinss,1,0,0,0,0,0,0,0,0,0,0,0,0,0,[1]
AutumnWhj/ChatGPT-wechat-bot,404duan,1,0,0,0,0,0,0,0,0,0,0,0,0,0,[1]
AutumnWhj/ChatGPT-wechat-bot,zkzdll,0,0,10,1,0,0,0,0,0,0,0,0,0,0,[11]
AutumnWhj/ChatGPT-wechat-bot,jarlin8,1,1,0,0,0,0,0,0,0,0,0,0,0,0,[2]
AutumnWhj/ChatGPT-wechat-bot,xiawww,1,0,0,0,0,0,0,0,0,0,0,0,0,0,[1]
AutumnWhj/ChatGPT-wechat-bot,RedIsaDumbName,1,0,0,0,0,0,0,0,0,0,0,0,0,0,[1]
AutumnWhj/ChatGPT-wechat-bot,xcxyh,1,0,0,0,0,0,0,0,0,0,0,0,0,0,[1]
AutumnWhj/ChatGPT-wechat-bot,cousepig,1,0,0,0,0,0,0,0,0,0,0,0,0,0,[1]
AutumnWhj/ChatGPT-wechat-bot,isinry,1,0,0,0,0,0,0,0,0,0,0,0,0,0,[1]
AutumnWhj/ChatGPT-wechat-bot,bcdslg,1,0,1,0,0,0,0,0,0,0,0,0,0,0,[2]
AutumnWhj/ChatGPT-wechat-bot,seashell752,1,0,0,0,0,0,0,0,0,0,0,0,0,0,[1]
AutumnWhj/ChatGPT-wechat-bot,NagatoYuki0,1,1,0,0,0,0,0,0,0,0,0,0,0,0,[2]
AutumnWhj/ChatGPT-wechat-bot,HGHNice,1,0,0,0,0,0,0,0,0,0,0,0,0,0,[1]
AutumnWhj/ChatGPT-wechat-bot,lihuithe,1,0,0,0,0,0,0,0,0,0,0,0,0,0,[1]
AutumnWhj/ChatGPT-wechat-bot,fyhhub,0,0,0,2,0,0,0,0,0,0,0,0,0,0,[2]
AutumnWhj/ChatGPT-wechat-bot,lugging,0,1,0,0,0,0,0,0,0,0,0,0,0,0,[1]
AutumnWhj/ChatGPT-wechat-bot,GeekWorkCode,1,0,0,2,0,0,0,0,0,0,0,0,0,0,[3]
AutumnWhj/ChatGPT-wechat-bot,NJUPTGK,0,1,0,0,0,0,0,0,0,0,0,0,0,0,[1]
AutumnWhj/ChatGPT-wechat-bot,DarkTan,0,0,4,1,0,0,0,0,0,0,0,0,0,0,[5]
AutumnWhj/ChatGPT-wechat-bot,CaiYaSang,1,0,0,0,0,0,0,0,0,0,0,0,0,0,[1]
AutumnWhj/ChatGPT-wechat-bot,cpt-kenvie,0,0,0,1,0,0,0,0,0,0,0,0,0,0,[1]
AutumnWhj/ChatGPT-wechat-bot,Blue-Skie,1,0,0,0,0,0,0,0,0,0,0,0,0,0,[1]
AutumnWhj/ChatGPT-wechat-bot,winsphinx,1,0,0,0,0,0,0,0,0,0,0,0,0,0,[1]
AutumnWhj/ChatGPT-wechat-bot,624067008,0,0,5,1,0,0,0,0,0,0,0,0,0,0,[6]
AutumnWhj/ChatGPT-wechat-bot,simonzhangs,0,1,0,0,0,0,0,0,0,0,0,0,0,0,[1]
AutumnWhj/ChatGPT-wechat-bot,zy6zy,1,0,0,0,0,0,0,0,0,0,0,0,0,0,[1]
AutumnWhj/ChatGPT-wechat-bot,liuyijian,1,0,0,0,0,0,0,0,0,0,0,0,0,0,[1]
AutumnWhj/ChatGPT-wechat-bot,jchwl0527,1,0,0,0,0,0,0,0,0,0,0,0,0,0,[1]
AutumnWhj/ChatGPT-wechat-bot,Anonymous1231-dev,1,0,0,0,0,0,0,0,0,0,0,0,0,0,[1]
AutumnWhj/ChatGPT-wechat-bot,yanqinghao,1,0,0,0,0,0,0,0,0,0,0,0,0,0,[1]
AutumnWhj/ChatGPT-wechat-bot,96k,1,0,0,0,0,0,0,0,0,0,0,0,0,0,[1]
AutumnWhj/ChatGPT-wechat-bot,YexiongLin,1,0,0,0,0,0,0,0,0,0,0,0,0,0,[1]
AutumnWhj/ChatGPT-wechat-bot,wan766405890,1,0,0,0,0,0,0,0,0,0,0,0,0,0,[1]
AutumnWhj/ChatGPT-wechat-bot,Panda-995,1,0,0,0,0,0,0,0,0,0,0,0,0,0,[1]
AutumnWhj/ChatGPT-wechat-bot,ahmadfikrimasyhur,1,0,0,0,0,0,0,0,0,0,0,0,0,0,[1]
AutumnWhj/ChatGPT-wechat-bot,fakeYanss,1,0,0,0,0,0,0,0,0,0,0,0,0,0,[1]
AutumnWhj/ChatGPT-wechat-bot,eshoyuan,1,0,0,0,0,0,0,0,0,0,0,0,0,0,[1]
AutumnWhj/ChatGPT-wechat-bot,hjfmailbox,1,0,0,0,0,0,0,0,0,0,0,0,0,0,[1]
AutumnWhj/ChatGPT-wechat-bot,weizai025,0,1,0,0,0,0,0,0,0,0,0,0,0,0,[1]
AutumnWhj/ChatGPT-wechat-bot,cnhnen,1,0,0,0,0,0,0,0,0,0,0,0,0,0,[1]
AutumnWhj/ChatGPT-wechat-bot,cylee0909,1,0,0,0,0,0,0,0,0,0,0,0,0,0,[1]
AutumnWhj/ChatGPT-wechat-bot,wikiq,1,0,0,0,0,0,0,0,0,0,0,0,0,0,[1]
AutumnWhj/ChatGPT-wechat-bot,hfpp2012copy,1,0,0,0,0,0,0,0,0,0,0,0,0,0,[1]
AutumnWhj/ChatGPT-wechat-bot,HenryBeWell,1,0,0,0,0,0,0,0,0,0,0,0,0,0,[1]
AutumnWhj/ChatGPT-wechat-bot,huanzhijin,1,1,0,0,0,0,0,0,0,0,0,0,0,0,[2]
AutumnWhj/ChatGPT-wechat-bot,cracte,1,0,0,0,0,0,0,0,0,0,0,0,0,0,[1]
AutumnWhj/ChatGPT-wechat-bot,aplot249,0,1,0,0,0,0,0,0,0,0,0,0,0,0,[1]
AutumnWhj/ChatGPT-wechat-bot,misDazzling,1,0,0,0,0,0,0,0,0,0,0,0,0,0,[1]
AutumnWhj/ChatGPT-wechat-bot,batouy,1,0,0,0,0,0,0,0,0,0,0,0,0,0,[1]
AutumnWhj/ChatGPT-wechat-bot,herotopic,0,1,0,0,0,0,0,0,0,0,0,0,0,0,[1]
AutumnWhj/ChatGPT-wechat-bot,Monica-lee99,1,0,0,0,0,0,0,0,0,0,0,0,0,0,[1]
AutumnWhj/ChatGPT-wechat-bot,Z125895699,1,0,0,0,0,0,0,0,0,0,0,0,0,0,[1]
AutumnWhj/ChatGPT-wechat-bot,JIAMing12,0,0,8,4,0,0,0,0,0,0,0,0,0,0,[12]
AutumnWhj/ChatGPT-wechat-bot,makotov,1,0,0,0,0,0,0,0,0,0,0,0,0,0,[1]
AutumnWhj/ChatGPT-wechat-bot,mahmoudmx,1,0,0,0,0,0,0,0,0,0,0,0,0,0,[1]
AutumnWhj/ChatGPT-wechat-bot,yhf98,1,0,0,0,0,0,0,0,0,0,0,0,0,0,[1]
AutumnWhj/ChatGPT-wechat-bot,SaveWorld007,1,0,0,0,0,0,0,0,0,0,0,0,0,0,[1]
AutumnWhj/ChatGPT-wechat-bot,Sep29-L,1,0,0,0,0,0,0,0,0,0,0,0,0,0,[1]
AutumnWhj/ChatGPT-wechat-bot,xixicfight,0,0,3,1,0,0,0,0,0,0,0,0,0,0,[4]
AutumnWhj/ChatGPT-wechat-bot,HocRiser01,1,0,0,0,0,0,0,0,0,0,0,0,0,0,[1]
AutumnWhj/ChatGPT-wechat-bot,fjh658,1,0,0,0,0,0,0,0,0,0,0,0,0,0,[1]
AutumnWhj/ChatGPT-wechat-bot,yelanfengluo,0,0,1,1,0,0,0,0,0,0,0,0,0,0,[2]
AutumnWhj/ChatGPT-wechat-bot,SamuelChu8848,1,0,0,0,0,0,0,0,0,0,0,0,0,0,[1]
AutumnWhj/ChatGPT-wechat-bot,liujiepy,1,0,0,0,0,0,0,0,0,0,0,0,0,0,[1]
AutumnWhj/ChatGPT-wechat-bot,choetin,1,0,0,0,0,0,0,0,0,0,0,0,0,0,[1]
AutumnWhj/ChatGPT-wechat-bot,dragonying,0,1,0,0,0,0,0,0,0,0,0,0,0,0,[1]
AutumnWhj/ChatGPT-wechat-bot,wangtangning,1,0,0,0,0,0,0,0,0,0,0,0,0,0,[1]
AutumnWhj/ChatGPT-wechat-bot,troublesunyc,1,0,0,0,0,0,0,0,0,0,0,0,0,0,[1]
AutumnWhj/ChatGPT-wechat-bot,Brawns,0,0,7,1,0,0,0,0,0,0,0,0,0,0,[8]
AutumnWhj/ChatGPT-wechat-bot,AirSkye,1,0,1,1,0,0,0,0,0,0,0,0,0,0,[3]
AutumnWhj/ChatGPT-wechat-bot,EnochYe,1,0,0,0,0,0,0,0,0,0,0,0,0,0,[1]
AutumnWhj/ChatGPT-wechat-bot,theLSA,1,0,0,0,0,0,0,0,0,0,0,0,0,0,[1]
AutumnWhj/ChatGPT-wechat-bot,augiot,1,0,0,0,0,0,0,0,0,0,0,0,0,0,[1]
AutumnWhj/ChatGPT-wechat-bot,daydayoneday,0,0,2,1,0,0,0,0,0,0,0,0,0,0,[3]
AutumnWhj/ChatGPT-wechat-bot,NOOBJimmy,1,0,0,0,0,0,0,0,0,0,0,0,0,0,[1]
AutumnWhj/ChatGPT-wechat-bot,wfsuki,1,0,0,0,0,0,0,0,0,0,0,0,0,0,[1]
AutumnWhj/ChatGPT-wechat-bot,yangy666,1,0,0,0,0,0,0,0,0,0,0,0,0,0,[1]
AutumnWhj/ChatGPT-wechat-bot,David20080125,1,1,0,0,0,0,0,0,0,0,0,0,0,0,[2]
AutumnWhj/ChatGPT-wechat-bot,2211649442,1,0,0,0,0,0,0,0,0,0,0,0,0,0,[1]
AutumnWhj/ChatGPT-wechat-bot,DotNetAge,1,0,0,0,0,0,0,0,0,0,0,0,0,0,[1]
AutumnWhj/ChatGPT-wechat-bot,zhang180031,1,0,0,0,0,0,0,0,0,0,0,0,0,0,[1]
AutumnWhj/ChatGPT-wechat-bot,ytldsimage,1,1,0,0,0,0,0,0,0,0,0,0,0,0,[2]
AutumnWhj/ChatGPT-wechat-bot,spaidermanmfg,0,0,3,0,0,0,0,0,0,0,0,0,0,0,[3]
AutumnWhj/ChatGPT-wechat-bot,xuegao-tzx,1,0,0,0,0,0,0,0,0,0,0,0,0,0,[1]
AutumnWhj/ChatGPT-wechat-bot,yangmin4052,1,0,0,0,0,0,0,0,0,0,0,0,0,0,[1]
AutumnWhj/ChatGPT-wechat-bot,YEDEDD,0,0,4,1,0,0,0,0,0,0,0,0,0,0,[5]
AutumnWhj/ChatGPT-wechat-bot,lanzhiquan,1,0,0,0,0,0,0,0,0,0,0,0,0,0,[1]
AutumnWhj/ChatGPT-wechat-bot,dongyuan22,0,1,0,0,0,0,0,0,0,0,0,0,0,0,[1]
AutumnWhj/ChatGPT-wechat-bot,TelePuryang,1,0,0,0,0,0,0,0,0,0,0,0,0,0,[1]
AutumnWhj/ChatGPT-wechat-bot,wjim618,1,0,0,0,0,0,0,0,0,0,0,0,0,0,[1]
AutumnWhj/ChatGPT-wechat-bot,PoppingSnack,1,0,0,0,0,0,0,0,0,0,0,0,0,0,[1]
AutumnWhj/ChatGPT-wechat-bot,JohnHwangzn,1,0,0,0,0,0,0,0,0,0,0,0,0,0,[1]
AutumnWhj/ChatGPT-wechat-bot,princenworld,1,0,0,0,0,0,0,0,0,0,0,0,0,0,[1]
AutumnWhj/ChatGPT-wechat-bot,LaoCaigou,0,0,1,1,0,0,0,0,0,0,0,0,0,0,[2]
AutumnWhj/ChatGPT-wechat-bot,AutumnStack,1,0,0,0,0,0,0,0,0,0,0,0,0,0,[1]
AutumnWhj/ChatGPT-wechat-bot,yanCreate,0,1,0,0,0,0,0,0,0,0,0,0,0,0,[1]
AutumnWhj/ChatGPT-wechat-bot,QiliDai,1,0,0,0,0,0,0,0,0,0,0,0,0,0,[1]
AutumnWhj/ChatGPT-wechat-bot,Clearave,1,0,0,0,0,0,0,0,0,0,0,0,0,0,[1]
AutumnWhj/ChatGPT-wechat-bot,Pengchengistaken,0,1,1,0,0,0,0,0,0,0,0,0,0,0,[2]
AutumnWhj/ChatGPT-wechat-bot,CaicoLeung,1,0,0,0,0,0,0,0,0,0,0,0,0,0,[1]
AutumnWhj/ChatGPT-wechat-bot,qianps,1,0,0,0,0,0,0,0,0,0,0,0,0,0,[1]
AutumnWhj/ChatGPT-wechat-bot,Koredegee1,1,0,0,0,0,0,0,0,0,0,0,0,0,0,[1]
AutumnWhj/ChatGPT-wechat-bot,qxy5220,0,1,0,0,0,0,0,0,0,0,0,0,0,0,[1]
AutumnWhj/ChatGPT-wechat-bot,wuyeshen1998,0,1,0,0,0,0,0,0,0,0,0,0,0,0,[1]
AutumnWhj/ChatGPT-wechat-bot,yuyixing,1,0,0,0,0,0,0,0,0,0,0,0,0,0,[1]
AutumnWhj/ChatGPT-wechat-bot,jerryma0912,1,0,0,0,0,0,0,0,0,0,0,0,0,0,[1]
AutumnWhj/ChatGPT-wechat-bot,ZiruiOu,1,0,0,0,0,0,0,0,0,0,0,0,0,0,[1]
AutumnWhj/ChatGPT-wechat-bot,Los-had,1,0,0,0,0,0,0,0,0,0,0,0,0,0,[1]
AutumnWhj/ChatGPT-wechat-bot,ihaoxiansheng,1,0,0,0,0,0,0,0,0,0,0,0,0,0,[1]
AutumnWhj/ChatGPT-wechat-bot,Wildlamb517,1,0,0,0,0,0,0,0,0,0,0,0,0,0,[1]
AutumnWhj/ChatGPT-wechat-bot,sxhz826,1,0,0,0,0,0,0,0,0,0,0,0,0,0,[1]
AutumnWhj/ChatGPT-wechat-bot,MaXin-noob,0,0,1,2,0,0,0,0,0,0,0,0,0,0,[3]
AutumnWhj/ChatGPT-wechat-bot,junstudys,1,0,0,0,0,0,0,0,0,0,0,0,0,0,[1]
AutumnWhj/ChatGPT-wechat-bot,V-zhangyunxiang,1,0,0,0,0,0,0,0,0,0,0,0,0,0,[1]
AutumnWhj/ChatGPT-wechat-bot,yuezheng2006,1,0,0,0,0,0,0,0,0,0,0,0,0,0,[1]
AutumnWhj/ChatGPT-wechat-bot,Cophe,1,0,0,0,0,0,0,0,0,0,0,0,0,0,[1]
AutumnWhj/ChatGPT-wechat-bot,OrdinarySK,0,0,1,0,0,0,0,0,0,0,0,0,0,0,[1]
AutumnWhj/ChatGPT-wechat-bot,soap945,1,0,0,0,0,0,0,0,0,0,0,0,0,0,[1]
AutumnWhj/ChatGPT-wechat-bot,RealHanTing,1,0,0,0,0,0,0,0,0,0,0,0,0,0,[1]
AutumnWhj/ChatGPT-wechat-bot,erie2333,1,0,0,0,0,0,0,0,0,0,0,0,0,0,[1]
AutumnWhj/ChatGPT-wechat-bot,Alex-Shen1121,1,0,0,0,0,0,0,0,0,0,0,0,0,0,[1]
AutumnWhj/ChatGPT-wechat-bot,cyzhh,1,1,0,0,0,0,0,0,0,0,0,0,0,0,[2]
AutumnWhj/ChatGPT-wechat-bot,gwozai,1,0,0,0,0,0,0,0,0,0,0,0,0,0,[1]
AutumnWhj/ChatGPT-wechat-bot,HaroldMist,1,0,0,0,0,0,0,0,0,0,0,0,0,0,[1]
AutumnWhj/ChatGPT-wechat-bot,Nykolxo,1,0,0,0,0,0,0,0,0,0,0,0,0,0,[1]
AutumnWhj/ChatGPT-wechat-bot,ljdzxx,0,0,2,0,0,0,0,0,0,0,0,0,0,0,[2]
AutumnWhj/ChatGPT-wechat-bot,zh1018zzy,1,0,0,0,0,0,0,0,0,0,0,0,0,0,[1]
AutumnWhj/ChatGPT-wechat-bot,Sisyphean-a,0,0,2,0,0,0,0,0,0,0,0,0,0,0,[2]
AutumnWhj/ChatGPT-wechat-bot,inannan423,1,0,0,0,0,0,0,0,0,0,0,0,0,0,[1]
AutumnWhj/ChatGPT-wechat-bot,leonardjohn,1,0,0,0,0,0,0,0,0,0,0,0,0,0,[1]
AutumnWhj/ChatGPT-wechat-bot,anthonyy41,1,0,0,0,0,0,0,0,0,0,0,0,0,0,[1]
AutumnWhj/ChatGPT-wechat-bot,1051690662,1,0,0,0,0,0,0,0,0,0,0,0,0,0,[1]
AutumnWhj/ChatGPT-wechat-bot,neosarchizo,1,0,0,0,0,0,0,0,0,0,0,0,0,0,[1]
AutumnWhj/ChatGPT-wechat-bot,hublot12138,1,0,0,0,0,0,0,0,0,0,0,0,0,0,[1]
AutumnWhj/ChatGPT-wechat-bot,athebigbot,1,0,0,0,0,0,0,0,0,0,0,0,0,0,[1]
AutumnWhj/ChatGPT-wechat-bot,Shayibualibaba,1,0,0,0,0,0,0,0,0,0,0,0,0,0,[1]
AutumnWhj/ChatGPT-wechat-bot,SVPA-MaxWu,1,0,0,0,0,0,0,0,0,0,0,0,0,0,[1]
AutumnWhj/ChatGPT-wechat-bot,lucifer662607004,1,0,0,0,0,0,0,0,0,0,0,0,0,0,[1]
AutumnWhj/ChatGPT-wechat-bot,idootop,1,0,0,0,0,0,0,0,0,0,0,0,0,0,[1]
AutumnWhj/ChatGPT-wechat-bot,tvudev,1,0,0,0,0,0,0,0,0,0,0,0,0,0,[1]
AutumnWhj/ChatGPT-wechat-bot,Vensislin,1,0,0,0,0,0,0,0,0,0,0,0,0,0,[1]
AutumnWhj/ChatGPT-wechat-bot,radiorock,0,0,0,1,0,0,0,0,0,0,0,0,0,0,[1]
AutumnWhj/ChatGPT-wechat-bot,RongShu,0,0,0,1,0,0,0,0,0,0,0,0,0,0,[1]
AutumnWhj/ChatGPT-wechat-bot,lqxue,1,0,0,0,0,0,0,0,0,0,0,0,0,0,[1]
AutumnWhj/ChatGPT-wechat-bot,panshuaijun,1,0,0,0,0,0,0,0,0,0,0,0,0,0,[1]
AutumnWhj/ChatGPT-wechat-bot,cmatos23,1,0,0,0,0,0,0,0,0,0,0,0,0,0,[1]
AutumnWhj/ChatGPT-wechat-bot,people-art,0,1,0,0,0,0,0,0,0,0,0,0,0,0,[1]
AutumnWhj/ChatGPT-wechat-bot,acodervic,1,0,0,0,0,0,0,0,0,0,0,0,0,0,[1]
AutumnWhj/ChatGPT-wechat-bot,jamisun53,1,0,0,0,0,0,0,0,0,0,0,0,0,0,[1]
AutumnWhj/ChatGPT-wechat-bot,doraiba,1,0,0,0,0,0,0,0,0,0,0,0,0,0,[1]
AutumnWhj/ChatGPT-wechat-bot,Maaruman,1,0,0,0,0,0,0,0,0,0,0,0,0,0,[1]
AutumnWhj/ChatGPT-wechat-bot,real-jiakai,1,0,0,0,0,0,0,0,0,0,0,0,0,0,[1]
AutumnWhj/ChatGPT-wechat-bot,qinhua,1,0,0,0,0,0,0,0,0,0,0,0,0,0,[1]
AutumnWhj/ChatGPT-wechat-bot,JyCyunMe,0,1,0,0,0,0,0,0,0,0,0,0,0,0,[1]
AutumnWhj/ChatGPT-wechat-bot,growthstar,1,0,0,0,0,0,0,0,0,0,0,0,0,0,[1]
AutumnWhj/ChatGPT-wechat-bot,ZZZach353,1,0,0,0,0,0,0,0,0,0,0,0,0,0,[1]
AutumnWhj/ChatGPT-wechat-bot,ZEGEIZI,1,0,0,1,0,0,0,0,0,0,0,0,0,0,[2]
AutumnWhj/ChatGPT-wechat-bot,vcan,1,0,0,0,0,0,0,0,0,0,0,0,0,0,[1]
AutumnWhj/ChatGPT-wechat-bot,simpul,0,1,0,0,0,0,0,0,0,0,0,0,0,0,[1]
AutumnWhj/ChatGPT-wechat-bot,yangcancai,1,0,0,0,0,0,0,0,0,0,0,0,0,0,[1]
AutumnWhj/ChatGPT-wechat-bot,Felix-Koh,1,0,0,0,0,0,0,0,0,0,0,0,0,0,[1]
AutumnWhj/ChatGPT-wechat-bot,sudardydaddy,1,0,0,0,0,0,0,0,0,0,0,0,0,0,[1]
AutumnWhj/ChatGPT-wechat-bot,mangitleung,1,0,0,0,0,0,0,0,0,0,0,0,0,0,[1]
AutumnWhj/ChatGPT-wechat-bot,sbtoosb,1,0,0,0,0,0,0,0,0,0,0,0,0,0,[1]
AutumnWhj/ChatGPT-wechat-bot,zzxx-99,1,0,0,0,0,0,0,0,0,0,0,0,0,0,[1]
AutumnWhj/ChatGPT-wechat-bot,guestengineer,1,0,0,0,0,0,0,0,0,0,0,0,0,0,[1]
AutumnWhj/ChatGPT-wechat-bot,sangood,1,0,0,0,0,0,0,0,0,0,0,0,0,0,[1]
AutumnWhj/ChatGPT-wechat-bot,lcy930323,1,1,0,0,0,0,0,0,0,0,0,0,0,0,[2]
AutumnWhj/ChatGPT-wechat-bot,yuancetian,1,0,0,0,0,0,0,0,0,0,0,0,0,0,[1]
AutumnWhj/ChatGPT-wechat-bot,FORK-PLAN-TEAM,0,1,0,0,0,0,0,0,0,0,0,0,0,0,[1]
AutumnWhj/ChatGPT-wechat-bot,terranc,1,0,0,0,0,0,0,0,0,0,0,0,0,0,[1]
AutumnWhj/ChatGPT-wechat-bot,liuqiaomin,0,1,0,1,0,0,0,0,0,0,0,0,0,0,[2]
AutumnWhj/ChatGPT-wechat-bot,shiqkuangsan,1,0,0,0,0,0,0,0,0,0,0,0,0,0,[1]
AutumnWhj/ChatGPT-wechat-bot,yaman,1,0,0,0,0,0,0,0,0,0,0,0,0,0,[1]
AutumnWhj/ChatGPT-wechat-bot,wilsonstone,1,0,0,0,0,0,0,0,0,0,0,0,0,0,[1]
AutumnWhj/ChatGPT-wechat-bot,justintoblack,1,0,0,0,0,0,0,0,0,0,0,0,0,0,[1]
AutumnWhj/ChatGPT-wechat-bot,stargazypie,1,0,0,0,0,0,0,0,0,0,0,0,0,0,[1]
AutumnWhj/ChatGPT-wechat-bot,1988s,1,0,0,0,0,0,0,0,0,0,0,0,0,0,[1]
AutumnWhj/ChatGPT-wechat-bot,xuyang02965,1,0,0,0,0,0,0,0,0,0,0,0,0,0,[1]
AutumnWhj/ChatGPT-wechat-bot,yqwtf,1,0,0,0,0,0,0,0,0,0,0,0,0,0,[1]
AutumnWhj/ChatGPT-wechat-bot,xiong34664,1,0,0,0,0,0,0,0,0,0,0,0,0,0,[1]
AutumnWhj/ChatGPT-wechat-bot,auhkba,1,0,0,0,0,0,0,0,0,0,0,0,0,0,[1]
AutumnWhj/ChatGPT-wechat-bot,fml091,1,0,0,0,0,0,0,0,0,0,0,0,0,0,[1]
AutumnWhj/ChatGPT-wechat-bot,2746755041,0,1,0,0,0,0,0,0,0,0,0,0,0,0,[1]
AutumnWhj/ChatGPT-wechat-bot,wengyingjian,1,0,0,0,0,0,0,0,0,0,0,0,0,0,[1]
AutumnWhj/ChatGPT-wechat-bot,ZamXie,1,1,0,0,0,0,0,0,0,0,0,0,0,0,[2]
AutumnWhj/ChatGPT-wechat-bot,kun4399,1,0,0,0,0,0,0,0,0,0,0,0,0,0,[1]
AutumnWhj/ChatGPT-wechat-bot,magicknight,0,0,0,1,0,0,0,0,0,0,0,0,0,0,[1]
AutumnWhj/ChatGPT-wechat-bot,xxinxxx,1,0,0,0,0,0,0,0,0,0,0,0,0,0,[1]
AutumnWhj/ChatGPT-wechat-bot,LAkimoto,1,0,0,0,0,0,0,0,0,0,0,0,0,0,[1]
AutumnWhj/ChatGPT-wechat-bot,ghcyg,1,0,0,0,0,0,0,0,0,0,0,0,0,0,[1]
